start_utc,end_utc,duration_s,gap_from_previous_min,start_interval_min,left_censored,right_censored
2026-09-18T00:01:25.000Z,2026-09-18T00:02:15.000Z,50,NaN,NaN,0,0
2026-09-18T00:05:35.000Z,2026-09-18T00:07:15.000Z,100,3.33333333333333,4.16666666666667,0,0
2026-09-18T00:10:05.000Z,2026-09-18T00:10:45.000Z,40,2.83333333333333,4.5,0,0
2026-09-18T00:14:05.000Z,2026-09-18T00:15:55.000Z,110,3.33333333333333,4,0,0
2026-09-18T00:18:45.000Z,2026-09-18T00:19:05.000Z,20,2.83333333333333,4.66666666666667,0,0
2026-09-18T00:22:35.000Z,2026-09-18T00:24:25.000Z,110,3.5,3.83333333333333,0,0
2026-09-18T00:31:15.000Z,2026-09-18T00:32:55.000Z,100,6.83333333333333,8.66666666666667,0,0
2026-09-18T00:39:45.000Z,2026-09-18T00:41:35.000Z,110,6.83333333333333,8.5,0,0
2026-09-18T00:48:25.000Z,2026-09-18T00:49:55.000Z,90,6.83333333333333,8.66666666666667,0,0
2026-09-18T00:56:45.000Z,2026-09-18T00:58:25.000Z,100,6.83333333333333,8.33333333333333,0,0
2026-09-18T01:05:05.000Z,2026-09-18T01:06:45.000Z,100,6.66666666666667,8.33333333333333,0,0
2026-09-18T01:13:35.000Z,2026-09-18T01:15:15.000Z,100,6.83333333333333,8.5,0,0
2026-09-18T01:22:05.000Z,2026-09-18T01:23:45.000Z,100,6.83333333333333,8.5,0,0
2026-09-18T01:30:35.000Z,2026-09-18T01:32:25.000Z,110,6.83333333333333,8.5,0,0
2026-09-18T01:39:05.000Z,2026-09-18T01:40:55.000Z,110,6.66666666666667,8.5,0,0
2026-09-18T01:44:25.000Z,2026-09-18T01:44:55.000Z,30,3.5,5.33333333333333,0,0
2026-09-18T01:47:45.000Z,2026-09-18T01:49:25.000Z,100,2.83333333333333,3.33333333333333,0,0
2026-09-18T01:52:45.000Z,2026-09-18T01:53:35.000Z,50,3.33333333333333,5,0,0
2026-09-18T01:56:15.000Z,2026-09-18T01:57:55.000Z,100,2.66666666666667,3.5,0,0
2026-09-18T02:01:15.000Z,2026-09-18T02:02:15.000Z,60,3.33333333333333,5,0,0
2026-09-18T02:04:55.000Z,2026-09-18T02:06:25.000Z,90,2.66666666666667,3.66666666666667,0,0
2026-09-18T02:09:45.000Z,2026-09-18T02:10:55.000Z,70,3.33333333333333,4.83333333333333,0,0
2026-09-18T02:13:35.000Z,2026-09-18T02:14:55.000Z,80,2.66666666666667,3.83333333333333,0,0
2026-09-18T02:18:15.000Z,2026-09-18T02:19:35.000Z,80,3.33333333333333,4.66666666666667,0,0
2026-09-18T02:22:05.000Z,2026-09-18T02:23:25.000Z,80,2.5,3.83333333333333,0,0
2026-09-18T02:26:35.000Z,2026-09-18T02:28:15.000Z,100,3.16666666666667,4.5,0,0
2026-09-18T02:30:45.000Z,2026-09-18T02:31:55.000Z,70,2.5,4.16666666666667,0,0
2026-09-18T02:35:05.000Z,2026-09-18T02:36:45.000Z,100,3.16666666666667,4.33333333333333,0,0
2026-09-18T02:39:25.000Z,2026-09-18T02:40:25.000Z,60,2.66666666666667,4.33333333333333,0,0
2026-09-18T02:43:45.000Z,2026-09-18T02:45:25.000Z,100,3.33333333333333,4.33333333333333,0,0
2026-09-18T02:48:05.000Z,2026-09-18T02:48:45.000Z,40,2.66666666666667,4.33333333333333,0,0
2026-09-18T02:52:15.000Z,2026-09-18T02:53:55.000Z,100,3.5,4.16666666666667,0,0
2026-09-18T02:56:55.000Z,2026-09-18T02:57:05.000Z,10,3,4.66666666666667,0,0
2026-09-18T03:00:45.000Z,2026-09-18T03:02:35.000Z,110,3.66666666666667,3.83333333333333,0,0
2026-09-18T03:09:15.000Z,2026-09-18T03:11:05.000Z,110,6.66666666666667,8.5,0,0
2026-09-18T03:17:55.000Z,2026-09-18T03:19:35.000Z,100,6.83333333333333,8.66666666666667,0,0
2026-09-18T03:26:25.000Z,2026-09-18T03:28:05.000Z,100,6.83333333333333,8.5,0,0
2026-09-18T03:34:45.000Z,2026-09-18T03:36:25.000Z,100,6.66666666666667,8.33333333333333,0,0
2026-09-18T03:43:05.000Z,2026-09-18T03:44:45.000Z,100,6.66666666666667,8.33333333333333,0,0
2026-09-18T03:51:35.000Z,2026-09-18T03:53:15.000Z,100,6.83333333333333,8.5,0,0
2026-09-18T04:00:05.000Z,2026-09-18T04:01:55.000Z,110,6.83333333333333,8.5,0,0
2026-09-18T04:08:35.000Z,2026-09-18T04:10:25.000Z,110,6.66666666666667,8.5,0,0
2026-09-18T04:14:05.000Z,2026-09-18T04:14:15.000Z,10,3.66666666666667,5.5,0,0
2026-09-18T04:17:15.000Z,2026-09-18T04:18:55.000Z,100,3,3.16666666666667,0,0
2026-09-18T04:22:25.000Z,2026-09-18T04:23:05.000Z,40,3.5,5.16666666666667,0,0
2026-09-18T04:25:45.000Z,2026-09-18T04:27:35.000Z,110,2.66666666666667,3.33333333333333,0,0
2026-09-18T04:30:55.000Z,2026-09-18T04:31:45.000Z,50,3.33333333333333,5.16666666666667,0,0
2026-09-18T04:34:25.000Z,2026-09-18T04:36:05.000Z,100,2.66666666666667,3.5,0,0
2026-09-18T04:39:15.000Z,2026-09-18T04:40:25.000Z,70,3.16666666666667,4.83333333333333,0,0
2026-09-18T04:42:55.000Z,2026-09-18T04:44:35.000Z,100,2.5,3.66666666666667,0,0
2026-09-18T04:47:45.000Z,2026-09-18T04:49:05.000Z,80,3.16666666666667,4.83333333333333,0,0
2026-09-18T04:51:35.000Z,2026-09-18T04:53:05.000Z,90,2.5,3.83333333333333,0,0
2026-09-18T04:56:15.000Z,2026-09-18T04:57:45.000Z,90,3.16666666666667,4.66666666666667,0,0
2026-09-18T05:00:15.000Z,2026-09-18T05:01:25.000Z,70,2.5,4,0,0
2026-09-18T05:04:45.000Z,2026-09-18T05:06:15.000Z,90,3.33333333333333,4.5,0,0
2026-09-18T05:08:55.000Z,2026-09-18T05:09:55.000Z,60,2.66666666666667,4.16666666666667,0,0
2026-09-18T05:13:15.000Z,2026-09-18T05:14:55.000Z,100,3.33333333333333,4.33333333333333,0,0
2026-09-18T05:17:35.000Z,2026-09-18T05:18:25.000Z,50,2.66666666666667,4.33333333333333,0,0
2026-09-18T05:21:45.000Z,2026-09-18T05:23:35.000Z,110,3.33333333333333,4.16666666666667,0,0
2026-09-18T05:26:15.000Z,2026-09-18T05:26:45.000Z,30,2.66666666666667,4.5,0,0
2026-09-18T05:30:15.000Z,2026-09-18T05:32:05.000Z,110,3.5,4,0,0
2026-09-18T05:38:45.000Z,2026-09-18T05:40:35.000Z,110,6.66666666666667,8.5,0,0
2026-09-18T05:47:25.000Z,2026-09-18T05:49:05.000Z,100,6.83333333333333,8.66666666666667,0,0
2026-09-18T05:55:55.000Z,2026-09-18T05:57:35.000Z,100,6.83333333333333,8.5,0,0
2026-09-18T06:04:25.000Z,2026-09-18T06:06:05.000Z,100,6.83333333333333,8.5,0,0
2026-09-18T06:12:45.000Z,2026-09-18T06:14:35.000Z,110,6.66666666666667,8.33333333333333,0,0
2026-09-18T06:21:15.000Z,2026-09-18T06:22:45.000Z,90,6.66666666666667,8.5,0,0
2026-09-18T06:29:45.000Z,2026-09-18T06:31:25.000Z,100,7,8.5,0,0
2026-09-18T06:38:15.000Z,2026-09-18T06:39:55.000Z,100,6.83333333333333,8.5,0,0
2026-09-18T06:46:45.000Z,2026-09-18T06:48:35.000Z,110,6.83333333333333,8.5,0,0
2026-09-18T06:52:05.000Z,2026-09-18T06:52:25.000Z,20,3.5,5.33333333333333,0,0
2026-09-18T06:55:15.000Z,2026-09-18T06:57:05.000Z,110,2.83333333333333,3.16666666666667,0,0
2026-09-18T07:00:25.000Z,2026-09-18T07:01:05.000Z,40,3.33333333333333,5.16666666666667,0,0
2026-09-18T07:03:55.000Z,2026-09-18T07:05:35.000Z,100,2.83333333333333,3.5,0,0
2026-09-18T07:08:55.000Z,2026-09-18T07:09:45.000Z,50,3.33333333333333,5,0,0
2026-09-18T07:12:25.000Z,2026-09-18T07:14:05.000Z,100,2.66666666666667,3.5,0,0
2026-09-18T07:17:25.000Z,2026-09-18T07:18:25.000Z,60,3.33333333333333,5,0,0
2026-09-18T07:21:05.000Z,2026-09-18T07:22:35.000Z,90,2.66666666666667,3.66666666666667,0,0
2026-09-18T07:25:55.000Z,2026-09-18T07:27:05.000Z,70,3.33333333333333,4.83333333333333,0,0
2026-09-18T07:29:45.000Z,2026-09-18T07:31:05.000Z,80,2.66666666666667,3.83333333333333,0,0
2026-09-18T07:34:15.000Z,2026-09-18T07:35:45.000Z,90,3.16666666666667,4.5,0,0
2026-09-18T07:38:25.000Z,2026-09-18T07:39:35.000Z,70,2.66666666666667,4.16666666666667,0,0
2026-09-18T07:42:45.000Z,2026-09-18T07:44:25.000Z,100,3.16666666666667,4.33333333333333,0,0
2026-09-18T07:46:55.000Z,2026-09-18T07:48:05.000Z,70,2.5,4.16666666666667,0,0
2026-09-18T07:51:15.000Z,2026-09-18T07:53:05.000Z,110,3.16666666666667,4.33333333333333,0,0
2026-09-18T07:55:45.000Z,2026-09-18T07:56:25.000Z,40,2.66666666666667,4.5,0,0
2026-09-18T07:59:55.000Z,2026-09-18T08:01:35.000Z,100,3.5,4.16666666666667,0,0
2026-09-18T08:04:25.000Z,2026-09-18T08:04:55.000Z,30,2.83333333333333,4.5,0,0
2026-09-18T08:08:25.000Z,2026-09-18T08:10:05.000Z,100,3.5,4,0,0
2026-09-18T08:16:55.000Z,2026-09-18T08:18:45.000Z,110,6.83333333333333,8.5,0,0
2026-09-18T08:25:25.000Z,2026-09-18T08:27:15.000Z,110,6.66666666666667,8.5,0,0
2026-09-18T08:34:05.000Z,2026-09-18T08:35:45.000Z,100,6.83333333333333,8.66666666666667,0,0
2026-09-18T08:42:25.000Z,2026-09-18T08:44:15.000Z,110,6.66666666666667,8.33333333333333,0,0
2026-09-18T08:50:55.000Z,2026-09-18T08:52:35.000Z,100,6.66666666666667,8.5,0,0
2026-09-18T08:59:15.000Z,2026-09-18T09:00:55.000Z,100,6.66666666666667,8.33333333333333,0,0
2026-09-18T09:07:45.000Z,2026-09-18T09:09:25.000Z,100,6.83333333333333,8.5,0,0
2026-09-18T09:16:15.000Z,2026-09-18T09:18:05.000Z,110,6.83333333333333,8.5,0,0
2026-09-18T09:24:45.000Z,2026-09-18T09:26:35.000Z,110,6.66666666666667,8.5,0,0
2026-09-18T09:30:05.000Z,2026-09-18T09:30:25.000Z,20,3.5,5.33333333333333,0,0
2026-09-18T09:33:25.000Z,2026-09-18T09:35:05.000Z,100,3,3.33333333333333,0,0
2026-09-18T09:38:35.000Z,2026-09-18T09:39:15.000Z,40,3.5,5.16666666666667,0,0
2026-09-18T09:41:55.000Z,2026-09-18T09:43:35.000Z,100,2.66666666666667,3.33333333333333,0,0
2026-09-18T09:46:55.000Z,2026-09-18T09:47:55.000Z,60,3.33333333333333,5,0,0
2026-09-18T09:50:35.000Z,2026-09-18T09:52:15.000Z,100,2.66666666666667,3.66666666666667,0,0
2026-09-18T09:55:25.000Z,2026-09-18T09:56:35.000Z,70,3.16666666666667,4.83333333333333,0,0
2026-09-18T09:59:05.000Z,2026-09-18T10:00:45.000Z,100,2.5,3.66666666666667,0,0
2026-09-18T10:03:55.000Z,2026-09-18T10:05:15.000Z,80,3.16666666666667,4.83333333333333,0,0
2026-09-18T10:07:45.000Z,2026-09-18T10:09:05.000Z,80,2.5,3.83333333333333,0,0
2026-09-18T10:12:25.000Z,2026-09-18T10:13:55.000Z,90,3.33333333333333,4.66666666666667,0,0
2026-09-18T10:16:25.000Z,2026-09-18T10:17:35.000Z,70,2.5,4,0,0
2026-09-18T10:20:55.000Z,2026-09-18T10:22:25.000Z,90,3.33333333333333,4.5,0,0
2026-09-18T10:25:05.000Z,2026-09-18T10:26:05.000Z,60,2.66666666666667,4.16666666666667,0,0
2026-09-18T10:29:25.000Z,2026-09-18T10:31:05.000Z,100,3.33333333333333,4.33333333333333,0,0
2026-09-18T10:33:45.000Z,2026-09-18T10:34:35.000Z,50,2.66666666666667,4.33333333333333,0,0
2026-09-18T10:37:55.000Z,2026-09-18T10:39:45.000Z,110,3.33333333333333,4.16666666666667,0,0
2026-09-18T10:42:35.000Z,2026-09-18T10:42:55.000Z,20,2.83333333333333,4.66666666666667,0,0
2026-09-18T10:46:25.000Z,2026-09-18T10:48:15.000Z,110,3.5,3.83333333333333,0,0
2026-09-18T10:55:05.000Z,2026-09-18T10:56:45.000Z,100,6.83333333333333,8.66666666666667,0,0
2026-09-18T11:03:35.000Z,2026-09-18T11:05:15.000Z,100,6.83333333333333,8.5,0,0
2026-09-18T11:12:15.000Z,2026-09-18T11:13:45.000Z,90,7,8.66666666666667,0,0
2026-09-18T11:20:35.000Z,2026-09-18T11:22:15.000Z,100,6.83333333333333,8.33333333333333,0,0
2026-09-18T11:28:55.000Z,2026-09-18T11:30:35.000Z,100,6.66666666666667,8.33333333333333,0,0
2026-09-18T11:37:25.000Z,2026-09-18T11:38:55.000Z,90,6.83333333333333,8.5,0,0
2026-09-18T11:45:45.000Z,2026-09-18T11:47:35.000Z,110,6.83333333333333,8.33333333333333,0,0
2026-09-18T11:54:25.000Z,2026-09-18T11:56:05.000Z,100,6.83333333333333,8.66666666666667,0,0
2026-09-18T12:02:55.000Z,2026-09-18T12:04:45.000Z,110,6.83333333333333,8.5,0,0
2026-09-18T12:08:15.000Z,2026-09-18T12:08:35.000Z,20,3.5,5.33333333333333,0,0
2026-09-18T12:11:25.000Z,2026-09-18T12:13:15.000Z,110,2.83333333333333,3.16666666666667,0,0
2026-09-18T12:16:35.000Z,2026-09-18T12:17:25.000Z,50,3.33333333333333,5.16666666666667,0,0
2026-09-18T12:20:05.000Z,2026-09-18T12:21:45.000Z,100,2.66666666666667,3.5,0,0
2026-09-18T12:25:05.000Z,2026-09-18T12:26:05.000Z,60,3.33333333333333,5,0,0
2026-09-18T12:28:35.000Z,2026-09-18T12:30:15.000Z,100,2.5,3.5,0,0
2026-09-18T12:33:35.000Z,2026-09-18T12:34:45.000Z,70,3.33333333333333,5,0,0
2026-09-18T12:37:15.000Z,2026-09-18T12:38:45.000Z,90,2.5,3.66666666666667,0,0
2026-09-18T12:41:55.000Z,2026-09-18T12:43:25.000Z,90,3.16666666666667,4.66666666666667,0,0
2026-09-18T12:45:55.000Z,2026-09-18T12:47:15.000Z,80,2.5,4,0,0
2026-09-18T12:50:25.000Z,2026-09-18T12:51:55.000Z,90,3.16666666666667,4.5,0,0
2026-09-18T12:54:35.000Z,2026-09-18T12:55:45.000Z,70,2.66666666666667,4.16666666666667,0,0
2026-09-18T12:58:55.000Z,2026-09-18T13:00:35.000Z,100,3.16666666666667,4.33333333333333,0,0
2026-09-18T13:03:15.000Z,2026-09-18T13:04:05.000Z,50,2.66666666666667,4.33333333333333,0,0
2026-09-18T13:07:25.000Z,2026-09-18T13:09:15.000Z,110,3.33333333333333,4.16666666666667,0,0
2026-09-18T13:11:55.000Z,2026-09-18T13:12:35.000Z,40,2.66666666666667,4.5,0,0
2026-09-18T13:15:55.000Z,2026-09-18T13:17:45.000Z,110,3.33333333333333,4,0,0
2026-09-18T13:20:35.000Z,2026-09-18T13:20:55.000Z,20,2.83333333333333,4.66666666666667,0,0
2026-09-18T13:24:35.000Z,2026-09-18T13:26:25.000Z,110,3.66666666666667,4,0,0
2026-09-18T13:33:05.000Z,2026-09-18T13:34:55.000Z,110,6.66666666666667,8.5,0,0
2026-09-18T13:41:35.000Z,2026-09-18T13:43:25.000Z,110,6.66666666666667,8.5,0,0
2026-09-18T13:50:15.000Z,2026-09-18T13:51:55.000Z,100,6.83333333333333,8.66666666666667,0,0
2026-09-18T13:58:35.000Z,2026-09-18T14:00:15.000Z,100,6.66666666666667,8.33333333333333,0,0
2026-09-18T14:06:55.000Z,2026-09-18T14:08:35.000Z,100,6.66666666666667,8.33333333333333,0,0
2026-09-18T14:15:25.000Z,2026-09-18T14:17:05.000Z,100,6.83333333333333,8.5,0,0
2026-09-18T14:23:55.000Z,2026-09-18T14:25:35.000Z,100,6.83333333333333,8.5,0,0
2026-09-18T14:32:25.000Z,2026-09-18T14:34:15.000Z,110,6.83333333333333,8.5,0,0
2026-09-18T14:40:55.000Z,2026-09-18T14:42:45.000Z,110,6.66666666666667,8.5,0,0
2026-09-18T14:46:15.000Z,2026-09-18T14:46:45.000Z,30,3.5,5.33333333333333,0,0
2026-09-18T14:49:35.000Z,2026-09-18T14:51:15.000Z,100,2.83333333333333,3.33333333333333,0,0
2026-09-18T14:54:45.000Z,2026-09-18T14:55:25.000Z,40,3.5,5.16666666666667,0,0
2026-09-18T14:58:05.000Z,2026-09-18T14:59:45.000Z,100,2.66666666666667,3.33333333333333,0,0
2026-09-18T15:03:05.000Z,2026-09-18T15:04:05.000Z,60,3.33333333333333,5,0,0
2026-09-18T15:06:45.000Z,2026-09-18T15:08:15.000Z,90,2.66666666666667,3.66666666666667,0,0
2026-09-18T15:11:35.000Z,2026-09-18T15:12:45.000Z,70,3.33333333333333,4.83333333333333,0,0
2026-09-18T15:15:25.000Z,2026-09-18T15:16:45.000Z,80,2.66666666666667,3.83333333333333,0,0
2026-09-18T15:20:05.000Z,2026-09-18T15:21:25.000Z,80,3.33333333333333,4.66666666666667,0,0
2026-09-18T15:23:55.000Z,2026-09-18T15:25:15.000Z,80,2.5,3.83333333333333,0,0
2026-09-18T15:28:35.000Z,2026-09-18T15:30:05.000Z,90,3.33333333333333,4.66666666666667,0,0
2026-09-18T15:32:35.000Z,2026-09-18T15:33:45.000Z,70,2.5,4,0,0
2026-09-18T15:37:05.000Z,2026-09-18T15:38:45.000Z,100,3.33333333333333,4.5,0,0
2026-09-18T15:41:15.000Z,2026-09-18T15:42:15.000Z,60,2.5,4.16666666666667,0,0
2026-09-18T15:45:35.000Z,2026-09-18T15:47:15.000Z,100,3.33333333333333,4.33333333333333,0,0
2026-09-18T15:49:55.000Z,2026-09-18T15:50:45.000Z,50,2.66666666666667,4.33333333333333,0,0
2026-09-18T15:54:05.000Z,2026-09-18T15:55:55.000Z,110,3.33333333333333,4.16666666666667,0,0
2026-09-18T15:58:45.000Z,2026-09-18T15:59:05.000Z,20,2.83333333333333,4.66666666666667,0,0
2026-09-18T16:02:35.000Z,2026-09-18T16:04:25.000Z,110,3.5,3.83333333333333,0,0
2026-09-18T16:11:15.000Z,2026-09-18T16:12:55.000Z,100,6.83333333333333,8.66666666666667,0,0
2026-09-18T16:19:45.000Z,2026-09-18T16:21:25.000Z,100,6.83333333333333,8.5,0,0
2026-09-18T16:28:25.000Z,2026-09-18T16:29:55.000Z,90,7,8.66666666666667,0,0
2026-09-18T16:36:35.000Z,2026-09-18T16:38:25.000Z,110,6.66666666666667,8.16666666666667,0,0
2026-09-18T16:45:05.000Z,2026-09-18T16:46:45.000Z,100,6.66666666666667,8.5,0,0
2026-09-18T16:53:25.000Z,2026-09-18T16:55:05.000Z,100,6.66666666666667,8.33333333333333,0,0
2026-09-18T17:01:55.000Z,2026-09-18T17:03:45.000Z,110,6.83333333333333,8.5,0,0
2026-09-18T17:10:35.000Z,2026-09-18T17:12:15.000Z,100,6.83333333333333,8.66666666666667,0,0
2026-09-18T17:19:05.000Z,2026-09-18T17:20:55.000Z,110,6.83333333333333,8.5,0,0
2026-09-18T17:24:15.000Z,2026-09-18T17:24:55.000Z,40,3.33333333333333,5.16666666666667,0,0
2026-09-18T17:27:35.000Z,2026-09-18T17:29:25.000Z,110,2.66666666666667,3.33333333333333,0,0
2026-09-18T17:32:45.000Z,2026-09-18T17:33:35.000Z,50,3.33333333333333,5.16666666666667,0,0
2026-09-18T17:36:15.000Z,2026-09-18T17:37:55.000Z,100,2.66666666666667,3.5,0,0
2026-09-18T17:41:15.000Z,2026-09-18T17:42:15.000Z,60,3.33333333333333,5,0,0
2026-09-18T17:44:45.000Z,2026-09-18T17:46:25.000Z,100,2.5,3.5,0,0
2026-09-18T17:49:35.000Z,2026-09-18T17:50:55.000Z,80,3.16666666666667,4.83333333333333,0,0
2026-09-18T17:53:25.000Z,2026-09-18T17:54:55.000Z,90,2.5,3.83333333333333,0,0
2026-09-18T17:58:05.000Z,2026-09-18T17:59:35.000Z,90,3.16666666666667,4.66666666666667,0,0
2026-09-18T18:02:05.000Z,2026-09-18T18:03:25.000Z,80,2.5,4,0,0
2026-09-18T18:06:35.000Z,2026-09-18T18:08:05.000Z,90,3.16666666666667,4.5,0,0
2026-09-18T18:10:45.000Z,2026-09-18T18:11:55.000Z,70,2.66666666666667,4.16666666666667,0,0
2026-09-18T18:15:05.000Z,2026-09-18T18:16:45.000Z,100,3.16666666666667,4.33333333333333,0,0
2026-09-18T18:19:25.000Z,2026-09-18T18:20:15.000Z,50,2.66666666666667,4.33333333333333,0,0
2026-09-18T18:23:35.000Z,2026-09-18T18:25:25.000Z,110,3.33333333333333,4.16666666666667,0,0
2026-09-18T18:28:05.000Z,2026-09-18T18:28:45.000Z,40,2.66666666666667,4.5,0,0
2026-09-18T18:32:05.000Z,2026-09-18T18:33:55.000Z,110,3.33333333333333,4,0,0
2026-09-18T18:36:55.000Z,2026-09-18T18:37:05.000Z,10,3,4.83333333333333,0,0
2026-09-18T18:40:45.000Z,2026-09-18T18:42:35.000Z,110,3.66666666666667,3.83333333333333,0,0
2026-09-18T18:49:15.000Z,2026-09-18T18:51:05.000Z,110,6.66666666666667,8.5,0,0
2026-09-18T18:57:55.000Z,2026-09-18T18:59:35.000Z,100,6.83333333333333,8.66666666666667,0,0
2026-09-18T19:06:25.000Z,2026-09-18T19:08:05.000Z,100,6.83333333333333,8.5,0,0
2026-09-18T19:14:45.000Z,2026-09-18T19:16:25.000Z,100,6.66666666666667,8.33333333333333,0,0
2026-09-18T19:23:05.000Z,2026-09-18T19:24:45.000Z,100,6.66666666666667,8.33333333333333,0,0
2026-09-18T19:31:35.000Z,2026-09-18T19:33:15.000Z,100,6.83333333333333,8.5,0,0
2026-09-18T19:40:05.000Z,2026-09-18T19:41:45.000Z,100,6.83333333333333,8.5,0,0
2026-09-18T19:48:35.000Z,2026-09-18T19:50:25.000Z,110,6.83333333333333,8.5,0,0
2026-09-18T19:57:05.000Z,2026-09-18T19:58:55.000Z,110,6.66666666666667,8.5,0,0
2026-09-18T20:02:25.000Z,2026-09-18T20:02:55.000Z,30,3.5,5.33333333333333,0,0
2026-09-18T20:05:45.000Z,2026-09-18T20:07:25.000Z,100,2.83333333333333,3.33333333333333,0,0
2026-09-18T20:10:45.000Z,2026-09-18T20:11:35.000Z,50,3.33333333333333,5,0,0
2026-09-18T20:14:15.000Z,2026-09-18T20:15:55.000Z,100,2.66666666666667,3.5,0,0
2026-09-18T20:19:15.000Z,2026-09-18T20:20:25.000Z,70,3.33333333333333,5,0,0
2026-09-18T20:22:55.000Z,2026-09-18T20:24:25.000Z,90,2.5,3.66666666666667,0,0
2026-09-18T20:27:45.000Z,2026-09-18T20:28:55.000Z,70,3.33333333333333,4.83333333333333,0,0
2026-09-18T20:31:35.000Z,2026-09-18T20:32:55.000Z,80,2.66666666666667,3.83333333333333,0,0
2026-09-18T20:36:15.000Z,2026-09-18T20:37:35.000Z,80,3.33333333333333,4.66666666666667,0,0
2026-09-18T20:40:15.000Z,2026-09-18T20:41:25.000Z,70,2.66666666666667,4,0,0
2026-09-18T20:44:45.000Z,2026-09-18T20:46:15.000Z,90,3.33333333333333,4.5,0,0
2026-09-18T20:48:55.000Z,2026-09-18T20:49:55.000Z,60,2.66666666666667,4.16666666666667,0,0
2026-09-18T20:53:15.000Z,2026-09-18T20:54:55.000Z,100,3.33333333333333,4.33333333333333,0,0
2026-09-18T20:57:35.000Z,2026-09-18T20:58:25.000Z,50,2.66666666666667,4.33333333333333,0,0
2026-09-18T21:01:45.000Z,2026-09-18T21:03:25.000Z,100,3.33333333333333,4.16666666666667,0,0
2026-09-18T21:06:15.000Z,2026-09-18T21:06:45.000Z,30,2.83333333333333,4.5,0,0
2026-09-18T21:10:15.000Z,2026-09-18T21:12:05.000Z,110,3.5,4,0,0
2026-09-18T21:18:45.000Z,2026-09-18T21:20:35.000Z,110,6.66666666666667,8.5,0,0
2026-09-18T21:27:25.000Z,2026-09-18T21:29:05.000Z,100,6.83333333333333,8.66666666666667,0,0
2026-09-18T21:35:55.000Z,2026-09-18T21:37:35.000Z,100,6.83333333333333,8.5,0,0
2026-09-18T21:44:25.000Z,2026-09-18T21:46:05.000Z,100,6.83333333333333,8.5,0,0
2026-09-18T21:52:45.000Z,2026-09-18T21:54:25.000Z,100,6.66666666666667,8.33333333333333,0,0
2026-09-18T22:01:05.000Z,2026-09-18T22:02:45.000Z,100,6.66666666666667,8.33333333333333,0,0
2026-09-18T22:09:35.000Z,2026-09-18T22:11:25.000Z,110,6.83333333333333,8.5,0,0
2026-09-18T22:18:05.000Z,2026-09-18T22:19:55.000Z,110,6.66666666666667,8.5,0,0
2026-09-18T22:26:45.000Z,2026-09-18T22:28:25.000Z,100,6.83333333333333,8.66666666666667,0,0
2026-09-18T22:32:05.000Z,2026-09-18T22:32:15.000Z,10,3.66666666666667,5.33333333333333,0,0
2026-09-18T22:35:15.000Z,2026-09-18T22:37:05.000Z,110,3,3.16666666666667,0,0
2026-09-18T22:40:25.000Z,2026-09-18T22:41:05.000Z,40,3.33333333333333,5.16666666666667,0,0
2026-09-18T22:43:45.000Z,2026-09-18T22:45:35.000Z,110,2.66666666666667,3.33333333333333,0,0
2026-09-18T22:48:55.000Z,2026-09-18T22:49:45.000Z,50,3.33333333333333,5.16666666666667,0,0
2026-09-18T22:52:25.000Z,2026-09-18T22:54:05.000Z,100,2.66666666666667,3.5,0,0
2026-09-18T22:57:15.000Z,2026-09-18T22:58:25.000Z,70,3.16666666666667,4.83333333333333,0,0
2026-09-18T23:01:05.000Z,2026-09-18T23:02:35.000Z,90,2.66666666666667,3.83333333333333,0,0
2026-09-18T23:05:45.000Z,2026-09-18T23:07:05.000Z,80,3.16666666666667,4.66666666666667,0,0
2026-09-18T23:09:35.000Z,2026-09-18T23:11:05.000Z,90,2.5,3.83333333333333,0,0
2026-09-18T23:14:15.000Z,2026-09-18T23:15:45.000Z,90,3.16666666666667,4.66666666666667,0,0
2026-09-18T23:18:15.000Z,2026-09-18T23:19:35.000Z,80,2.5,4,0,0
2026-09-18T23:22:45.000Z,2026-09-18T23:24:25.000Z,100,3.16666666666667,4.5,0,0
2026-09-18T23:26:55.000Z,2026-09-18T23:27:55.000Z,60,2.5,4.16666666666667,0,0
2026-09-18T23:31:15.000Z,2026-09-18T23:32:55.000Z,100,3.33333333333333,4.33333333333333,0,0
2026-09-18T23:35:35.000Z,2026-09-18T23:36:25.000Z,50,2.66666666666667,4.33333333333333,0,0
2026-09-18T23:39:45.000Z,2026-09-18T23:41:35.000Z,110,3.33333333333333,4.16666666666667,0,0
2026-09-18T23:44:25.000Z,2026-09-18T23:44:55.000Z,30,2.83333333333333,4.66666666666667,0,0
2026-09-18T23:48:15.000Z,2026-09-18T23:50:05.000Z,110,3.33333333333333,3.83333333333333,0,0
2026-09-18T23:56:55.000Z,2026-09-18T23:58:45.000Z,110,6.83333333333333,8.66666666666667,0,0
2026-09-19T00:05:25.000Z,2026-09-19T00:07:15.000Z,110,6.66666666666667,8.5,0,0
2026-09-19T00:14:05.000Z,2026-09-19T00:15:45.000Z,100,6.83333333333333,8.66666666666667,0,0
2026-09-19T00:22:25.000Z,2026-09-19T00:24:05.000Z,100,6.66666666666667,8.33333333333333,0,0
2026-09-19T00:30:45.000Z,2026-09-19T00:32:35.000Z,110,6.66666666666667,8.33333333333333,0,0
2026-09-19T00:39:15.000Z,2026-09-19T00:40:45.000Z,90,6.66666666666667,8.5,0,0
2026-09-19T00:47:45.000Z,2026-09-19T00:49:25.000Z,100,7,8.5,0,0
2026-09-19T00:56:15.000Z,2026-09-19T00:58:05.000Z,110,6.83333333333333,8.5,0,0
2026-09-19T01:04:45.000Z,2026-09-19T01:06:35.000Z,110,6.66666666666667,8.5,0,0
2026-09-19T01:10:05.000Z,2026-09-19T01:10:25.000Z,20,3.5,5.33333333333333,0,0
2026-09-19T01:13:15.000Z,2026-09-19T01:15:05.000Z,110,2.83333333333333,3.16666666666667,0,0
2026-09-19T01:18:35.000Z,2026-09-19T01:19:15.000Z,40,3.5,5.33333333333333,0,0
2026-09-19T01:21:55.000Z,2026-09-19T01:23:35.000Z,100,2.66666666666667,3.33333333333333,0,0
2026-09-19T01:26:55.000Z,2026-09-19T01:27:55.000Z,60,3.33333333333333,5,0,0
2026-09-19T01:30:25.000Z,2026-09-19T01:32:05.000Z,100,2.5,3.5,0,0
2026-09-19T01:35:25.000Z,2026-09-19T01:36:35.000Z,70,3.33333333333333,5,0,0
2026-09-19T01:39:05.000Z,2026-09-19T01:40:35.000Z,90,2.5,3.66666666666667,0,0
2026-09-19T01:43:55.000Z,2026-09-19T01:45:15.000Z,80,3.33333333333333,4.83333333333333,0,0
2026-09-19T01:47:45.000Z,2026-09-19T01:49:05.000Z,80,2.5,3.83333333333333,0,0
2026-09-19T01:52:25.000Z,2026-09-19T01:53:45.000Z,80,3.33333333333333,4.66666666666667,0,0
2026-09-19T01:56:25.000Z,2026-09-19T01:57:35.000Z,70,2.66666666666667,4,0,0
2026-09-19T02:00:55.000Z,2026-09-19T02:02:25.000Z,90,3.33333333333333,4.5,0,0
2026-09-19T02:05:05.000Z,2026-09-19T02:06:05.000Z,60,2.66666666666667,4.16666666666667,0,0
2026-09-19T02:09:25.000Z,2026-09-19T02:11:05.000Z,100,3.33333333333333,4.33333333333333,0,0
2026-09-19T02:13:45.000Z,2026-09-19T02:14:35.000Z,50,2.66666666666667,4.33333333333333,0,0
2026-09-19T02:17:55.000Z,2026-09-19T02:19:35.000Z,100,3.33333333333333,4.16666666666667,0,0
2026-09-19T02:22:25.000Z,2026-09-19T02:22:55.000Z,30,2.83333333333333,4.5,0,0
2026-09-19T02:26:25.000Z,2026-09-19T02:28:15.000Z,110,3.5,4,0,0
2026-09-19T02:34:55.000Z,2026-09-19T02:36:45.000Z,110,6.66666666666667,8.5,0,0
2026-09-19T02:43:35.000Z,2026-09-19T02:45:15.000Z,100,6.83333333333333,8.66666666666667,0,0
2026-09-19T02:52:05.000Z,2026-09-19T02:53:45.000Z,100,6.83333333333333,8.5,0,0
2026-09-19T03:00:35.000Z,2026-09-19T03:02:15.000Z,100,6.83333333333333,8.5,0,0
2026-09-19T03:08:55.000Z,2026-09-19T03:10:35.000Z,100,6.66666666666667,8.33333333333333,0,0
2026-09-19T03:17:15.000Z,2026-09-19T03:18:55.000Z,100,6.66666666666667,8.33333333333333,0,0
2026-09-19T03:25:45.000Z,2026-09-19T03:27:35.000Z,110,6.83333333333333,8.5,0,0
2026-09-19T03:34:15.000Z,2026-09-19T03:36:05.000Z,110,6.66666666666667,8.5,0,0
2026-09-19T03:42:55.000Z,2026-09-19T03:44:35.000Z,100,6.83333333333333,8.66666666666667,0,0
2026-09-19T03:48:15.000Z,2026-09-19T03:48:35.000Z,20,3.66666666666667,5.33333333333333,0,0
2026-09-19T03:51:25.000Z,2026-09-19T03:53:15.000Z,110,2.83333333333333,3.16666666666667,0,0
2026-09-19T03:56:35.000Z,2026-09-19T03:57:15.000Z,40,3.33333333333333,5.16666666666667,0,0
2026-09-19T03:59:55.000Z,2026-09-19T04:01:45.000Z,110,2.66666666666667,3.33333333333333,0,0
2026-09-19T04:05:05.000Z,2026-09-19T04:05:55.000Z,50,3.33333333333333,5.16666666666667,0,0
2026-09-19T04:08:35.000Z,2026-09-19T04:10:15.000Z,100,2.66666666666667,3.5,0,0
2026-09-19T04:13:25.000Z,2026-09-19T04:14:35.000Z,70,3.16666666666667,4.83333333333333,0,0
2026-09-19T04:17:15.000Z,2026-09-19T04:18:45.000Z,90,2.66666666666667,3.83333333333333,0,0
2026-09-19T04:21:55.000Z,2026-09-19T04:23:15.000Z,80,3.16666666666667,4.66666666666667,0,0
2026-09-19T04:25:55.000Z,2026-09-19T04:27:15.000Z,80,2.66666666666667,4,0,0
2026-09-19T04:30:25.000Z,2026-09-19T04:31:55.000Z,90,3.16666666666667,4.5,0,0
2026-09-19T04:34:25.000Z,2026-09-19T04:35:35.000Z,70,2.5,4,0,0
2026-09-19T04:38:55.000Z,2026-09-19T04:40:35.000Z,100,3.33333333333333,4.5,0,0
2026-09-19T04:43:05.000Z,2026-09-19T04:44:05.000Z,60,2.5,4.16666666666667,0,0
2026-09-19T04:47:25.000Z,2026-09-19T04:49:05.000Z,100,3.33333333333333,4.33333333333333,0,0
2026-09-19T04:51:55.000Z,2026-09-19T04:52:35.000Z,40,2.83333333333333,4.5,0,0
2026-09-19T04:55:55.000Z,2026-09-19T04:57:45.000Z,110,3.33333333333333,4,0,0
2026-09-19T05:00:35.000Z,2026-09-19T05:00:55.000Z,20,2.83333333333333,4.66666666666667,0,0
2026-09-19T05:04:25.000Z,2026-09-19T05:06:15.000Z,110,3.5,3.83333333333333,0,0
2026-09-19T05:13:05.000Z,2026-09-19T05:14:55.000Z,110,6.83333333333333,8.66666666666667,0,0
2026-09-19T05:21:35.000Z,2026-09-19T05:23:25.000Z,110,6.66666666666667,8.5,0,0
2026-09-19T05:30:15.000Z,2026-09-19T05:31:55.000Z,100,6.83333333333333,8.66666666666667,0,0
2026-09-19T05:38:35.000Z,2026-09-19T05:40:15.000Z,100,6.66666666666667,8.33333333333333,0,0
2026-09-19T05:46:55.000Z,2026-09-19T05:48:35.000Z,100,6.66666666666667,8.33333333333333,0,0
2026-09-19T05:55:25.000Z,2026-09-19T05:57:05.000Z,100,6.83333333333333,8.5,0,0
2026-09-19T06:03:55.000Z,2026-09-19T06:05:35.000Z,100,6.83333333333333,8.5,0,0
2026-09-19T06:12:25.000Z,2026-09-19T06:14:15.000Z,110,6.83333333333333,8.5,0,0
2026-09-19T06:20:55.000Z,2026-09-19T06:22:45.000Z,110,6.66666666666667,8.5,0,0
2026-09-19T06:26:15.000Z,2026-09-19T06:26:45.000Z,30,3.5,5.33333333333333,0,0
2026-09-19T06:29:25.000Z,2026-09-19T06:31:15.000Z,110,2.66666666666667,3.16666666666667,0,0
2026-09-19T06:34:35.000Z,2026-09-19T06:35:25.000Z,50,3.33333333333333,5.16666666666667,0,0
2026-09-19T06:38:05.000Z,2026-09-19T06:39:45.000Z,100,2.66666666666667,3.5,0,0
2026-09-19T06:43:05.000Z,2026-09-19T06:44:05.000Z,60,3.33333333333333,5,0,0
2026-09-19T06:46:45.000Z,2026-09-19T06:48:15.000Z,90,2.66666666666667,3.66666666666667,0,0
2026-09-19T06:51:35.000Z,2026-09-19T06:52:45.000Z,70,3.33333333333333,4.83333333333333,0,0
2026-09-19T06:55:15.000Z,2026-09-19T06:56:45.000Z,90,2.5,3.66666666666667,0,0
2026-09-19T07:00:05.000Z,2026-09-19T07:01:25.000Z,80,3.33333333333333,4.83333333333333,0,0
2026-09-19T07:03:55.000Z,2026-09-19T07:05:15.000Z,80,2.5,3.83333333333333,0,0
2026-09-19T07:08:35.000Z,2026-09-19T07:10:05.000Z,90,3.33333333333333,4.66666666666667,0,0
2026-09-19T07:12:35.000Z,2026-09-19T07:13:45.000Z,70,2.5,4,0,0
2026-09-19T07:17:05.000Z,2026-09-19T07:18:35.000Z,90,3.33333333333333,4.5,0,0
2026-09-19T07:21:15.000Z,2026-09-19T07:22:15.000Z,60,2.66666666666667,4.16666666666667,0,0
2026-09-19T07:25:35.000Z,2026-09-19T07:27:15.000Z,100,3.33333333333333,4.33333333333333,0,0
2026-09-19T07:29:55.000Z,2026-09-19T07:30:35.000Z,40,2.66666666666667,4.33333333333333,0,0
2026-09-19T07:34:05.000Z,2026-09-19T07:35:45.000Z,100,3.5,4.16666666666667,0,0
2026-09-19T07:38:45.000Z,2026-09-19T07:39:05.000Z,20,3,4.66666666666667,0,0
2026-09-19T07:42:35.000Z,2026-09-19T07:44:25.000Z,110,3.5,3.83333333333333,0,0
2026-09-19T07:51:05.000Z,2026-09-19T07:52:55.000Z,110,6.66666666666667,8.5,0,0
2026-09-19T07:59:45.000Z,2026-09-19T08:01:25.000Z,100,6.83333333333333,8.66666666666667,0,0
2026-09-19T08:08:15.000Z,2026-09-19T08:09:55.000Z,100,6.83333333333333,8.5,0,0
2026-09-19T08:16:35.000Z,2026-09-19T08:18:25.000Z,110,6.66666666666667,8.33333333333333,0,0
2026-09-19T08:24:55.000Z,2026-09-19T08:26:45.000Z,110,6.5,8.33333333333333,0,0
2026-09-19T08:33:25.000Z,2026-09-19T08:35:05.000Z,100,6.66666666666667,8.5,0,0
2026-09-19T08:41:55.000Z,2026-09-19T08:43:45.000Z,110,6.83333333333333,8.5,0,0
2026-09-19T08:50:25.000Z,2026-09-19T08:52:15.000Z,110,6.66666666666667,8.5,0,0
2026-09-19T08:59:05.000Z,2026-09-19T09:00:45.000Z,100,6.83333333333333,8.66666666666667,0,0
2026-09-19T09:04:15.000Z,2026-09-19T09:04:45.000Z,30,3.5,5.16666666666667,0,0
2026-09-19T09:07:35.000Z,2026-09-19T09:09:25.000Z,110,2.83333333333333,3.33333333333333,0,0
2026-09-19T09:12:45.000Z,2026-09-19T09:13:35.000Z,50,3.33333333333333,5.16666666666667,0,0
2026-09-19T09:16:15.000Z,2026-09-19T09:17:55.000Z,100,2.66666666666667,3.5,0,0
2026-09-19T09:21:05.000Z,2026-09-19T09:22:15.000Z,70,3.16666666666667,4.83333333333333,0,0
2026-09-19T09:24:45.000Z,2026-09-19T09:26:25.000Z,100,2.5,3.66666666666667,0,0
2026-09-19T09:29:35.000Z,2026-09-19T09:30:55.000Z,80,3.16666666666667,4.83333333333333,0,0
2026-09-19T09:33:25.000Z,2026-09-19T09:34:55.000Z,90,2.5,3.83333333333333,0,0
2026-09-19T09:38:05.000Z,2026-09-19T09:39:25.000Z,80,3.16666666666667,4.66666666666667,0,0
2026-09-19T09:42:05.000Z,2026-09-19T09:43:25.000Z,80,2.66666666666667,4,0,0
2026-09-19T09:46:35.000Z,2026-09-19T09:48:05.000Z,90,3.16666666666667,4.5,0,0
2026-09-19T09:50:45.000Z,2026-09-19T09:51:45.000Z,60,2.66666666666667,4.16666666666667,0,0
2026-09-19T09:55:05.000Z,2026-09-19T09:56:45.000Z,100,3.33333333333333,4.33333333333333,0,0
2026-09-19T09:59:25.000Z,2026-09-19T10:00:15.000Z,50,2.66666666666667,4.33333333333333,0,0
2026-09-19T10:03:35.000Z,2026-09-19T10:05:15.000Z,100,3.33333333333333,4.16666666666667,0,0
2026-09-19T10:08:05.000Z,2026-09-19T10:08:45.000Z,40,2.83333333333333,4.5,0,0
2026-09-19T10:12:05.000Z,2026-09-19T10:13:55.000Z,110,3.33333333333333,4,0,0
2026-09-19T10:16:45.000Z,2026-09-19T10:17:05.000Z,20,2.83333333333333,4.66666666666667,0,0
2026-09-19T10:20:35.000Z,2026-09-19T10:22:25.000Z,110,3.5,3.83333333333333,0,0
2026-09-19T10:29:15.000Z,2026-09-19T10:30:55.000Z,100,6.83333333333333,8.66666666666667,0,0
2026-09-19T10:37:45.000Z,2026-09-19T10:39:35.000Z,110,6.83333333333333,8.5,0,0
2026-09-19T10:46:25.000Z,2026-09-19T10:47:55.000Z,90,6.83333333333333,8.66666666666667,0,0
2026-09-19T10:54:45.000Z,2026-09-19T10:56:25.000Z,100,6.83333333333333,8.33333333333333,0,0
2026-09-19T11:03:05.000Z,2026-09-19T11:04:45.000Z,100,6.66666666666667,8.33333333333333,0,0
2026-09-19T11:11:35.000Z,2026-09-19T11:13:15.000Z,100,6.83333333333333,8.5,0,0
2026-09-19T11:20:05.000Z,2026-09-19T11:21:45.000Z,100,6.83333333333333,8.5,0,0
2026-09-19T11:28:35.000Z,2026-09-19T11:30:25.000Z,110,6.83333333333333,8.5,0,0
2026-09-19T11:37:05.000Z,2026-09-19T11:38:55.000Z,110,6.66666666666667,8.5,0,0
2026-09-19T11:42:25.000Z,2026-09-19T11:42:55.000Z,30,3.5,5.33333333333333,0,0
2026-09-19T11:45:45.000Z,2026-09-19T11:47:25.000Z,100,2.83333333333333,3.33333333333333,0,0
2026-09-19T11:50:45.000Z,2026-09-19T11:51:35.000Z,50,3.33333333333333,5,0,0
2026-09-19T11:54:15.000Z,2026-09-19T11:55:55.000Z,100,2.66666666666667,3.5,0,0
2026-09-19T11:59:15.000Z,2026-09-19T12:00:15.000Z,60,3.33333333333333,5,0,0
2026-09-19T12:02:55.000Z,2026-09-19T12:04:25.000Z,90,2.66666666666667,3.66666666666667,0,0
2026-09-19T12:07:45.000Z,2026-09-19T12:08:55.000Z,70,3.33333333333333,4.83333333333333,0,0
2026-09-19T12:11:25.000Z,2026-09-19T12:12:55.000Z,90,2.5,3.66666666666667,0,0
2026-09-19T12:16:15.000Z,2026-09-19T12:17:35.000Z,80,3.33333333333333,4.83333333333333,0,0
2026-09-19T12:20:05.000Z,2026-09-19T12:21:25.000Z,80,2.5,3.83333333333333,0,0
2026-09-19T12:24:35.000Z,2026-09-19T12:26:15.000Z,100,3.16666666666667,4.5,0,0
2026-09-19T12:28:45.000Z,2026-09-19T12:29:55.000Z,70,2.5,4.16666666666667,0,0
2026-09-19T12:33:05.000Z,2026-09-19T12:34:45.000Z,100,3.16666666666667,4.33333333333333,0,0
2026-09-19T12:37:25.000Z,2026-09-19T12:38:25.000Z,60,2.66666666666667,4.33333333333333,0,0
2026-09-19T12:41:45.000Z,2026-09-19T12:43:25.000Z,100,3.33333333333333,4.33333333333333,0,0
2026-09-19T12:46:05.000Z,2026-09-19T12:46:45.000Z,40,2.66666666666667,4.33333333333333,0,0
2026-09-19T12:50:15.000Z,2026-09-19T12:51:55.000Z,100,3.5,4.16666666666667,0,0
2026-09-19T12:54:55.000Z,2026-09-19T12:55:05.000Z,10,3,4.66666666666667,0,0
2026-09-19T12:58:45.000Z,2026-09-19T13:00:35.000Z,110,3.66666666666667,3.83333333333333,0,0
2026-09-19T13:07:15.000Z,2026-09-19T13:09:05.000Z,110,6.66666666666667,8.5,0,0
2026-09-19T13:15:55.000Z,2026-09-19T13:17:35.000Z,100,6.83333333333333,8.66666666666667,0,0
2026-09-19T13:24:25.000Z,2026-09-19T13:26:05.000Z,100,6.83333333333333,8.5,0,0
2026-09-19T13:32:45.000Z,2026-09-19T13:34:25.000Z,100,6.66666666666667,8.33333333333333,0,0
2026-09-19T13:41:05.000Z,2026-09-19T13:42:45.000Z,100,6.66666666666667,8.33333333333333,0,0
2026-09-19T13:49:35.000Z,2026-09-19T13:51:15.000Z,100,6.83333333333333,8.5,0,0
2026-09-19T13:58:05.000Z,2026-09-19T13:59:55.000Z,110,6.83333333333333,8.5,0,0
2026-09-19T14:06:35.000Z,2026-09-19T14:08:25.000Z,110,6.66666666666667,8.5,0,0
2026-09-19T14:12:05.000Z,2026-09-19T14:12:15.000Z,10,3.66666666666667,5.5,0,0
2026-09-19T14:15:15.000Z,2026-09-19T14:16:55.000Z,100,3,3.16666666666667,0,0
2026-09-19T14:20:25.000Z,2026-09-19T14:21:05.000Z,40,3.5,5.16666666666667,0,0
2026-09-19T14:23:45.000Z,2026-09-19T14:25:35.000Z,110,2.66666666666667,3.33333333333333,0,0
2026-09-19T14:28:55.000Z,2026-09-19T14:29:45.000Z,50,3.33333333333333,5.16666666666667,0,0
2026-09-19T14:32:25.000Z,2026-09-19T14:34:05.000Z,100,2.66666666666667,3.5,0,0
2026-09-19T14:37:15.000Z,2026-09-19T14:38:25.000Z,70,3.16666666666667,4.83333333333333,0,0
2026-09-19T14:40:55.000Z,2026-09-19T14:42:35.000Z,100,2.5,3.66666666666667,0,0
2026-09-19T14:45:45.000Z,2026-09-19T14:47:05.000Z,80,3.16666666666667,4.83333333333333,0,0
2026-09-19T14:49:35.000Z,2026-09-19T14:51:05.000Z,90,2.5,3.83333333333333,0,0
2026-09-19T14:54:15.000Z,2026-09-19T14:55:45.000Z,90,3.16666666666667,4.66666666666667,0,0
2026-09-19T14:58:15.000Z,2026-09-19T14:59:25.000Z,70,2.5,4,0,0
2026-09-19T15:02:45.000Z,2026-09-19T15:04:15.000Z,90,3.33333333333333,4.5,0,0
2026-09-19T15:06:55.000Z,2026-09-19T15:07:55.000Z,60,2.66666666666667,4.16666666666667,0,0
2026-09-19T15:11:15.000Z,2026-09-19T15:12:55.000Z,100,3.33333333333333,4.33333333333333,0,0
2026-09-19T15:15:35.000Z,2026-09-19T15:16:25.000Z,50,2.66666666666667,4.33333333333333,0,0
2026-09-19T15:19:45.000Z,2026-09-19T15:21:35.000Z,110,3.33333333333333,4.16666666666667,0,0
2026-09-19T15:24:15.000Z,2026-09-19T15:24:45.000Z,30,2.66666666666667,4.5,0,0
2026-09-19T15:28:15.000Z,2026-09-19T15:30:05.000Z,110,3.5,4,0,0
2026-09-19T15:36:45.000Z,2026-09-19T15:38:35.000Z,110,6.66666666666667,8.5,0,0
2026-09-19T15:45:25.000Z,2026-09-19T15:47:05.000Z,100,6.83333333333333,8.66666666666667,0,0
2026-09-19T15:53:55.000Z,2026-09-19T15:55:35.000Z,100,6.83333333333333,8.5,0,0
2026-09-19T16:02:25.000Z,2026-09-19T16:04:05.000Z,100,6.83333333333333,8.5,0,0
2026-09-19T16:10:45.000Z,2026-09-19T16:12:35.000Z,110,6.66666666666667,8.33333333333333,0,0
2026-09-19T16:19:15.000Z,2026-09-19T16:20:45.000Z,90,6.66666666666667,8.5,0,0
2026-09-19T16:27:45.000Z,2026-09-19T16:29:25.000Z,100,7,8.5,0,0
2026-09-19T16:36:15.000Z,2026-09-19T16:37:55.000Z,100,6.83333333333333,8.5,0,0
2026-09-19T16:44:45.000Z,2026-09-19T16:46:35.000Z,110,6.83333333333333,8.5,0,0
2026-09-19T16:50:05.000Z,2026-09-19T16:50:25.000Z,20,3.5,5.33333333333333,0,0
2026-09-19T16:53:15.000Z,2026-09-19T16:55:05.000Z,110,2.83333333333333,3.16666666666667,0,0
2026-09-19T16:58:25.000Z,2026-09-19T16:59:05.000Z,40,3.33333333333333,5.16666666666667,0,0
2026-09-19T17:01:55.000Z,2026-09-19T17:03:35.000Z,100,2.83333333333333,3.5,0,0
2026-09-19T17:06:55.000Z,2026-09-19T17:07:45.000Z,50,3.33333333333333,5,0,0
2026-09-19T17:10:25.000Z,2026-09-19T17:12:05.000Z,100,2.66666666666667,3.5,0,0
2026-09-19T17:15:25.000Z,2026-09-19T17:16:25.000Z,60,3.33333333333333,5,0,0
2026-09-19T17:19:05.000Z,2026-09-19T17:20:35.000Z,90,2.66666666666667,3.66666666666667,0,0
2026-09-19T17:23:55.000Z,2026-09-19T17:25:05.000Z,70,3.33333333333333,4.83333333333333,0,0
2026-09-19T17:27:45.000Z,2026-09-19T17:29:05.000Z,80,2.66666666666667,3.83333333333333,0,0
2026-09-19T17:32:15.000Z,2026-09-19T17:33:45.000Z,90,3.16666666666667,4.5,0,0
2026-09-19T17:36:25.000Z,2026-09-19T17:37:35.000Z,70,2.66666666666667,4.16666666666667,0,0
2026-09-19T17:40:45.000Z,2026-09-19T17:42:25.000Z,100,3.16666666666667,4.33333333333333,0,0
2026-09-19T17:44:55.000Z,2026-09-19T17:46:05.000Z,70,2.5,4.16666666666667,0,0
2026-09-19T17:49:15.000Z,2026-09-19T17:51:05.000Z,110,3.16666666666667,4.33333333333333,0,0
2026-09-19T17:53:45.000Z,2026-09-19T17:54:25.000Z,40,2.66666666666667,4.5,0,0
2026-09-19T17:57:55.000Z,2026-09-19T17:59:35.000Z,100,3.5,4.16666666666667,0,0
2026-09-19T18:02:25.000Z,2026-09-19T18:02:55.000Z,30,2.83333333333333,4.5,0,0
2026-09-19T18:06:25.000Z,2026-09-19T18:08:05.000Z,100,3.5,4,0,0
2026-09-19T18:14:55.000Z,2026-09-19T18:16:45.000Z,110,6.83333333333333,8.5,0,0
2026-09-19T18:23:25.000Z,2026-09-19T18:25:15.000Z,110,6.66666666666667,8.5,0,0
2026-09-19T18:32:05.000Z,2026-09-19T18:33:45.000Z,100,6.83333333333333,8.66666666666667,0,0
2026-09-19T18:40:25.000Z,2026-09-19T18:42:15.000Z,110,6.66666666666667,8.33333333333333,0,0
2026-09-19T18:48:55.000Z,2026-09-19T18:50:35.000Z,100,6.66666666666667,8.5,0,0
2026-09-19T18:57:15.000Z,2026-09-19T18:58:55.000Z,100,6.66666666666667,8.33333333333333,0,0
2026-09-19T19:05:45.000Z,2026-09-19T19:07:25.000Z,100,6.83333333333333,8.5,0,0
2026-09-19T19:14:15.000Z,2026-09-19T19:16:05.000Z,110,6.83333333333333,8.5,0,0
2026-09-19T19:22:45.000Z,2026-09-19T19:24:35.000Z,110,6.66666666666667,8.5,0,0
2026-09-19T19:28:05.000Z,2026-09-19T19:28:25.000Z,20,3.5,5.33333333333333,0,0
2026-09-19T19:31:25.000Z,2026-09-19T19:33:05.000Z,100,3,3.33333333333333,0,0
2026-09-19T19:36:35.000Z,2026-09-19T19:37:15.000Z,40,3.5,5.16666666666667,0,0
2026-09-19T19:39:55.000Z,2026-09-19T19:41:35.000Z,100,2.66666666666667,3.33333333333333,0,0
2026-09-19T19:44:55.000Z,2026-09-19T19:45:55.000Z,60,3.33333333333333,5,0,0
2026-09-19T19:48:35.000Z,2026-09-19T19:50:15.000Z,100,2.66666666666667,3.66666666666667,0,0
2026-09-19T19:53:25.000Z,2026-09-19T19:54:35.000Z,70,3.16666666666667,4.83333333333333,0,0
2026-09-19T19:57:05.000Z,2026-09-19T19:58:45.000Z,100,2.5,3.66666666666667,0,0
2026-09-19T20:01:55.000Z,2026-09-19T20:03:15.000Z,80,3.16666666666667,4.83333333333333,0,0
2026-09-19T20:05:45.000Z,2026-09-19T20:07:05.000Z,80,2.5,3.83333333333333,0,0
2026-09-19T20:10:25.000Z,2026-09-19T20:11:55.000Z,90,3.33333333333333,4.66666666666667,0,0
2026-09-19T20:14:25.000Z,2026-09-19T20:15:35.000Z,70,2.5,4,0,0
2026-09-19T20:18:55.000Z,2026-09-19T20:20:25.000Z,90,3.33333333333333,4.5,0,0
2026-09-19T20:23:05.000Z,2026-09-19T20:24:05.000Z,60,2.66666666666667,4.16666666666667,0,0
2026-09-19T20:27:25.000Z,2026-09-19T20:29:05.000Z,100,3.33333333333333,4.33333333333333,0,0
2026-09-19T20:31:45.000Z,2026-09-19T20:32:35.000Z,50,2.66666666666667,4.33333333333333,0,0
2026-09-19T20:35:55.000Z,2026-09-19T20:37:45.000Z,110,3.33333333333333,4.16666666666667,0,0
2026-09-19T20:40:35.000Z,2026-09-19T20:40:55.000Z,20,2.83333333333333,4.66666666666667,0,0
2026-09-19T20:44:25.000Z,2026-09-19T20:46:15.000Z,110,3.5,3.83333333333333,0,0
2026-09-19T20:52:55.000Z,2026-09-19T20:54:45.000Z,110,6.66666666666667,8.5,0,0
2026-09-19T21:01:35.000Z,2026-09-19T21:03:15.000Z,100,6.83333333333333,8.66666666666667,0,0
2026-09-19T21:10:15.000Z,2026-09-19T21:11:45.000Z,90,7,8.66666666666667,0,0
2026-09-19T21:18:35.000Z,2026-09-19T21:20:15.000Z,100,6.83333333333333,8.33333333333333,0,0
2026-09-19T21:26:55.000Z,2026-09-19T21:28:35.000Z,100,6.66666666666667,8.33333333333333,0,0
2026-09-19T21:35:25.000Z,2026-09-19T21:36:55.000Z,90,6.83333333333333,8.5,0,0
2026-09-19T21:43:45.000Z,2026-09-19T21:45:35.000Z,110,6.83333333333333,8.33333333333333,0,0
2026-09-19T21:52:25.000Z,2026-09-19T21:54:05.000Z,100,6.83333333333333,8.66666666666667,0,0
2026-09-19T22:00:55.000Z,2026-09-19T22:02:45.000Z,110,6.83333333333333,8.5,0,0
2026-09-19T22:06:15.000Z,2026-09-19T22:06:35.000Z,20,3.5,5.33333333333333,0,0
2026-09-19T22:09:25.000Z,2026-09-19T22:11:15.000Z,110,2.83333333333333,3.16666666666667,0,0
2026-09-19T22:14:35.000Z,2026-09-19T22:15:25.000Z,50,3.33333333333333,5.16666666666667,0,0
2026-09-19T22:18:05.000Z,2026-09-19T22:19:45.000Z,100,2.66666666666667,3.5,0,0
2026-09-19T22:23:05.000Z,2026-09-19T22:24:05.000Z,60,3.33333333333333,5,0,0
2026-09-19T22:26:35.000Z,2026-09-19T22:28:15.000Z,100,2.5,3.5,0,0
2026-09-19T22:31:35.000Z,2026-09-19T22:32:45.000Z,70,3.33333333333333,5,0,0
2026-09-19T22:35:15.000Z,2026-09-19T22:36:45.000Z,90,2.5,3.66666666666667,0,0
2026-09-19T22:39:55.000Z,2026-09-19T22:41:25.000Z,90,3.16666666666667,4.66666666666667,0,0
2026-09-19T22:43:55.000Z,2026-09-19T22:45:15.000Z,80,2.5,4,0,0
2026-09-19T22:48:25.000Z,2026-09-19T22:49:55.000Z,90,3.16666666666667,4.5,0,0
2026-09-19T22:52:35.000Z,2026-09-19T22:53:45.000Z,70,2.66666666666667,4.16666666666667,0,0
2026-09-19T22:56:55.000Z,2026-09-19T22:58:35.000Z,100,3.16666666666667,4.33333333333333,0,0
2026-09-19T23:01:15.000Z,2026-09-19T23:02:05.000Z,50,2.66666666666667,4.33333333333333,0,0
2026-09-19T23:05:25.000Z,2026-09-19T23:07:15.000Z,110,3.33333333333333,4.16666666666667,0,0
2026-09-19T23:09:55.000Z,2026-09-19T23:10:35.000Z,40,2.66666666666667,4.5,0,0
2026-09-19T23:13:55.000Z,2026-09-19T23:15:45.000Z,110,3.33333333333333,4,0,0
2026-09-19T23:18:35.000Z,2026-09-19T23:18:55.000Z,20,2.83333333333333,4.66666666666667,0,0
2026-09-19T23:22:35.000Z,2026-09-19T23:24:25.000Z,110,3.66666666666667,4,0,0
2026-09-19T23:31:05.000Z,2026-09-19T23:32:55.000Z,110,6.66666666666667,8.5,0,0
2026-09-19T23:39:35.000Z,2026-09-19T23:41:25.000Z,110,6.66666666666667,8.5,0,0
2026-09-19T23:48:15.000Z,2026-09-19T23:49:55.000Z,100,6.83333333333333,8.66666666666667,0,0
2026-09-19T23:56:35.000Z,2026-09-19T23:58:15.000Z,100,6.66666666666667,8.33333333333333,0,0
2026-09-20T00:04:55.000Z,2026-09-20T00:06:35.000Z,100,6.66666666666667,8.33333333333333,0,0
2026-09-20T00:13:25.000Z,2026-09-20T00:15:05.000Z,100,6.83333333333333,8.5,0,0
2026-09-20T00:21:55.000Z,2026-09-20T00:23:35.000Z,100,6.83333333333333,8.5,0,0
2026-09-20T00:30:25.000Z,2026-09-20T00:32:15.000Z,110,6.83333333333333,8.5,0,0
2026-09-20T00:38:55.000Z,2026-09-20T00:40:45.000Z,110,6.66666666666667,8.5,0,0
2026-09-20T00:44:15.000Z,2026-09-20T00:44:45.000Z,30,3.5,5.33333333333333,0,0
2026-09-20T00:47:35.000Z,2026-09-20T00:49:15.000Z,100,2.83333333333333,3.33333333333333,0,0
2026-09-20T00:52:45.000Z,2026-09-20T00:53:25.000Z,40,3.5,5.16666666666667,0,0
2026-09-20T00:56:05.000Z,2026-09-20T00:57:45.000Z,100,2.66666666666667,3.33333333333333,0,0
2026-09-20T01:01:05.000Z,2026-09-20T01:02:05.000Z,60,3.33333333333333,5,0,0
2026-09-20T01:04:45.000Z,2026-09-20T01:06:15.000Z,90,2.66666666666667,3.66666666666667,0,0
2026-09-20T01:09:35.000Z,2026-09-20T01:10:45.000Z,70,3.33333333333333,4.83333333333333,0,0
2026-09-20T01:13:25.000Z,2026-09-20T01:14:45.000Z,80,2.66666666666667,3.83333333333333,0,0
2026-09-20T01:18:05.000Z,2026-09-20T01:19:25.000Z,80,3.33333333333333,4.66666666666667,0,0
2026-09-20T01:21:55.000Z,2026-09-20T01:23:15.000Z,80,2.5,3.83333333333333,0,0
2026-09-20T01:26:35.000Z,2026-09-20T01:28:05.000Z,90,3.33333333333333,4.66666666666667,0,0
2026-09-20T01:30:35.000Z,2026-09-20T01:31:45.000Z,70,2.5,4,0,0
2026-09-20T01:35:05.000Z,2026-09-20T01:36:45.000Z,100,3.33333333333333,4.5,0,0
2026-09-20T01:39:15.000Z,2026-09-20T01:40:15.000Z,60,2.5,4.16666666666667,0,0
2026-09-20T01:43:35.000Z,2026-09-20T01:45:15.000Z,100,3.33333333333333,4.33333333333333,0,0
2026-09-20T01:47:55.000Z,2026-09-20T01:48:45.000Z,50,2.66666666666667,4.33333333333333,0,0
2026-09-20T01:52:05.000Z,2026-09-20T01:53:55.000Z,110,3.33333333333333,4.16666666666667,0,0
2026-09-20T01:56:45.000Z,2026-09-20T01:57:05.000Z,20,2.83333333333333,4.66666666666667,0,0
2026-09-20T02:00:35.000Z,2026-09-20T02:02:25.000Z,110,3.5,3.83333333333333,0,0
2026-09-20T02:09:15.000Z,2026-09-20T02:10:55.000Z,100,6.83333333333333,8.66666666666667,0,0
2026-09-20T02:17:45.000Z,2026-09-20T02:19:25.000Z,100,6.83333333333333,8.5,0,0
2026-09-20T02:26:25.000Z,2026-09-20T02:27:55.000Z,90,7,8.66666666666667,0,0
2026-09-20T02:34:35.000Z,2026-09-20T02:36:25.000Z,110,6.66666666666667,8.16666666666667,0,0
2026-09-20T02:43:05.000Z,2026-09-20T02:44:45.000Z,100,6.66666666666667,8.5,0,0
2026-09-20T02:51:25.000Z,2026-09-20T02:53:05.000Z,100,6.66666666666667,8.33333333333333,0,0
2026-09-20T02:59:55.000Z,2026-09-20T03:01:45.000Z,110,6.83333333333333,8.5,0,0
2026-09-20T03:08:35.000Z,2026-09-20T03:10:15.000Z,100,6.83333333333333,8.66666666666667,0,0
2026-09-20T03:17:05.000Z,2026-09-20T03:18:55.000Z,110,6.83333333333333,8.5,0,0
2026-09-20T03:22:15.000Z,2026-09-20T03:22:55.000Z,40,3.33333333333333,5.16666666666667,0,0
2026-09-20T03:25:35.000Z,2026-09-20T03:27:25.000Z,110,2.66666666666667,3.33333333333333,0,0
2026-09-20T03:30:45.000Z,2026-09-20T03:31:35.000Z,50,3.33333333333333,5.16666666666667,0,0
2026-09-20T03:34:15.000Z,2026-09-20T03:35:55.000Z,100,2.66666666666667,3.5,0,0
2026-09-20T03:39:15.000Z,2026-09-20T03:40:15.000Z,60,3.33333333333333,5,0,0
2026-09-20T03:42:45.000Z,2026-09-20T03:44:25.000Z,100,2.5,3.5,0,0
2026-09-20T03:47:35.000Z,2026-09-20T03:48:55.000Z,80,3.16666666666667,4.83333333333333,0,0
2026-09-20T03:51:25.000Z,2026-09-20T03:52:55.000Z,90,2.5,3.83333333333333,0,0
2026-09-20T03:56:05.000Z,2026-09-20T03:57:35.000Z,90,3.16666666666667,4.66666666666667,0,0
2026-09-20T04:00:05.000Z,2026-09-20T04:01:25.000Z,80,2.5,4,0,0
2026-09-20T04:04:35.000Z,2026-09-20T04:06:05.000Z,90,3.16666666666667,4.5,0,0
2026-09-20T04:08:45.000Z,2026-09-20T04:09:55.000Z,70,2.66666666666667,4.16666666666667,0,0
2026-09-20T04:13:05.000Z,2026-09-20T04:14:45.000Z,100,3.16666666666667,4.33333333333333,0,0
2026-09-20T04:17:25.000Z,2026-09-20T04:18:15.000Z,50,2.66666666666667,4.33333333333333,0,0
2026-09-20T04:21:35.000Z,2026-09-20T04:23:25.000Z,110,3.33333333333333,4.16666666666667,0,0
2026-09-20T04:26:05.000Z,2026-09-20T04:26:45.000Z,40,2.66666666666667,4.5,0,0
2026-09-20T04:30:05.000Z,2026-09-20T04:31:55.000Z,110,3.33333333333333,4,0,0
2026-09-20T04:34:55.000Z,2026-09-20T04:35:05.000Z,10,3,4.83333333333333,0,0
2026-09-20T04:38:45.000Z,2026-09-20T04:40:35.000Z,110,3.66666666666667,3.83333333333333,0,0
2026-09-20T04:47:15.000Z,2026-09-20T04:49:05.000Z,110,6.66666666666667,8.5,0,0
2026-09-20T04:55:55.000Z,2026-09-20T04:57:35.000Z,100,6.83333333333333,8.66666666666667,0,0
2026-09-20T05:04:25.000Z,2026-09-20T05:06:05.000Z,100,6.83333333333333,8.5,0,0
2026-09-20T05:12:45.000Z,2026-09-20T05:14:25.000Z,100,6.66666666666667,8.33333333333333,0,0
2026-09-20T05:21:05.000Z,2026-09-20T05:22:45.000Z,100,6.66666666666667,8.33333333333333,0,0
2026-09-20T05:29:35.000Z,2026-09-20T05:31:15.000Z,100,6.83333333333333,8.5,0,0
2026-09-20T05:38:05.000Z,2026-09-20T05:39:45.000Z,100,6.83333333333333,8.5,0,0
2026-09-20T05:46:35.000Z,2026-09-20T05:48:25.000Z,110,6.83333333333333,8.5,0,0
2026-09-20T05:55:05.000Z,2026-09-20T05:56:55.000Z,110,6.66666666666667,8.5,0,0
2026-09-20T06:00:25.000Z,2026-09-20T06:00:55.000Z,30,3.5,5.33333333333333,0,0
2026-09-20T06:03:45.000Z,2026-09-20T06:05:25.000Z,100,2.83333333333333,3.33333333333333,0,0
2026-09-20T06:08:45.000Z,2026-09-20T06:09:35.000Z,50,3.33333333333333,5,0,0
2026-09-20T06:12:15.000Z,2026-09-20T06:13:55.000Z,100,2.66666666666667,3.5,0,0
2026-09-20T06:17:15.000Z,2026-09-20T06:18:25.000Z,70,3.33333333333333,5,0,0
2026-09-20T06:20:55.000Z,2026-09-20T06:22:25.000Z,90,2.5,3.66666666666667,0,0
2026-09-20T06:25:45.000Z,2026-09-20T06:26:55.000Z,70,3.33333333333333,4.83333333333333,0,0
2026-09-20T06:29:35.000Z,2026-09-20T06:30:55.000Z,80,2.66666666666667,3.83333333333333,0,0
2026-09-20T06:34:15.000Z,2026-09-20T06:35:35.000Z,80,3.33333333333333,4.66666666666667,0,0
2026-09-20T06:38:15.000Z,2026-09-20T06:39:25.000Z,70,2.66666666666667,4,0,0
2026-09-20T06:42:45.000Z,2026-09-20T06:44:15.000Z,90,3.33333333333333,4.5,0,0
2026-09-20T06:46:55.000Z,2026-09-20T06:47:55.000Z,60,2.66666666666667,4.16666666666667,0,0
2026-09-20T06:51:15.000Z,2026-09-20T06:52:55.000Z,100,3.33333333333333,4.33333333333333,0,0
2026-09-20T06:55:35.000Z,2026-09-20T06:56:25.000Z,50,2.66666666666667,4.33333333333333,0,0
2026-09-20T06:59:45.000Z,2026-09-20T07:01:25.000Z,100,3.33333333333333,4.16666666666667,0,0
2026-09-20T07:04:15.000Z,2026-09-20T07:04:45.000Z,30,2.83333333333333,4.5,0,0
2026-09-20T07:08:15.000Z,2026-09-20T07:10:05.000Z,110,3.5,4,0,0
2026-09-20T07:16:45.000Z,2026-09-20T07:18:35.000Z,110,6.66666666666667,8.5,0,0
2026-09-20T07:25:25.000Z,2026-09-20T07:27:05.000Z,100,6.83333333333333,8.66666666666667,0,0
2026-09-20T07:33:55.000Z,2026-09-20T07:35:35.000Z,100,6.83333333333333,8.5,0,0
2026-09-20T07:42:25.000Z,2026-09-20T07:44:05.000Z,100,6.83333333333333,8.5,0,0
2026-09-20T07:50:45.000Z,2026-09-20T07:52:25.000Z,100,6.66666666666667,8.33333333333333,0,0
2026-09-20T07:59:05.000Z,2026-09-20T08:00:45.000Z,100,6.66666666666667,8.33333333333333,0,0
2026-09-20T08:07:35.000Z,2026-09-20T08:09:25.000Z,110,6.83333333333333,8.5,0,0
2026-09-20T08:16:05.000Z,2026-09-20T08:17:55.000Z,110,6.66666666666667,8.5,0,0
2026-09-20T08:24:45.000Z,2026-09-20T08:26:25.000Z,100,6.83333333333333,8.66666666666667,0,0
2026-09-20T08:30:05.000Z,2026-09-20T08:30:15.000Z,10,3.66666666666667,5.33333333333333,0,0
2026-09-20T08:33:15.000Z,2026-09-20T08:35:05.000Z,110,3,3.16666666666667,0,0
2026-09-20T08:38:25.000Z,2026-09-20T08:39:05.000Z,40,3.33333333333333,5.16666666666667,0,0
2026-09-20T08:41:45.000Z,2026-09-20T08:43:35.000Z,110,2.66666666666667,3.33333333333333,0,0
2026-09-20T08:46:55.000Z,2026-09-20T08:47:45.000Z,50,3.33333333333333,5.16666666666667,0,0
2026-09-20T08:50:25.000Z,2026-09-20T08:52:05.000Z,100,2.66666666666667,3.5,0,0
2026-09-20T08:55:15.000Z,2026-09-20T08:56:25.000Z,70,3.16666666666667,4.83333333333333,0,0
2026-09-20T08:59:05.000Z,2026-09-20T09:00:35.000Z,90,2.66666666666667,3.83333333333333,0,0
2026-09-20T09:03:45.000Z,2026-09-20T09:05:05.000Z,80,3.16666666666667,4.66666666666667,0,0
2026-09-20T09:07:35.000Z,2026-09-20T09:09:05.000Z,90,2.5,3.83333333333333,0,0
2026-09-20T09:12:15.000Z,2026-09-20T09:13:45.000Z,90,3.16666666666667,4.66666666666667,0,0
2026-09-20T09:16:15.000Z,2026-09-20T09:17:35.000Z,80,2.5,4,0,0
2026-09-20T09:20:45.000Z,2026-09-20T09:22:25.000Z,100,3.16666666666667,4.5,0,0
2026-09-20T09:24:55.000Z,2026-09-20T09:25:55.000Z,60,2.5,4.16666666666667,0,0
2026-09-20T09:29:15.000Z,2026-09-20T09:30:55.000Z,100,3.33333333333333,4.33333333333333,0,0
2026-09-20T09:33:35.000Z,2026-09-20T09:34:25.000Z,50,2.66666666666667,4.33333333333333,0,0
2026-09-20T09:37:45.000Z,2026-09-20T09:39:35.000Z,110,3.33333333333333,4.16666666666667,0,0
2026-09-20T09:42:15.000Z,2026-09-20T09:42:55.000Z,40,2.66666666666667,4.5,0,0
2026-09-20T09:46:15.000Z,2026-09-20T09:48:05.000Z,110,3.33333333333333,4,0,0
2026-09-20T09:54:55.000Z,2026-09-20T09:56:45.000Z,110,6.83333333333333,8.66666666666667,0,0
2026-09-20T10:03:25.000Z,2026-09-20T10:05:15.000Z,110,6.66666666666667,8.5,0,0
2026-09-20T10:12:05.000Z,2026-09-20T10:13:45.000Z,100,6.83333333333333,8.66666666666667,0,0
2026-09-20T10:20:25.000Z,2026-09-20T10:22:05.000Z,100,6.66666666666667,8.33333333333333,0,0
2026-09-20T10:28:45.000Z,2026-09-20T10:30:35.000Z,110,6.66666666666667,8.33333333333333,0,0
2026-09-20T10:37:15.000Z,2026-09-20T10:38:45.000Z,90,6.66666666666667,8.5,0,0
2026-09-20T10:45:45.000Z,2026-09-20T10:47:25.000Z,100,7,8.5,0,0
2026-09-20T10:54:15.000Z,2026-09-20T10:56:05.000Z,110,6.83333333333333,8.5,0,0
2026-09-20T11:02:45.000Z,2026-09-20T11:04:35.000Z,110,6.66666666666667,8.5,0,0
2026-09-20T11:08:05.000Z,2026-09-20T11:08:25.000Z,20,3.5,5.33333333333333,0,0
2026-09-20T11:11:15.000Z,2026-09-20T11:13:05.000Z,110,2.83333333333333,3.16666666666667,0,0
2026-09-20T11:16:35.000Z,2026-09-20T11:17:15.000Z,40,3.5,5.33333333333333,0,0
2026-09-20T11:19:55.000Z,2026-09-20T11:21:35.000Z,100,2.66666666666667,3.33333333333333,0,0
2026-09-20T11:24:55.000Z,2026-09-20T11:25:55.000Z,60,3.33333333333333,5,0,0
2026-09-20T11:28:25.000Z,2026-09-20T11:30:05.000Z,100,2.5,3.5,0,0
2026-09-20T11:33:25.000Z,2026-09-20T11:34:35.000Z,70,3.33333333333333,5,0,0
2026-09-20T11:37:05.000Z,2026-09-20T11:38:35.000Z,90,2.5,3.66666666666667,0,0
2026-09-20T11:41:55.000Z,2026-09-20T11:43:15.000Z,80,3.33333333333333,4.83333333333333,0,0
2026-09-20T11:45:45.000Z,2026-09-20T11:47:05.000Z,80,2.5,3.83333333333333,0,0
2026-09-20T11:50:25.000Z,2026-09-20T11:51:45.000Z,80,3.33333333333333,4.66666666666667,0,0
2026-09-20T11:54:25.000Z,2026-09-20T11:55:35.000Z,70,2.66666666666667,4,0,0
2026-09-20T11:58:55.000Z,2026-09-20T12:00:25.000Z,90,3.33333333333333,4.5,0,0
2026-09-20T12:03:05.000Z,2026-09-20T12:04:05.000Z,60,2.66666666666667,4.16666666666667,0,0
2026-09-20T12:07:25.000Z,2026-09-20T12:09:05.000Z,100,3.33333333333333,4.33333333333333,0,0
2026-09-20T12:11:45.000Z,2026-09-20T12:12:35.000Z,50,2.66666666666667,4.33333333333333,0,0
2026-09-20T12:15:55.000Z,2026-09-20T12:17:35.000Z,100,3.33333333333333,4.16666666666667,0,0
2026-09-20T12:20:25.000Z,2026-09-20T12:20:55.000Z,30,2.83333333333333,4.5,0,0
2026-09-20T12:24:25.000Z,2026-09-20T12:26:15.000Z,110,3.5,4,0,0
2026-09-20T12:32:55.000Z,2026-09-20T12:34:45.000Z,110,6.66666666666667,8.5,0,0
2026-09-20T12:41:35.000Z,2026-09-20T12:43:15.000Z,100,6.83333333333333,8.66666666666667,0,0
2026-09-20T12:50:05.000Z,2026-09-20T12:51:45.000Z,100,6.83333333333333,8.5,0,0
2026-09-20T12:58:35.000Z,2026-09-20T13:00:15.000Z,100,6.83333333333333,8.5,0,0
2026-09-20T13:06:55.000Z,2026-09-20T13:08:35.000Z,100,6.66666666666667,8.33333333333333,0,0
2026-09-20T13:15:15.000Z,2026-09-20T13:16:55.000Z,100,6.66666666666667,8.33333333333333,0,0
2026-09-20T13:23:45.000Z,2026-09-20T13:25:35.000Z,110,6.83333333333333,8.5,0,0
2026-09-20T13:32:15.000Z,2026-09-20T13:34:05.000Z,110,6.66666666666667,8.5,0,0
2026-09-20T13:40:55.000Z,2026-09-20T13:42:35.000Z,100,6.83333333333333,8.66666666666667,0,0
2026-09-20T13:46:15.000Z,2026-09-20T13:46:35.000Z,20,3.66666666666667,5.33333333333333,0,0
2026-09-20T13:49:25.000Z,2026-09-20T13:51:15.000Z,110,2.83333333333333,3.16666666666667,0,0
2026-09-20T13:54:35.000Z,2026-09-20T13:55:15.000Z,40,3.33333333333333,5.16666666666667,0,0
2026-09-20T13:57:55.000Z,2026-09-20T13:59:45.000Z,110,2.66666666666667,3.33333333333333,0,0
2026-09-20T14:03:05.000Z,2026-09-20T14:03:55.000Z,50,3.33333333333333,5.16666666666667,0,0
2026-09-20T14:06:35.000Z,2026-09-20T14:08:15.000Z,100,2.66666666666667,3.5,0,0
2026-09-20T14:11:25.000Z,2026-09-20T14:12:35.000Z,70,3.16666666666667,4.83333333333333,0,0
2026-09-20T14:15:15.000Z,2026-09-20T14:16:45.000Z,90,2.66666666666667,3.83333333333333,0,0
2026-09-20T14:19:55.000Z,2026-09-20T14:21:15.000Z,80,3.16666666666667,4.66666666666667,0,0
2026-09-20T14:23:55.000Z,2026-09-20T14:25:15.000Z,80,2.66666666666667,4,0,0
2026-09-20T14:28:25.000Z,2026-09-20T14:29:55.000Z,90,3.16666666666667,4.5,0,0
2026-09-20T14:32:25.000Z,2026-09-20T14:33:35.000Z,70,2.5,4,0,0
2026-09-20T14:36:55.000Z,2026-09-20T14:38:35.000Z,100,3.33333333333333,4.5,0,0
2026-09-20T14:41:05.000Z,2026-09-20T14:42:05.000Z,60,2.5,4.16666666666667,0,0
2026-09-20T14:45:25.000Z,2026-09-20T14:47:05.000Z,100,3.33333333333333,4.33333333333333,0,0
2026-09-20T14:49:55.000Z,2026-09-20T14:50:35.000Z,40,2.83333333333333,4.5,0,0
2026-09-20T14:53:55.000Z,2026-09-20T14:55:45.000Z,110,3.33333333333333,4,0,0
2026-09-20T14:58:35.000Z,2026-09-20T14:58:55.000Z,20,2.83333333333333,4.66666666666667,0,0
2026-09-20T15:02:25.000Z,2026-09-20T15:04:15.000Z,110,3.5,3.83333333333333,0,0
2026-09-20T15:11:05.000Z,2026-09-20T15:12:55.000Z,110,6.83333333333333,8.66666666666667,0,0
2026-09-20T15:19:35.000Z,2026-09-20T15:21:25.000Z,110,6.66666666666667,8.5,0,0
2026-09-20T15:28:15.000Z,2026-09-20T15:29:55.000Z,100,6.83333333333333,8.66666666666667,0,0
2026-09-20T15:36:35.000Z,2026-09-20T15:38:15.000Z,100,6.66666666666667,8.33333333333333,0,0
2026-09-20T15:44:55.000Z,2026-09-20T15:46:35.000Z,100,6.66666666666667,8.33333333333333,0,0
2026-09-20T15:53:25.000Z,2026-09-20T15:55:05.000Z,100,6.83333333333333,8.5,0,0
2026-09-20T16:01:55.000Z,2026-09-20T16:03:35.000Z,100,6.83333333333333,8.5,0,0
2026-09-20T16:10:25.000Z,2026-09-20T16:12:15.000Z,110,6.83333333333333,8.5,0,0
2026-09-20T16:18:55.000Z,2026-09-20T16:20:45.000Z,110,6.66666666666667,8.5,0,0
2026-09-20T16:24:15.000Z,2026-09-20T16:24:45.000Z,30,3.5,5.33333333333333,0,0
2026-09-20T16:27:25.000Z,2026-09-20T16:29:15.000Z,110,2.66666666666667,3.16666666666667,0,0
2026-09-20T16:32:35.000Z,2026-09-20T16:33:25.000Z,50,3.33333333333333,5.16666666666667,0,0
2026-09-20T16:36:05.000Z,2026-09-20T16:37:45.000Z,100,2.66666666666667,3.5,0,0
2026-09-20T16:41:05.000Z,2026-09-20T16:42:05.000Z,60,3.33333333333333,5,0,0
2026-09-20T16:44:45.000Z,2026-09-20T16:46:15.000Z,90,2.66666666666667,3.66666666666667,0,0
2026-09-20T16:49:35.000Z,2026-09-20T16:50:45.000Z,70,3.33333333333333,4.83333333333333,0,0
2026-09-20T16:53:15.000Z,2026-09-20T16:54:45.000Z,90,2.5,3.66666666666667,0,0
2026-09-20T16:58:05.000Z,2026-09-20T16:59:25.000Z,80,3.33333333333333,4.83333333333333,0,0
2026-09-20T17:01:55.000Z,2026-09-20T17:03:15.000Z,80,2.5,3.83333333333333,0,0
2026-09-20T17:06:35.000Z,2026-09-20T17:08:05.000Z,90,3.33333333333333,4.66666666666667,0,0
2026-09-20T17:10:35.000Z,2026-09-20T17:11:45.000Z,70,2.5,4,0,0
2026-09-20T17:15:05.000Z,2026-09-20T17:16:35.000Z,90,3.33333333333333,4.5,0,0
2026-09-20T17:19:15.000Z,2026-09-20T17:20:15.000Z,60,2.66666666666667,4.16666666666667,0,0
2026-09-20T17:23:35.000Z,2026-09-20T17:25:15.000Z,100,3.33333333333333,4.33333333333333,0,0
2026-09-20T17:27:55.000Z,2026-09-20T17:28:35.000Z,40,2.66666666666667,4.33333333333333,0,0
2026-09-20T17:32:05.000Z,2026-09-20T17:33:45.000Z,100,3.5,4.16666666666667,0,0
2026-09-20T17:36:45.000Z,2026-09-20T17:37:05.000Z,20,3,4.66666666666667,0,0
2026-09-20T17:40:35.000Z,2026-09-20T17:42:25.000Z,110,3.5,3.83333333333333,0,0
2026-09-20T17:49:05.000Z,2026-09-20T17:50:55.000Z,110,6.66666666666667,8.5,0,0
2026-09-20T17:57:45.000Z,2026-09-20T17:59:25.000Z,100,6.83333333333333,8.66666666666667,0,0
2026-09-20T18:06:15.000Z,2026-09-20T18:07:55.000Z,100,6.83333333333333,8.5,0,0
2026-09-20T18:14:35.000Z,2026-09-20T18:16:25.000Z,110,6.66666666666667,8.33333333333333,0,0
2026-09-20T18:22:55.000Z,2026-09-20T18:24:45.000Z,110,6.5,8.33333333333333,0,0
2026-09-20T18:31:25.000Z,2026-09-20T18:33:05.000Z,100,6.66666666666667,8.5,0,0
2026-09-20T18:39:55.000Z,2026-09-20T18:41:45.000Z,110,6.83333333333333,8.5,0,0
2026-09-20T18:48:25.000Z,2026-09-20T18:50:15.000Z,110,6.66666666666667,8.5,0,0
2026-09-20T18:57:05.000Z,2026-09-20T18:58:45.000Z,100,6.83333333333333,8.66666666666667,0,0
2026-09-20T19:02:15.000Z,2026-09-20T19:02:45.000Z,30,3.5,5.16666666666667,0,0
2026-09-20T19:05:35.000Z,2026-09-20T19:07:25.000Z,110,2.83333333333333,3.33333333333333,0,0
2026-09-20T19:10:45.000Z,2026-09-20T19:11:35.000Z,50,3.33333333333333,5.16666666666667,0,0
2026-09-20T19:14:15.000Z,2026-09-20T19:15:55.000Z,100,2.66666666666667,3.5,0,0
2026-09-20T19:19:05.000Z,2026-09-20T19:20:15.000Z,70,3.16666666666667,4.83333333333333,0,0
2026-09-20T19:22:45.000Z,2026-09-20T19:24:25.000Z,100,2.5,3.66666666666667,0,0
2026-09-20T19:27:35.000Z,2026-09-20T19:28:55.000Z,80,3.16666666666667,4.83333333333333,0,0
2026-09-20T19:31:25.000Z,2026-09-20T19:32:55.000Z,90,2.5,3.83333333333333,0,0
2026-09-20T19:36:05.000Z,2026-09-20T19:37:25.000Z,80,3.16666666666667,4.66666666666667,0,0
2026-09-20T19:40:05.000Z,2026-09-20T19:41:25.000Z,80,2.66666666666667,4,0,0
2026-09-20T19:44:35.000Z,2026-09-20T19:46:05.000Z,90,3.16666666666667,4.5,0,0
2026-09-20T19:48:45.000Z,2026-09-20T19:49:45.000Z,60,2.66666666666667,4.16666666666667,0,0
2026-09-20T19:53:05.000Z,2026-09-20T19:54:45.000Z,100,3.33333333333333,4.33333333333333,0,0
2026-09-20T19:57:25.000Z,2026-09-20T19:58:15.000Z,50,2.66666666666667,4.33333333333333,0,0
2026-09-20T20:01:35.000Z,2026-09-20T20:03:15.000Z,100,3.33333333333333,4.16666666666667,0,0
2026-09-20T20:06:05.000Z,2026-09-20T20:06:45.000Z,40,2.83333333333333,4.5,0,0
2026-09-20T20:10:05.000Z,2026-09-20T20:11:55.000Z,110,3.33333333333333,4,0,0
2026-09-20T20:14:45.000Z,2026-09-20T20:15:05.000Z,20,2.83333333333333,4.66666666666667,0,0
2026-09-20T20:18:35.000Z,2026-09-20T20:20:25.000Z,110,3.5,3.83333333333333,0,0
2026-09-20T20:27:15.000Z,2026-09-20T20:28:55.000Z,100,6.83333333333333,8.66666666666667,0,0
2026-09-20T20:35:45.000Z,2026-09-20T20:37:35.000Z,110,6.83333333333333,8.5,0,0
2026-09-20T20:44:25.000Z,2026-09-20T20:45:55.000Z,90,6.83333333333333,8.66666666666667,0,0
2026-09-20T20:52:45.000Z,2026-09-20T20:54:25.000Z,100,6.83333333333333,8.33333333333333,0,0
2026-09-20T21:01:05.000Z,2026-09-20T21:02:45.000Z,100,6.66666666666667,8.33333333333333,0,0
2026-09-20T21:09:35.000Z,2026-09-20T21:11:15.000Z,100,6.83333333333333,8.5,0,0
2026-09-20T21:18:05.000Z,2026-09-20T21:19:45.000Z,100,6.83333333333333,8.5,0,0
2026-09-20T21:26:35.000Z,2026-09-20T21:28:25.000Z,110,6.83333333333333,8.5,0,0
2026-09-20T21:35:05.000Z,2026-09-20T21:36:55.000Z,110,6.66666666666667,8.5,0,0
2026-09-20T21:40:25.000Z,2026-09-20T21:40:55.000Z,30,3.5,5.33333333333333,0,0
2026-09-20T21:43:45.000Z,2026-09-20T21:45:25.000Z,100,2.83333333333333,3.33333333333333,0,0
2026-09-20T21:48:45.000Z,2026-09-20T21:49:35.000Z,50,3.33333333333333,5,0,0
2026-09-20T21:52:15.000Z,2026-09-20T21:53:55.000Z,100,2.66666666666667,3.5,0,0
2026-09-20T21:57:15.000Z,2026-09-20T21:58:15.000Z,60,3.33333333333333,5,0,0
2026-09-20T22:00:55.000Z,2026-09-20T22:02:25.000Z,90,2.66666666666667,3.66666666666667,0,0
2026-09-20T22:05:45.000Z,2026-09-20T22:06:55.000Z,70,3.33333333333333,4.83333333333333,0,0
2026-09-20T22:09:25.000Z,2026-09-20T22:10:55.000Z,90,2.5,3.66666666666667,0,0
2026-09-20T22:14:15.000Z,2026-09-20T22:15:35.000Z,80,3.33333333333333,4.83333333333333,0,0
2026-09-20T22:18:05.000Z,2026-09-20T22:19:25.000Z,80,2.5,3.83333333333333,0,0
2026-09-20T22:22:35.000Z,2026-09-20T22:24:15.000Z,100,3.16666666666667,4.5,0,0
2026-09-20T22:26:45.000Z,2026-09-20T22:27:55.000Z,70,2.5,4.16666666666667,0,0
2026-09-20T22:31:05.000Z,2026-09-20T22:32:45.000Z,100,3.16666666666667,4.33333333333333,0,0
2026-09-20T22:35:25.000Z,2026-09-20T22:36:25.000Z,60,2.66666666666667,4.33333333333333,0,0
2026-09-20T22:39:45.000Z,2026-09-20T22:41:25.000Z,100,3.33333333333333,4.33333333333333,0,0
2026-09-20T22:44:05.000Z,2026-09-20T22:44:45.000Z,40,2.66666666666667,4.33333333333333,0,0
2026-09-20T22:48:15.000Z,2026-09-20T22:49:55.000Z,100,3.5,4.16666666666667,0,0
2026-09-20T22:52:55.000Z,2026-09-20T22:53:05.000Z,10,3,4.66666666666667,0,0
2026-09-20T22:56:45.000Z,2026-09-20T22:58:35.000Z,110,3.66666666666667,3.83333333333333,0,0
2026-09-20T23:05:15.000Z,2026-09-20T23:07:05.000Z,110,6.66666666666667,8.5,0,0
2026-09-20T23:13:55.000Z,2026-09-20T23:15:35.000Z,100,6.83333333333333,8.66666666666667,0,0
2026-09-20T23:22:25.000Z,2026-09-20T23:24:05.000Z,100,6.83333333333333,8.5,0,0
2026-09-20T23:30:45.000Z,2026-09-20T23:32:25.000Z,100,6.66666666666667,8.33333333333333,0,0
2026-09-20T23:39:05.000Z,2026-09-20T23:40:45.000Z,100,6.66666666666667,8.33333333333333,0,0
2026-09-20T23:47:35.000Z,2026-09-20T23:49:15.000Z,100,6.83333333333333,8.5,0,0
2026-09-20T23:56:05.000Z,2026-09-20T23:57:55.000Z,110,6.83333333333333,8.5,0,0
2026-09-21T00:04:35.000Z,2026-09-21T00:06:25.000Z,110,6.66666666666667,8.5,0,0
2026-09-21T00:10:05.000Z,2026-09-21T00:10:15.000Z,10,3.66666666666667,5.5,0,0
2026-09-21T00:13:15.000Z,2026-09-21T00:14:55.000Z,100,3,3.16666666666667,0,0
2026-09-21T00:18:25.000Z,2026-09-21T00:19:05.000Z,40,3.5,5.16666666666667,0,0
2026-09-21T00:21:45.000Z,2026-09-21T00:23:35.000Z,110,2.66666666666667,3.33333333333333,0,0
2026-09-21T00:26:55.000Z,2026-09-21T00:27:45.000Z,50,3.33333333333333,5.16666666666667,0,0
2026-09-21T00:30:25.000Z,2026-09-21T00:32:05.000Z,100,2.66666666666667,3.5,0,0
2026-09-21T00:35:15.000Z,2026-09-21T00:36:25.000Z,70,3.16666666666667,4.83333333333333,0,0
2026-09-21T00:38:55.000Z,2026-09-21T00:40:35.000Z,100,2.5,3.66666666666667,0,0
2026-09-21T00:43:45.000Z,2026-09-21T00:45:05.000Z,80,3.16666666666667,4.83333333333333,0,0
2026-09-21T00:47:35.000Z,2026-09-21T00:49:05.000Z,90,2.5,3.83333333333333,0,0
2026-09-21T00:52:15.000Z,2026-09-21T00:53:45.000Z,90,3.16666666666667,4.66666666666667,0,0
2026-09-21T00:56:15.000Z,2026-09-21T00:57:25.000Z,70,2.5,4,0,0
2026-09-21T01:00:45.000Z,2026-09-21T01:02:15.000Z,90,3.33333333333333,4.5,0,0
2026-09-21T01:04:55.000Z,2026-09-21T01:05:55.000Z,60,2.66666666666667,4.16666666666667,0,0
2026-09-21T01:09:15.000Z,2026-09-21T01:10:55.000Z,100,3.33333333333333,4.33333333333333,0,0
2026-09-21T01:13:35.000Z,2026-09-21T01:14:25.000Z,50,2.66666666666667,4.33333333333333,0,0
2026-09-21T01:17:45.000Z,2026-09-21T01:19:35.000Z,110,3.33333333333333,4.16666666666667,0,0
2026-09-21T01:22:15.000Z,2026-09-21T01:22:45.000Z,30,2.66666666666667,4.5,0,0
2026-09-21T01:26:15.000Z,2026-09-21T01:28:05.000Z,110,3.5,4,0,0
2026-09-21T01:34:45.000Z,2026-09-21T01:36:35.000Z,110,6.66666666666667,8.5,0,0
2026-09-21T01:43:25.000Z,2026-09-21T01:45:05.000Z,100,6.83333333333333,8.66666666666667,0,0
2026-09-21T01:51:55.000Z,2026-09-21T01:53:35.000Z,100,6.83333333333333,8.5,0,0
2026-09-21T02:00:25.000Z,2026-09-21T02:02:05.000Z,100,6.83333333333333,8.5,0,0
2026-09-21T02:08:45.000Z,2026-09-21T02:10:35.000Z,110,6.66666666666667,8.33333333333333,0,0
2026-09-21T02:17:15.000Z,2026-09-21T02:18:45.000Z,90,6.66666666666667,8.5,0,0
2026-09-21T02:25:45.000Z,2026-09-21T02:27:25.000Z,100,7,8.5,0,0
2026-09-21T02:34:15.000Z,2026-09-21T02:35:55.000Z,100,6.83333333333333,8.5,0,0
2026-09-21T02:42:45.000Z,2026-09-21T02:44:35.000Z,110,6.83333333333333,8.5,0,0
2026-09-21T02:48:05.000Z,2026-09-21T02:48:25.000Z,20,3.5,5.33333333333333,0,0
2026-09-21T02:51:15.000Z,2026-09-21T02:53:05.000Z,110,2.83333333333333,3.16666666666667,0,0
2026-09-21T02:56:25.000Z,2026-09-21T02:57:05.000Z,40,3.33333333333333,5.16666666666667,0,0
2026-09-21T02:59:55.000Z,2026-09-21T03:01:35.000Z,100,2.83333333333333,3.5,0,0
2026-09-21T03:04:55.000Z,2026-09-21T03:05:45.000Z,50,3.33333333333333,5,0,0
2026-09-21T03:08:25.000Z,2026-09-21T03:10:05.000Z,100,2.66666666666667,3.5,0,0
2026-09-21T03:13:25.000Z,2026-09-21T03:14:25.000Z,60,3.33333333333333,5,0,0
2026-09-21T03:17:05.000Z,2026-09-21T03:18:35.000Z,90,2.66666666666667,3.66666666666667,0,0
2026-09-21T03:21:55.000Z,2026-09-21T03:23:05.000Z,70,3.33333333333333,4.83333333333333,0,0
2026-09-21T03:25:45.000Z,2026-09-21T03:27:05.000Z,80,2.66666666666667,3.83333333333333,0,0
2026-09-21T03:30:15.000Z,2026-09-21T03:31:45.000Z,90,3.16666666666667,4.5,0,0
2026-09-21T03:34:25.000Z,2026-09-21T03:35:35.000Z,70,2.66666666666667,4.16666666666667,0,0
2026-09-21T03:38:45.000Z,2026-09-21T03:40:25.000Z,100,3.16666666666667,4.33333333333333,0,0
2026-09-21T03:42:55.000Z,2026-09-21T03:44:05.000Z,70,2.5,4.16666666666667,0,0
2026-09-21T03:47:15.000Z,2026-09-21T03:49:05.000Z,110,3.16666666666667,4.33333333333333,0,0
2026-09-21T03:51:45.000Z,2026-09-21T03:52:25.000Z,40,2.66666666666667,4.5,0,0
2026-09-21T03:55:55.000Z,2026-09-21T03:57:35.000Z,100,3.5,4.16666666666667,0,0
2026-09-21T04:00:25.000Z,2026-09-21T04:00:55.000Z,30,2.83333333333333,4.5,0,0
2026-09-21T04:04:25.000Z,2026-09-21T04:06:05.000Z,100,3.5,4,0,0
2026-09-21T04:12:55.000Z,2026-09-21T04:14:45.000Z,110,6.83333333333333,8.5,0,0
2026-09-21T04:21:25.000Z,2026-09-21T04:23:15.000Z,110,6.66666666666667,8.5,0,0
2026-09-21T04:30:05.000Z,2026-09-21T04:31:45.000Z,100,6.83333333333333,8.66666666666667,0,0
2026-09-21T04:38:25.000Z,2026-09-21T04:40:15.000Z,110,6.66666666666667,8.33333333333333,0,0
2026-09-21T04:46:55.000Z,2026-09-21T04:48:35.000Z,100,6.66666666666667,8.5,0,0
2026-09-21T04:55:15.000Z,2026-09-21T04:56:55.000Z,100,6.66666666666667,8.33333333333333,0,0
2026-09-21T05:03:45.000Z,2026-09-21T05:05:25.000Z,100,6.83333333333333,8.5,0,0
2026-09-21T05:12:15.000Z,2026-09-21T05:14:05.000Z,110,6.83333333333333,8.5,0,0
2026-09-21T05:20:45.000Z,2026-09-21T05:22:35.000Z,110,6.66666666666667,8.5,0,0
2026-09-21T05:26:05.000Z,2026-09-21T05:26:25.000Z,20,3.5,5.33333333333333,0,0
2026-09-21T05:29:25.000Z,2026-09-21T05:31:05.000Z,100,3,3.33333333333333,0,0
2026-09-21T05:34:35.000Z,2026-09-21T05:35:15.000Z,40,3.5,5.16666666666667,0,0
2026-09-21T05:37:55.000Z,2026-09-21T05:39:35.000Z,100,2.66666666666667,3.33333333333333,0,0
2026-09-21T05:42:55.000Z,2026-09-21T05:43:55.000Z,60,3.33333333333333,5,0,0
2026-09-21T05:46:35.000Z,2026-09-21T05:48:15.000Z,100,2.66666666666667,3.66666666666667,0,0
2026-09-21T05:51:25.000Z,2026-09-21T05:52:35.000Z,70,3.16666666666667,4.83333333333333,0,0
2026-09-21T05:55:05.000Z,2026-09-21T05:56:35.000Z,90,2.5,3.66666666666667,0,0
2026-09-21T05:59:55.000Z,2026-09-21T06:01:15.000Z,80,3.33333333333333,4.83333333333333,0,0
2026-09-21T06:03:45.000Z,2026-09-21T06:05:05.000Z,80,2.5,3.83333333333333,0,0
2026-09-21T06:08:25.000Z,2026-09-21T06:09:55.000Z,90,3.33333333333333,4.66666666666667,0,0
2026-09-21T06:12:25.000Z,2026-09-21T06:13:35.000Z,70,2.5,4,0,0
2026-09-21T06:16:55.000Z,2026-09-21T06:18:25.000Z,90,3.33333333333333,4.5,0,0
2026-09-21T06:21:05.000Z,2026-09-21T06:22:05.000Z,60,2.66666666666667,4.16666666666667,0,0
2026-09-21T06:25:25.000Z,2026-09-21T06:27:05.000Z,100,3.33333333333333,4.33333333333333,0,0
2026-09-21T06:29:45.000Z,2026-09-21T06:30:35.000Z,50,2.66666666666667,4.33333333333333,0,0
2026-09-21T06:33:55.000Z,2026-09-21T06:35:45.000Z,110,3.33333333333333,4.16666666666667,0,0
2026-09-21T06:38:35.000Z,2026-09-21T06:38:55.000Z,20,2.83333333333333,4.66666666666667,0,0
2026-09-21T06:42:25.000Z,2026-09-21T06:44:15.000Z,110,3.5,3.83333333333333,0,0
2026-09-21T06:50:55.000Z,2026-09-21T06:52:45.000Z,110,6.66666666666667,8.5,0,0
2026-09-21T06:59:35.000Z,2026-09-21T07:01:15.000Z,100,6.83333333333333,8.66666666666667,0,0
2026-09-21T07:08:05.000Z,2026-09-21T07:09:45.000Z,100,6.83333333333333,8.5,0,0
2026-09-21T07:16:35.000Z,2026-09-21T07:18:15.000Z,100,6.83333333333333,8.5,0,0
2026-09-21T07:24:55.000Z,2026-09-21T07:26:35.000Z,100,6.66666666666667,8.33333333333333,0,0
2026-09-21T07:33:25.000Z,2026-09-21T07:34:55.000Z,90,6.83333333333333,8.5,0,0
2026-09-21T07:41:45.000Z,2026-09-21T07:43:35.000Z,110,6.83333333333333,8.33333333333333,0,0
2026-09-21T07:50:25.000Z,2026-09-21T07:52:05.000Z,100,6.83333333333333,8.66666666666667,0,0
2026-09-21T07:58:55.000Z,2026-09-21T08:00:45.000Z,110,6.83333333333333,8.5,0,0
2026-09-21T08:04:15.000Z,2026-09-21T08:04:35.000Z,20,3.5,5.33333333333333,0,0
2026-09-21T08:07:25.000Z,2026-09-21T08:09:15.000Z,110,2.83333333333333,3.16666666666667,0,0
2026-09-21T08:12:35.000Z,2026-09-21T08:13:25.000Z,50,3.33333333333333,5.16666666666667,0,0
2026-09-21T08:16:05.000Z,2026-09-21T08:17:45.000Z,100,2.66666666666667,3.5,0,0
2026-09-21T08:21:05.000Z,2026-09-21T08:22:05.000Z,60,3.33333333333333,5,0,0
2026-09-21T08:24:35.000Z,2026-09-21T08:26:15.000Z,100,2.5,3.5,0,0
2026-09-21T08:29:35.000Z,2026-09-21T08:30:45.000Z,70,3.33333333333333,5,0,0
2026-09-21T08:33:15.000Z,2026-09-21T08:34:45.000Z,90,2.5,3.66666666666667,0,0
2026-09-21T08:37:55.000Z,2026-09-21T08:39:25.000Z,90,3.16666666666667,4.66666666666667,0,0
2026-09-21T08:41:55.000Z,2026-09-21T08:43:15.000Z,80,2.5,4,0,0
2026-09-21T08:46:25.000Z,2026-09-21T08:47:55.000Z,90,3.16666666666667,4.5,0,0
2026-09-21T08:50:35.000Z,2026-09-21T08:51:45.000Z,70,2.66666666666667,4.16666666666667,0,0
2026-09-21T08:54:55.000Z,2026-09-21T08:56:35.000Z,100,3.16666666666667,4.33333333333333,0,0
2026-09-21T08:59:15.000Z,2026-09-21T09:00:05.000Z,50,2.66666666666667,4.33333333333333,0,0
2026-09-21T09:03:25.000Z,2026-09-21T09:05:15.000Z,110,3.33333333333333,4.16666666666667,0,0
2026-09-21T09:07:55.000Z,2026-09-21T09:08:35.000Z,40,2.66666666666667,4.5,0,0
2026-09-21T09:11:55.000Z,2026-09-21T09:13:45.000Z,110,3.33333333333333,4,0,0
2026-09-21T09:16:35.000Z,2026-09-21T09:17:05.000Z,30,2.83333333333333,4.66666666666667,0,0
2026-09-21T09:20:35.000Z,2026-09-21T09:22:25.000Z,110,3.5,4,0,0
2026-09-21T09:29:05.000Z,2026-09-21T09:30:55.000Z,110,6.66666666666667,8.5,0,0
2026-09-21T09:37:35.000Z,2026-09-21T09:39:25.000Z,110,6.66666666666667,8.5,0,0
2026-09-21T09:46:15.000Z,2026-09-21T09:47:55.000Z,100,6.83333333333333,8.66666666666667,0,0
2026-09-21T09:54:35.000Z,2026-09-21T09:56:15.000Z,100,6.66666666666667,8.33333333333333,0,0
2026-09-21T10:02:55.000Z,2026-09-21T10:04:35.000Z,100,6.66666666666667,8.33333333333333,0,0
2026-09-21T10:11:25.000Z,2026-09-21T10:13:05.000Z,100,6.83333333333333,8.5,0,0
2026-09-21T10:19:55.000Z,2026-09-21T10:21:35.000Z,100,6.83333333333333,8.5,0,0
2026-09-21T10:28:25.000Z,2026-09-21T10:30:15.000Z,110,6.83333333333333,8.5,0,0
2026-09-21T10:36:55.000Z,2026-09-21T10:38:45.000Z,110,6.66666666666667,8.5,0,0
2026-09-21T10:42:15.000Z,2026-09-21T10:42:45.000Z,30,3.5,5.33333333333333,0,0
2026-09-21T10:45:35.000Z,2026-09-21T10:47:15.000Z,100,2.83333333333333,3.33333333333333,0,0
2026-09-21T10:50:45.000Z,2026-09-21T10:51:25.000Z,40,3.5,5.16666666666667,0,0
2026-09-21T10:54:05.000Z,2026-09-21T10:55:45.000Z,100,2.66666666666667,3.33333333333333,0,0
2026-09-21T10:59:05.000Z,2026-09-21T11:00:05.000Z,60,3.33333333333333,5,0,0
2026-09-21T11:02:45.000Z,2026-09-21T11:04:15.000Z,90,2.66666666666667,3.66666666666667,0,0
2026-09-21T11:07:35.000Z,2026-09-21T11:08:45.000Z,70,3.33333333333333,4.83333333333333,0,0
2026-09-21T11:11:25.000Z,2026-09-21T11:12:45.000Z,80,2.66666666666667,3.83333333333333,0,0
2026-09-21T11:16:05.000Z,2026-09-21T11:17:25.000Z,80,3.33333333333333,4.66666666666667,0,0
2026-09-21T11:19:55.000Z,2026-09-21T11:21:15.000Z,80,2.5,3.83333333333333,0,0
2026-09-21T11:24:35.000Z,2026-09-21T11:26:05.000Z,90,3.33333333333333,4.66666666666667,0,0
2026-09-21T11:28:35.000Z,2026-09-21T11:29:45.000Z,70,2.5,4,0,0
2026-09-21T11:33:05.000Z,2026-09-21T11:34:45.000Z,100,3.33333333333333,4.5,0,0
2026-09-21T11:37:15.000Z,2026-09-21T11:38:15.000Z,60,2.5,4.16666666666667,0,0
2026-09-21T11:41:35.000Z,2026-09-21T11:43:15.000Z,100,3.33333333333333,4.33333333333333,0,0
2026-09-21T11:45:55.000Z,2026-09-21T11:46:45.000Z,50,2.66666666666667,4.33333333333333,0,0
2026-09-21T11:50:05.000Z,2026-09-21T11:51:55.000Z,110,3.33333333333333,4.16666666666667,0,0
2026-09-21T11:54:45.000Z,2026-09-21T11:55:05.000Z,20,2.83333333333333,4.66666666666667,0,0
2026-09-21T11:58:35.000Z,2026-09-21T12:00:25.000Z,110,3.5,3.83333333333333,0,0
2026-09-21T12:07:15.000Z,2026-09-21T12:08:55.000Z,100,6.83333333333333,8.66666666666667,0,0
2026-09-21T12:15:45.000Z,2026-09-21T12:17:25.000Z,100,6.83333333333333,8.5,0,0
2026-09-21T12:24:25.000Z,2026-09-21T12:25:55.000Z,90,7,8.66666666666667,0,0
2026-09-21T12:32:35.000Z,2026-09-21T12:34:25.000Z,110,6.66666666666667,8.16666666666667,0,0
2026-09-21T12:41:05.000Z,2026-09-21T12:42:45.000Z,100,6.66666666666667,8.5,0,0
2026-09-21T12:49:25.000Z,2026-09-21T12:51:05.000Z,100,6.66666666666667,8.33333333333333,0,0
2026-09-21T12:57:55.000Z,2026-09-21T12:59:45.000Z,110,6.83333333333333,8.5,0,0
2026-09-21T13:06:35.000Z,2026-09-21T13:08:15.000Z,100,6.83333333333333,8.66666666666667,0,0
2026-09-21T13:15:05.000Z,2026-09-21T13:16:55.000Z,110,6.83333333333333,8.5,0,0
2026-09-21T13:20:15.000Z,2026-09-21T13:20:55.000Z,40,3.33333333333333,5.16666666666667,0,0
2026-09-21T13:23:35.000Z,2026-09-21T13:25:25.000Z,110,2.66666666666667,3.33333333333333,0,0
2026-09-21T13:28:45.000Z,2026-09-21T13:29:35.000Z,50,3.33333333333333,5.16666666666667,0,0
2026-09-21T13:32:15.000Z,2026-09-21T13:33:55.000Z,100,2.66666666666667,3.5,0,0
2026-09-21T13:37:15.000Z,2026-09-21T13:38:15.000Z,60,3.33333333333333,5,0,0
2026-09-21T13:40:45.000Z,2026-09-21T13:42:25.000Z,100,2.5,3.5,0,0
2026-09-21T13:45:35.000Z,2026-09-21T13:46:55.000Z,80,3.16666666666667,4.83333333333333,0,0
2026-09-21T13:49:25.000Z,2026-09-21T13:50:55.000Z,90,2.5,3.83333333333333,0,0
2026-09-21T13:54:05.000Z,2026-09-21T13:55:35.000Z,90,3.16666666666667,4.66666666666667,0,0
2026-09-21T13:58:05.000Z,2026-09-21T13:59:25.000Z,80,2.5,4,0,0
2026-09-21T14:02:35.000Z,2026-09-21T14:04:05.000Z,90,3.16666666666667,4.5,0,0
2026-09-21T14:06:45.000Z,2026-09-21T14:07:55.000Z,70,2.66666666666667,4.16666666666667,0,0
2026-09-21T14:11:05.000Z,2026-09-21T14:12:45.000Z,100,3.16666666666667,4.33333333333333,0,0
2026-09-21T14:15:25.000Z,2026-09-21T14:16:15.000Z,50,2.66666666666667,4.33333333333333,0,0
2026-09-21T14:19:35.000Z,2026-09-21T14:21:25.000Z,110,3.33333333333333,4.16666666666667,0,0
2026-09-21T14:24:05.000Z,2026-09-21T14:24:45.000Z,40,2.66666666666667,4.5,0,0
2026-09-21T14:28:05.000Z,2026-09-21T14:29:55.000Z,110,3.33333333333333,4,0,0
2026-09-21T14:32:55.000Z,2026-09-21T14:33:05.000Z,10,3,4.83333333333333,0,0
2026-09-21T14:36:45.000Z,2026-09-21T14:38:35.000Z,110,3.66666666666667,3.83333333333333,0,0
2026-09-21T14:45:15.000Z,2026-09-21T14:47:05.000Z,110,6.66666666666667,8.5,0,0
2026-09-21T14:53:55.000Z,2026-09-21T14:55:35.000Z,100,6.83333333333333,8.66666666666667,0,0
2026-09-21T15:02:25.000Z,2026-09-21T15:04:05.000Z,100,6.83333333333333,8.5,0,0
2026-09-21T15:10:45.000Z,2026-09-21T15:12:25.000Z,100,6.66666666666667,8.33333333333333,0,0
2026-09-21T15:19:05.000Z,2026-09-21T15:20:45.000Z,100,6.66666666666667,8.33333333333333,0,0
2026-09-21T15:27:35.000Z,2026-09-21T15:29:15.000Z,100,6.83333333333333,8.5,0,0
2026-09-21T15:36:05.000Z,2026-09-21T15:37:45.000Z,100,6.83333333333333,8.5,0,0
2026-09-21T15:44:35.000Z,2026-09-21T15:46:25.000Z,110,6.83333333333333,8.5,0,0
2026-09-21T15:53:05.000Z,2026-09-21T15:54:55.000Z,110,6.66666666666667,8.5,0,0
2026-09-21T15:58:25.000Z,2026-09-21T15:58:55.000Z,30,3.5,5.33333333333333,0,0
2026-09-21T16:01:45.000Z,2026-09-21T16:03:25.000Z,100,2.83333333333333,3.33333333333333,0,0
2026-09-21T16:06:45.000Z,2026-09-21T16:07:35.000Z,50,3.33333333333333,5,0,0
2026-09-21T16:10:15.000Z,2026-09-21T16:11:55.000Z,100,2.66666666666667,3.5,0,0
2026-09-21T16:15:15.000Z,2026-09-21T16:16:15.000Z,60,3.33333333333333,5,0,0
2026-09-21T16:18:55.000Z,2026-09-21T16:20:25.000Z,90,2.66666666666667,3.66666666666667,0,0
2026-09-21T16:23:45.000Z,2026-09-21T16:24:55.000Z,70,3.33333333333333,4.83333333333333,0,0
2026-09-21T16:27:35.000Z,2026-09-21T16:28:55.000Z,80,2.66666666666667,3.83333333333333,0,0
2026-09-21T16:32:15.000Z,2026-09-21T16:33:35.000Z,80,3.33333333333333,4.66666666666667,0,0
2026-09-21T16:36:15.000Z,2026-09-21T16:37:25.000Z,70,2.66666666666667,4,0,0
2026-09-21T16:40:45.000Z,2026-09-21T16:42:15.000Z,90,3.33333333333333,4.5,0,0
2026-09-21T16:44:55.000Z,2026-09-21T16:45:55.000Z,60,2.66666666666667,4.16666666666667,0,0
2026-09-21T16:49:15.000Z,2026-09-21T16:50:55.000Z,100,3.33333333333333,4.33333333333333,0,0
2026-09-21T16:53:35.000Z,2026-09-21T16:54:25.000Z,50,2.66666666666667,4.33333333333333,0,0
2026-09-21T16:57:45.000Z,2026-09-21T16:59:25.000Z,100,3.33333333333333,4.16666666666667,0,0
2026-09-21T17:02:15.000Z,2026-09-21T17:02:45.000Z,30,2.83333333333333,4.5,0,0
2026-09-21T17:06:15.000Z,2026-09-21T17:08:05.000Z,110,3.5,4,0,0
2026-09-21T17:14:45.000Z,2026-09-21T17:16:35.000Z,110,6.66666666666667,8.5,0,0
2026-09-21T17:23:25.000Z,2026-09-21T17:25:05.000Z,100,6.83333333333333,8.66666666666667,0,0
2026-09-21T17:31:55.000Z,2026-09-21T17:33:35.000Z,100,6.83333333333333,8.5,0,0
2026-09-21T17:40:25.000Z,2026-09-21T17:42:05.000Z,100,6.83333333333333,8.5,0,0
2026-09-21T17:48:45.000Z,2026-09-21T17:50:25.000Z,100,6.66666666666667,8.33333333333333,0,0
2026-09-21T17:57:05.000Z,2026-09-21T17:58:45.000Z,100,6.66666666666667,8.33333333333333,0,0
2026-09-21T18:05:35.000Z,2026-09-21T18:07:25.000Z,110,6.83333333333333,8.5,0,0
2026-09-21T18:14:05.000Z,2026-09-21T18:15:55.000Z,110,6.66666666666667,8.5,0,0
2026-09-21T18:22:45.000Z,2026-09-21T18:24:25.000Z,100,6.83333333333333,8.66666666666667,0,0
2026-09-21T18:28:05.000Z,2026-09-21T18:28:15.000Z,10,3.66666666666667,5.33333333333333,0,0
2026-09-21T18:31:15.000Z,2026-09-21T18:33:05.000Z,110,3,3.16666666666667,0,0
2026-09-21T18:36:25.000Z,2026-09-21T18:37:05.000Z,40,3.33333333333333,5.16666666666667,0,0
2026-09-21T18:39:45.000Z,2026-09-21T18:41:35.000Z,110,2.66666666666667,3.33333333333333,0,0
2026-09-21T18:44:55.000Z,2026-09-21T18:45:45.000Z,50,3.33333333333333,5.16666666666667,0,0
2026-09-21T18:48:25.000Z,2026-09-21T18:50:05.000Z,100,2.66666666666667,3.5,0,0
2026-09-21T18:53:15.000Z,2026-09-21T18:54:25.000Z,70,3.16666666666667,4.83333333333333,0,0
2026-09-21T18:57:05.000Z,2026-09-21T18:58:35.000Z,90,2.66666666666667,3.83333333333333,0,0
2026-09-21T19:01:45.000Z,2026-09-21T19:03:05.000Z,80,3.16666666666667,4.66666666666667,0,0
2026-09-21T19:05:35.000Z,2026-09-21T19:07:05.000Z,90,2.5,3.83333333333333,0,0
2026-09-21T19:10:15.000Z,2026-09-21T19:11:45.000Z,90,3.16666666666667,4.66666666666667,0,0
2026-09-21T19:14:15.000Z,2026-09-21T19:15:35.000Z,80,2.5,4,0,0
2026-09-21T19:18:45.000Z,2026-09-21T19:20:25.000Z,100,3.16666666666667,4.5,0,0
2026-09-21T19:22:55.000Z,2026-09-21T19:23:55.000Z,60,2.5,4.16666666666667,0,0
2026-09-21T19:27:15.000Z,2026-09-21T19:28:55.000Z,100,3.33333333333333,4.33333333333333,0,0
2026-09-21T19:31:35.000Z,2026-09-21T19:32:25.000Z,50,2.66666666666667,4.33333333333333,0,0
2026-09-21T19:35:45.000Z,2026-09-21T19:37:35.000Z,110,3.33333333333333,4.16666666666667,0,0
2026-09-21T19:40:15.000Z,2026-09-21T19:40:55.000Z,40,2.66666666666667,4.5,0,0
2026-09-21T19:44:15.000Z,2026-09-21T19:46:05.000Z,110,3.33333333333333,4,0,0
2026-09-21T19:52:55.000Z,2026-09-21T19:54:45.000Z,110,6.83333333333333,8.66666666666667,0,0
2026-09-21T20:01:25.000Z,2026-09-21T20:03:15.000Z,110,6.66666666666667,8.5,0,0
2026-09-21T20:10:05.000Z,2026-09-21T20:11:45.000Z,100,6.83333333333333,8.66666666666667,0,0
2026-09-21T20:18:25.000Z,2026-09-21T20:20:05.000Z,100,6.66666666666667,8.33333333333333,0,0
2026-09-21T20:26:45.000Z,2026-09-21T20:28:35.000Z,110,6.66666666666667,8.33333333333333,0,0
2026-09-21T20:35:15.000Z,2026-09-21T20:36:45.000Z,90,6.66666666666667,8.5,0,0
2026-09-21T20:43:45.000Z,2026-09-21T20:45:25.000Z,100,7,8.5,0,0
2026-09-21T20:52:15.000Z,2026-09-21T20:54:05.000Z,110,6.83333333333333,8.5,0,0
2026-09-21T21:00:45.000Z,2026-09-21T21:02:35.000Z,110,6.66666666666667,8.5,0,0
2026-09-21T21:06:05.000Z,2026-09-21T21:06:25.000Z,20,3.5,5.33333333333333,0,0
2026-09-21T21:09:15.000Z,2026-09-21T21:11:05.000Z,110,2.83333333333333,3.16666666666667,0,0
2026-09-21T21:14:35.000Z,2026-09-21T21:15:15.000Z,40,3.5,5.33333333333333,0,0
2026-09-21T21:17:55.000Z,2026-09-21T21:19:35.000Z,100,2.66666666666667,3.33333333333333,0,0
2026-09-21T21:22:55.000Z,2026-09-21T21:23:55.000Z,60,3.33333333333333,5,0,0
2026-09-21T21:26:25.000Z,2026-09-21T21:28:05.000Z,100,2.5,3.5,0,0
2026-09-21T21:31:25.000Z,2026-09-21T21:32:35.000Z,70,3.33333333333333,5,0,0
2026-09-21T21:35:05.000Z,2026-09-21T21:36:35.000Z,90,2.5,3.66666666666667,0,0
2026-09-21T21:39:55.000Z,2026-09-21T21:41:15.000Z,80,3.33333333333333,4.83333333333333,0,0
2026-09-21T21:43:45.000Z,2026-09-21T21:45:05.000Z,80,2.5,3.83333333333333,0,0
2026-09-21T21:48:25.000Z,2026-09-21T21:49:45.000Z,80,3.33333333333333,4.66666666666667,0,0
2026-09-21T21:52:25.000Z,2026-09-21T21:53:35.000Z,70,2.66666666666667,4,0,0
2026-09-21T21:56:55.000Z,2026-09-21T21:58:25.000Z,90,3.33333333333333,4.5,0,0
2026-09-21T22:01:05.000Z,2026-09-21T22:02:05.000Z,60,2.66666666666667,4.16666666666667,0,0
2026-09-21T22:05:25.000Z,2026-09-21T22:07:05.000Z,100,3.33333333333333,4.33333333333333,0,0
2026-09-21T22:09:45.000Z,2026-09-21T22:10:35.000Z,50,2.66666666666667,4.33333333333333,0,0
2026-09-21T22:13:55.000Z,2026-09-21T22:15:35.000Z,100,3.33333333333333,4.16666666666667,0,0
2026-09-21T22:18:25.000Z,2026-09-21T22:18:55.000Z,30,2.83333333333333,4.5,0,0
2026-09-21T22:22:25.000Z,2026-09-21T22:24:15.000Z,110,3.5,4,0,0
2026-09-21T22:30:55.000Z,2026-09-21T22:32:45.000Z,110,6.66666666666667,8.5,0,0
2026-09-21T22:39:35.000Z,2026-09-21T22:41:15.000Z,100,6.83333333333333,8.66666666666667,0,0
2026-09-21T22:48:05.000Z,2026-09-21T22:49:45.000Z,100,6.83333333333333,8.5,0,0
2026-09-21T22:56:35.000Z,2026-09-21T22:58:15.000Z,100,6.83333333333333,8.5,0,0
2026-09-21T23:04:55.000Z,2026-09-21T23:06:35.000Z,100,6.66666666666667,8.33333333333333,0,0
2026-09-21T23:13:15.000Z,2026-09-21T23:14:55.000Z,100,6.66666666666667,8.33333333333333,0,0
2026-09-21T23:21:45.000Z,2026-09-21T23:23:35.000Z,110,6.83333333333333,8.5,0,0
2026-09-21T23:30:15.000Z,2026-09-21T23:32:05.000Z,110,6.66666666666667,8.5,0,0
2026-09-21T23:38:55.000Z,2026-09-21T23:40:35.000Z,100,6.83333333333333,8.66666666666667,0,0
2026-09-21T23:44:15.000Z,2026-09-21T23:44:35.000Z,20,3.66666666666667,5.33333333333333,0,0
2026-09-21T23:47:25.000Z,2026-09-21T23:49:15.000Z,110,2.83333333333333,3.16666666666667,0,0
2026-09-21T23:52:35.000Z,2026-09-21T23:53:15.000Z,40,3.33333333333333,5.16666666666667,0,0
2026-09-21T23:55:55.000Z,2026-09-21T23:57:45.000Z,110,2.66666666666667,3.33333333333333,0,0
2026-09-22T00:01:05.000Z,2026-09-22T00:01:55.000Z,50,3.33333333333333,5.16666666666667,0,0
2026-09-22T00:04:35.000Z,2026-09-22T00:06:15.000Z,100,2.66666666666667,3.5,0,0
2026-09-22T00:09:25.000Z,2026-09-22T00:10:35.000Z,70,3.16666666666667,4.83333333333333,0,0
2026-09-22T00:13:15.000Z,2026-09-22T00:14:45.000Z,90,2.66666666666667,3.83333333333333,0,0
2026-09-22T00:17:55.000Z,2026-09-22T00:19:15.000Z,80,3.16666666666667,4.66666666666667,0,0
2026-09-22T00:21:55.000Z,2026-09-22T00:23:15.000Z,80,2.66666666666667,4,0,0
2026-09-22T00:26:25.000Z,2026-09-22T00:27:55.000Z,90,3.16666666666667,4.5,0,0
2026-09-22T00:30:25.000Z,2026-09-22T00:31:35.000Z,70,2.5,4,0,0
2026-09-22T00:34:55.000Z,2026-09-22T00:36:35.000Z,100,3.33333333333333,4.5,0,0
2026-09-22T00:39:05.000Z,2026-09-22T00:40:05.000Z,60,2.5,4.16666666666667,0,0
2026-09-22T00:43:25.000Z,2026-09-22T00:45:05.000Z,100,3.33333333333333,4.33333333333333,0,0
2026-09-22T00:47:45.000Z,2026-09-22T00:48:35.000Z,50,2.66666666666667,4.33333333333333,0,0
2026-09-22T00:51:55.000Z,2026-09-22T00:53:45.000Z,110,3.33333333333333,4.16666666666667,0,0
2026-09-22T00:56:35.000Z,2026-09-22T00:56:55.000Z,20,2.83333333333333,4.66666666666667,0,0
2026-09-22T01:00:25.000Z,2026-09-22T01:02:15.000Z,110,3.5,3.83333333333333,0,0
2026-09-22T01:09:05.000Z,2026-09-22T01:10:55.000Z,110,6.83333333333333,8.66666666666667,0,0
2026-09-22T01:17:35.000Z,2026-09-22T01:19:25.000Z,110,6.66666666666667,8.5,0,0
2026-09-22T01:26:15.000Z,2026-09-22T01:27:55.000Z,100,6.83333333333333,8.66666666666667,0,0
2026-09-22T01:34:35.000Z,2026-09-22T01:36:15.000Z,100,6.66666666666667,8.33333333333333,0,0
2026-09-22T01:42:55.000Z,2026-09-22T01:44:35.000Z,100,6.66666666666667,8.33333333333333,0,0
2026-09-22T01:51:25.000Z,2026-09-22T01:53:05.000Z,100,6.83333333333333,8.5,0,0
2026-09-22T01:59:55.000Z,2026-09-22T02:01:35.000Z,100,6.83333333333333,8.5,0,0
2026-09-22T02:08:25.000Z,2026-09-22T02:10:15.000Z,110,6.83333333333333,8.5,0,0
2026-09-22T02:16:55.000Z,2026-09-22T02:18:45.000Z,110,6.66666666666667,8.5,0,0
2026-09-22T02:22:15.000Z,2026-09-22T02:22:45.000Z,30,3.5,5.33333333333333,0,0
2026-09-22T02:25:25.000Z,2026-09-22T02:27:15.000Z,110,2.66666666666667,3.16666666666667,0,0
2026-09-22T02:30:35.000Z,2026-09-22T02:31:25.000Z,50,3.33333333333333,5.16666666666667,0,0
2026-09-22T02:34:05.000Z,2026-09-22T02:35:45.000Z,100,2.66666666666667,3.5,0,0
2026-09-22T02:39:05.000Z,2026-09-22T02:40:05.000Z,60,3.33333333333333,5,0,0
2026-09-22T02:42:45.000Z,2026-09-22T02:44:15.000Z,90,2.66666666666667,3.66666666666667,0,0
2026-09-22T02:47:35.000Z,2026-09-22T02:48:45.000Z,70,3.33333333333333,4.83333333333333,0,0
2026-09-22T02:51:15.000Z,2026-09-22T02:52:45.000Z,90,2.5,3.66666666666667,0,0
2026-09-22T02:56:05.000Z,2026-09-22T02:57:25.000Z,80,3.33333333333333,4.83333333333333,0,0
2026-09-22T02:59:55.000Z,2026-09-22T03:01:15.000Z,80,2.5,3.83333333333333,0,0
2026-09-22T03:04:35.000Z,2026-09-22T03:06:05.000Z,90,3.33333333333333,4.66666666666667,0,0
2026-09-22T03:08:35.000Z,2026-09-22T03:09:45.000Z,70,2.5,4,0,0
2026-09-22T03:13:05.000Z,2026-09-22T03:14:35.000Z,90,3.33333333333333,4.5,0,0
2026-09-22T03:17:15.000Z,2026-09-22T03:18:15.000Z,60,2.66666666666667,4.16666666666667,0,0
2026-09-22T03:21:35.000Z,2026-09-22T03:23:15.000Z,100,3.33333333333333,4.33333333333333,0,0
2026-09-22T03:25:55.000Z,2026-09-22T03:26:35.000Z,40,2.66666666666667,4.33333333333333,0,0
2026-09-22T03:30:05.000Z,2026-09-22T03:31:45.000Z,100,3.5,4.16666666666667,0,0
2026-09-22T03:34:45.000Z,2026-09-22T03:35:05.000Z,20,3,4.66666666666667,0,0
2026-09-22T03:38:35.000Z,2026-09-22T03:40:25.000Z,110,3.5,3.83333333333333,0,0
2026-09-22T03:47:05.000Z,2026-09-22T03:48:55.000Z,110,6.66666666666667,8.5,0,0
2026-09-22T03:55:45.000Z,2026-09-22T03:57:25.000Z,100,6.83333333333333,8.66666666666667,0,0
2026-09-22T04:04:15.000Z,2026-09-22T04:05:55.000Z,100,6.83333333333333,8.5,0,0
2026-09-22T04:12:35.000Z,2026-09-22T04:14:25.000Z,110,6.66666666666667,8.33333333333333,0,0
2026-09-22T04:20:55.000Z,2026-09-22T04:22:45.000Z,110,6.5,8.33333333333333,0,0
2026-09-22T04:29:25.000Z,2026-09-22T04:31:05.000Z,100,6.66666666666667,8.5,0,0
2026-09-22T04:37:55.000Z,2026-09-22T04:39:45.000Z,110,6.83333333333333,8.5,0,0
2026-09-22T04:46:25.000Z,2026-09-22T04:48:15.000Z,110,6.66666666666667,8.5,0,0
2026-09-22T04:55:05.000Z,2026-09-22T04:56:45.000Z,100,6.83333333333333,8.66666666666667,0,0
2026-09-22T05:00:15.000Z,2026-09-22T05:00:45.000Z,30,3.5,5.16666666666667,0,0
2026-09-22T05:03:35.000Z,2026-09-22T05:05:25.000Z,110,2.83333333333333,3.33333333333333,0,0
2026-09-22T05:08:45.000Z,2026-09-22T05:09:25.000Z,40,3.33333333333333,5.16666666666667,0,0
2026-09-22T05:12:15.000Z,2026-09-22T05:13:55.000Z,100,2.83333333333333,3.5,0,0
2026-09-22T05:17:05.000Z,2026-09-22T05:18:15.000Z,70,3.16666666666667,4.83333333333333,0,0
2026-09-22T05:20:45.000Z,2026-09-22T05:22:25.000Z,100,2.5,3.66666666666667,0,0
2026-09-22T05:25:35.000Z,2026-09-22T05:26:55.000Z,80,3.16666666666667,4.83333333333333,0,0
2026-09-22T05:29:25.000Z,2026-09-22T05:30:55.000Z,90,2.5,3.83333333333333,0,0
2026-09-22T05:34:05.000Z,2026-09-22T05:35:25.000Z,80,3.16666666666667,4.66666666666667,0,0
2026-09-22T05:38:05.000Z,2026-09-22T05:39:25.000Z,80,2.66666666666667,4,0,0
2026-09-22T05:42:35.000Z,2026-09-22T05:44:05.000Z,90,3.16666666666667,4.5,0,0
2026-09-22T05:46:45.000Z,2026-09-22T05:47:45.000Z,60,2.66666666666667,4.16666666666667,0,0
2026-09-22T05:51:05.000Z,2026-09-22T05:52:45.000Z,100,3.33333333333333,4.33333333333333,0,0
2026-09-22T05:55:25.000Z,2026-09-22T05:56:15.000Z,50,2.66666666666667,4.33333333333333,0,0
2026-09-22T05:59:35.000Z,2026-09-22T06:01:15.000Z,100,3.33333333333333,4.16666666666667,0,0
2026-09-22T06:04:05.000Z,2026-09-22T06:04:45.000Z,40,2.83333333333333,4.5,0,0
2026-09-22T06:08:05.000Z,2026-09-22T06:09:55.000Z,110,3.33333333333333,4,0,0
2026-09-22T06:12:45.000Z,2026-09-22T06:13:05.000Z,20,2.83333333333333,4.66666666666667,0,0
2026-09-22T06:16:35.000Z,2026-09-22T06:18:25.000Z,110,3.5,3.83333333333333,0,0
2026-09-22T06:25:15.000Z,2026-09-22T06:26:55.000Z,100,6.83333333333333,8.66666666666667,0,0
2026-09-22T06:33:45.000Z,2026-09-22T06:35:35.000Z,110,6.83333333333333,8.5,0,0
2026-09-22T06:42:25.000Z,2026-09-22T06:43:55.000Z,90,6.83333333333333,8.66666666666667,0,0
2026-09-22T06:50:45.000Z,2026-09-22T06:52:25.000Z,100,6.83333333333333,8.33333333333333,0,0
2026-09-22T06:59:05.000Z,2026-09-22T07:00:45.000Z,100,6.66666666666667,8.33333333333333,0,0
2026-09-22T07:07:35.000Z,2026-09-22T07:09:15.000Z,100,6.83333333333333,8.5,0,0
2026-09-22T07:16:05.000Z,2026-09-22T07:17:45.000Z,100,6.83333333333333,8.5,0,0
2026-09-22T07:24:35.000Z,2026-09-22T07:26:25.000Z,110,6.83333333333333,8.5,0,0
2026-09-22T07:33:05.000Z,2026-09-22T07:34:55.000Z,110,6.66666666666667,8.5,0,0
2026-09-22T07:38:25.000Z,2026-09-22T07:38:55.000Z,30,3.5,5.33333333333333,0,0
2026-09-22T07:41:45.000Z,2026-09-22T07:43:25.000Z,100,2.83333333333333,3.33333333333333,0,0
2026-09-22T07:46:45.000Z,2026-09-22T07:47:35.000Z,50,3.33333333333333,5,0,0
2026-09-22T07:50:15.000Z,2026-09-22T07:51:55.000Z,100,2.66666666666667,3.5,0,0
2026-09-22T07:55:15.000Z,2026-09-22T07:56:15.000Z,60,3.33333333333333,5,0,0
2026-09-22T07:58:55.000Z,2026-09-22T08:00:25.000Z,90,2.66666666666667,3.66666666666667,0,0
2026-09-22T08:03:45.000Z,2026-09-22T08:04:55.000Z,70,3.33333333333333,4.83333333333333,0,0
2026-09-22T08:07:25.000Z,2026-09-22T08:08:55.000Z,90,2.5,3.66666666666667,0,0
2026-09-22T08:12:15.000Z,2026-09-22T08:13:35.000Z,80,3.33333333333333,4.83333333333333,0,0
2026-09-22T08:16:05.000Z,2026-09-22T08:17:25.000Z,80,2.5,3.83333333333333,0,0
2026-09-22T08:20:35.000Z,2026-09-22T08:22:15.000Z,100,3.16666666666667,4.5,0,0
2026-09-22T08:24:45.000Z,2026-09-22T08:25:55.000Z,70,2.5,4.16666666666667,0,0
2026-09-22T08:29:05.000Z,2026-09-22T08:30:45.000Z,100,3.16666666666667,4.33333333333333,0,0
2026-09-22T08:33:25.000Z,2026-09-22T08:34:25.000Z,60,2.66666666666667,4.33333333333333,0,0
2026-09-22T08:37:45.000Z,2026-09-22T08:39:25.000Z,100,3.33333333333333,4.33333333333333,0,0
2026-09-22T08:42:05.000Z,2026-09-22T08:42:45.000Z,40,2.66666666666667,4.33333333333333,0,0
2026-09-22T08:46:15.000Z,2026-09-22T08:47:55.000Z,100,3.5,4.16666666666667,0,0
2026-09-22T08:50:55.000Z,2026-09-22T08:51:05.000Z,10,3,4.66666666666667,0,0
2026-09-22T08:54:45.000Z,2026-09-22T08:56:35.000Z,110,3.66666666666667,3.83333333333333,0,0
2026-09-22T09:03:15.000Z,2026-09-22T09:05:05.000Z,110,6.66666666666667,8.5,0,0
2026-09-22T09:11:55.000Z,2026-09-22T09:13:35.000Z,100,6.83333333333333,8.66666666666667,0,0
2026-09-22T09:20:25.000Z,2026-09-22T09:22:05.000Z,100,6.83333333333333,8.5,0,0
2026-09-22T09:28:45.000Z,2026-09-22T09:30:25.000Z,100,6.66666666666667,8.33333333333333,0,0
2026-09-22T09:37:05.000Z,2026-09-22T09:38:45.000Z,100,6.66666666666667,8.33333333333333,0,0
2026-09-22T09:45:35.000Z,2026-09-22T09:47:15.000Z,100,6.83333333333333,8.5,0,0
2026-09-22T09:54:05.000Z,2026-09-22T09:55:55.000Z,110,6.83333333333333,8.5,0,0
2026-09-22T10:02:35.000Z,2026-09-22T10:04:25.000Z,110,6.66666666666667,8.5,0,0
2026-09-22T10:08:05.000Z,2026-09-22T10:08:15.000Z,10,3.66666666666667,5.5,0,0
2026-09-22T10:11:15.000Z,2026-09-22T10:12:55.000Z,100,3,3.16666666666667,0,0
2026-09-22T10:16:25.000Z,2026-09-22T10:17:05.000Z,40,3.5,5.16666666666667,0,0
2026-09-22T10:19:45.000Z,2026-09-22T10:21:25.000Z,100,2.66666666666667,3.33333333333333,0,0
2026-09-22T10:24:55.000Z,2026-09-22T10:25:45.000Z,50,3.5,5.16666666666667,0,0
2026-09-22T10:28:25.000Z,2026-09-22T10:30:05.000Z,100,2.66666666666667,3.5,0,0
2026-09-22T10:33:15.000Z,2026-09-22T10:34:25.000Z,70,3.16666666666667,4.83333333333333,0,0
2026-09-22T10:36:55.000Z,2026-09-22T10:38:35.000Z,100,2.5,3.66666666666667,0,0
2026-09-22T10:41:45.000Z,2026-09-22T10:43:05.000Z,80,3.16666666666667,4.83333333333333,0,0
2026-09-22T10:45:35.000Z,2026-09-22T10:47:05.000Z,90,2.5,3.83333333333333,0,0
2026-09-22T10:50:15.000Z,2026-09-22T10:51:45.000Z,90,3.16666666666667,4.66666666666667,0,0
2026-09-22T10:54:15.000Z,2026-09-22T10:55:25.000Z,70,2.5,4,0,0
2026-09-22T10:58:45.000Z,2026-09-22T11:00:15.000Z,90,3.33333333333333,4.5,0,0
2026-09-22T11:02:55.000Z,2026-09-22T11:03:55.000Z,60,2.66666666666667,4.16666666666667,0,0
2026-09-22T11:07:15.000Z,2026-09-22T11:08:55.000Z,100,3.33333333333333,4.33333333333333,0,0
2026-09-22T11:11:35.000Z,2026-09-22T11:12:25.000Z,50,2.66666666666667,4.33333333333333,0,0
2026-09-22T11:15:45.000Z,2026-09-22T11:17:35.000Z,110,3.33333333333333,4.16666666666667,0,0
2026-09-22T11:20:15.000Z,2026-09-22T11:20:45.000Z,30,2.66666666666667,4.5,0,0
2026-09-22T11:24:15.000Z,2026-09-22T11:26:05.000Z,110,3.5,4,0,0
2026-09-22T11:32:45.000Z,2026-09-22T11:34:35.000Z,110,6.66666666666667,8.5,0,0
2026-09-22T11:41:25.000Z,2026-09-22T11:43:05.000Z,100,6.83333333333333,8.66666666666667,0,0
2026-09-22T11:49:55.000Z,2026-09-22T11:51:35.000Z,100,6.83333333333333,8.5,0,0
2026-09-22T11:58:25.000Z,2026-09-22T12:00:05.000Z,100,6.83333333333333,8.5,0,0
2026-09-22T12:06:45.000Z,2026-09-22T12:08:35.000Z,110,6.66666666666667,8.33333333333333,0,0
2026-09-22T12:15:15.000Z,2026-09-22T12:16:45.000Z,90,6.66666666666667,8.5,0,0
2026-09-22T12:23:45.000Z,2026-09-22T12:25:25.000Z,100,7,8.5,0,0
2026-09-22T12:32:15.000Z,2026-09-22T12:33:55.000Z,100,6.83333333333333,8.5,0,0
2026-09-22T12:40:45.000Z,2026-09-22T12:42:35.000Z,110,6.83333333333333,8.5,0,0
2026-09-22T12:46:05.000Z,2026-09-22T12:46:25.000Z,20,3.5,5.33333333333333,0,0
2026-09-22T12:49:15.000Z,2026-09-22T12:51:05.000Z,110,2.83333333333333,3.16666666666667,0,0
2026-09-22T12:54:25.000Z,2026-09-22T12:55:05.000Z,40,3.33333333333333,5.16666666666667,0,0
2026-09-22T12:57:55.000Z,2026-09-22T12:59:35.000Z,100,2.83333333333333,3.5,0,0
2026-09-22T13:02:55.000Z,2026-09-22T13:03:45.000Z,50,3.33333333333333,5,0,0
2026-09-22T13:06:25.000Z,2026-09-22T13:08:05.000Z,100,2.66666666666667,3.5,0,0
2026-09-22T13:11:25.000Z,2026-09-22T13:12:25.000Z,60,3.33333333333333,5,0,0
2026-09-22T13:15:05.000Z,2026-09-22T13:16:35.000Z,90,2.66666666666667,3.66666666666667,0,0
2026-09-22T13:19:55.000Z,2026-09-22T13:21:05.000Z,70,3.33333333333333,4.83333333333333,0,0
2026-09-22T13:23:45.000Z,2026-09-22T13:25:05.000Z,80,2.66666666666667,3.83333333333333,0,0
2026-09-22T13:28:15.000Z,2026-09-22T13:29:45.000Z,90,3.16666666666667,4.5,0,0
2026-09-22T13:32:25.000Z,2026-09-22T13:33:35.000Z,70,2.66666666666667,4.16666666666667,0,0
2026-09-22T13:36:45.000Z,2026-09-22T13:38:25.000Z,100,3.16666666666667,4.33333333333333,0,0
2026-09-22T13:40:55.000Z,2026-09-22T13:42:05.000Z,70,2.5,4.16666666666667,0,0
2026-09-22T13:45:15.000Z,2026-09-22T13:47:05.000Z,110,3.16666666666667,4.33333333333333,0,0
2026-09-22T13:49:45.000Z,2026-09-22T13:50:25.000Z,40,2.66666666666667,4.5,0,0
2026-09-22T13:53:55.000Z,2026-09-22T13:55:35.000Z,100,3.5,4.16666666666667,0,0
2026-09-22T13:58:25.000Z,2026-09-22T13:58:55.000Z,30,2.83333333333333,4.5,0,0
2026-09-22T14:02:25.000Z,2026-09-22T14:04:05.000Z,100,3.5,4,0,0
2026-09-22T14:10:55.000Z,2026-09-22T14:12:45.000Z,110,6.83333333333333,8.5,0,0
2026-09-22T14:19:25.000Z,2026-09-22T14:21:15.000Z,110,6.66666666666667,8.5,0,0
2026-09-22T14:28:05.000Z,2026-09-22T14:29:45.000Z,100,6.83333333333333,8.66666666666667,0,0
2026-09-22T14:36:35.000Z,2026-09-22T14:38:15.000Z,100,6.83333333333333,8.5,0,0
2026-09-22T14:44:55.000Z,2026-09-22T14:46:35.000Z,100,6.66666666666667,8.33333333333333,0,0
2026-09-22T14:53:15.000Z,2026-09-22T14:54:55.000Z,100,6.66666666666667,8.33333333333333,0,0
2026-09-22T15:01:45.000Z,2026-09-22T15:03:25.000Z,100,6.83333333333333,8.5,0,0
2026-09-22T15:10:15.000Z,2026-09-22T15:12:05.000Z,110,6.83333333333333,8.5,0,0
2026-09-22T15:18:45.000Z,2026-09-22T15:20:35.000Z,110,6.66666666666667,8.5,0,0
2026-09-22T15:24:05.000Z,2026-09-22T15:24:25.000Z,20,3.5,5.33333333333333,0,0
2026-09-22T15:27:25.000Z,2026-09-22T15:29:05.000Z,100,3,3.33333333333333,0,0
2026-09-22T15:32:35.000Z,2026-09-22T15:33:15.000Z,40,3.5,5.16666666666667,0,0
2026-09-22T15:35:55.000Z,2026-09-22T15:37:35.000Z,100,2.66666666666667,3.33333333333333,0,0
2026-09-22T15:40:55.000Z,2026-09-22T15:41:55.000Z,60,3.33333333333333,5,0,0
2026-09-22T15:44:35.000Z,2026-09-22T15:46:15.000Z,100,2.66666666666667,3.66666666666667,0,0
2026-09-22T15:49:25.000Z,2026-09-22T15:50:35.000Z,70,3.16666666666667,4.83333333333333,0,0
2026-09-22T15:53:05.000Z,2026-09-22T15:54:35.000Z,90,2.5,3.66666666666667,0,0
2026-09-22T15:57:55.000Z,2026-09-22T15:59:15.000Z,80,3.33333333333333,4.83333333333333,0,0
2026-09-22T16:01:45.000Z,2026-09-22T16:03:05.000Z,80,2.5,3.83333333333333,0,0
2026-09-22T16:06:25.000Z,2026-09-22T16:07:55.000Z,90,3.33333333333333,4.66666666666667,0,0
2026-09-22T16:10:25.000Z,2026-09-22T16:11:35.000Z,70,2.5,4,0,0
2026-09-22T16:14:55.000Z,2026-09-22T16:16:25.000Z,90,3.33333333333333,4.5,0,0
2026-09-22T16:19:05.000Z,2026-09-22T16:20:05.000Z,60,2.66666666666667,4.16666666666667,0,0
2026-09-22T16:23:25.000Z,2026-09-22T16:25:05.000Z,100,3.33333333333333,4.33333333333333,0,0
2026-09-22T16:27:45.000Z,2026-09-22T16:28:35.000Z,50,2.66666666666667,4.33333333333333,0,0
2026-09-22T16:31:55.000Z,2026-09-22T16:33:45.000Z,110,3.33333333333333,4.16666666666667,0,0
2026-09-22T16:36:35.000Z,2026-09-22T16:36:55.000Z,20,2.83333333333333,4.66666666666667,0,0
2026-09-22T16:40:25.000Z,2026-09-22T16:42:15.000Z,110,3.5,3.83333333333333,0,0
2026-09-22T16:48:55.000Z,2026-09-22T16:50:45.000Z,110,6.66666666666667,8.5,0,0
2026-09-22T16:57:35.000Z,2026-09-22T16:59:15.000Z,100,6.83333333333333,8.66666666666667,0,0
2026-09-22T17:06:05.000Z,2026-09-22T17:07:45.000Z,100,6.83333333333333,8.5,0,0
2026-09-22T17:14:35.000Z,2026-09-22T17:16:15.000Z,100,6.83333333333333,8.5,0,0
2026-09-22T17:22:55.000Z,2026-09-22T17:24:35.000Z,100,6.66666666666667,8.33333333333333,0,0
2026-09-22T17:31:25.000Z,2026-09-22T17:32:55.000Z,90,6.83333333333333,8.5,0,0
2026-09-22T17:39:45.000Z,2026-09-22T17:41:35.000Z,110,6.83333333333333,8.33333333333333,0,0
2026-09-22T17:48:25.000Z,2026-09-22T17:50:05.000Z,100,6.83333333333333,8.66666666666667,0,0
2026-09-22T17:56:55.000Z,2026-09-22T17:58:45.000Z,110,6.83333333333333,8.5,0,0
2026-09-22T18:02:15.000Z,2026-09-22T18:02:35.000Z,20,3.5,5.33333333333333,0,0
2026-09-22T18:05:25.000Z,2026-09-22T18:07:15.000Z,110,2.83333333333333,3.16666666666667,0,0
2026-09-22T18:10:35.000Z,2026-09-22T18:11:25.000Z,50,3.33333333333333,5.16666666666667,0,0
2026-09-22T18:14:05.000Z,2026-09-22T18:15:45.000Z,100,2.66666666666667,3.5,0,0
2026-09-22T18:19:05.000Z,2026-09-22T18:20:05.000Z,60,3.33333333333333,5,0,0
2026-09-22T18:22:35.000Z,2026-09-22T18:24:15.000Z,100,2.5,3.5,0,0
2026-09-22T18:27:35.000Z,2026-09-22T18:28:45.000Z,70,3.33333333333333,5,0,0
2026-09-22T18:31:15.000Z,2026-09-22T18:32:45.000Z,90,2.5,3.66666666666667,0,0
2026-09-22T18:35:55.000Z,2026-09-22T18:37:15.000Z,80,3.16666666666667,4.66666666666667,0,0
2026-09-22T18:39:55.000Z,2026-09-22T18:41:15.000Z,80,2.66666666666667,4,0,0
2026-09-22T18:44:25.000Z,2026-09-22T18:45:55.000Z,90,3.16666666666667,4.5,0,0
2026-09-22T18:48:35.000Z,2026-09-22T18:49:45.000Z,70,2.66666666666667,4.16666666666667,0,0
2026-09-22T18:52:55.000Z,2026-09-22T18:54:35.000Z,100,3.16666666666667,4.33333333333333,0,0
2026-09-22T18:57:15.000Z,2026-09-22T18:58:05.000Z,50,2.66666666666667,4.33333333333333,0,0
2026-09-22T19:01:25.000Z,2026-09-22T19:03:15.000Z,110,3.33333333333333,4.16666666666667,0,0
2026-09-22T19:05:55.000Z,2026-09-22T19:06:35.000Z,40,2.66666666666667,4.5,0,0
2026-09-22T19:09:55.000Z,2026-09-22T19:11:45.000Z,110,3.33333333333333,4,0,0
2026-09-22T19:14:35.000Z,2026-09-22T19:15:05.000Z,30,2.83333333333333,4.66666666666667,0,0
2026-09-22T19:18:35.000Z,2026-09-22T19:20:15.000Z,100,3.5,4,0,0
2026-09-22T19:27:05.000Z,2026-09-22T19:28:55.000Z,110,6.83333333333333,8.5,0,0
2026-09-22T19:35:35.000Z,2026-09-22T19:37:25.000Z,110,6.66666666666667,8.5,0,0
2026-09-22T19:44:15.000Z,2026-09-22T19:45:55.000Z,100,6.83333333333333,8.66666666666667,0,0
2026-09-22T19:52:35.000Z,2026-09-22T19:54:15.000Z,100,6.66666666666667,8.33333333333333,0,0
2026-09-22T20:00:55.000Z,2026-09-22T20:02:35.000Z,100,6.66666666666667,8.33333333333333,0,0
2026-09-22T20:09:25.000Z,2026-09-22T20:11:05.000Z,100,6.83333333333333,8.5,0,0
2026-09-22T20:17:55.000Z,2026-09-22T20:19:35.000Z,100,6.83333333333333,8.5,0,0
2026-09-22T20:26:25.000Z,2026-09-22T20:28:15.000Z,110,6.83333333333333,8.5,0,0
2026-09-22T20:34:55.000Z,2026-09-22T20:36:45.000Z,110,6.66666666666667,8.5,0,0
2026-09-22T20:40:15.000Z,2026-09-22T20:40:45.000Z,30,3.5,5.33333333333333,0,0
2026-09-22T20:43:35.000Z,2026-09-22T20:45:15.000Z,100,2.83333333333333,3.33333333333333,0,0
2026-09-22T20:48:45.000Z,2026-09-22T20:49:25.000Z,40,3.5,5.16666666666667,0,0
2026-09-22T20:52:05.000Z,2026-09-22T20:53:45.000Z,100,2.66666666666667,3.33333333333333,0,0
2026-09-22T20:57:05.000Z,2026-09-22T20:58:05.000Z,60,3.33333333333333,5,0,0
2026-09-22T21:00:45.000Z,2026-09-22T21:02:15.000Z,90,2.66666666666667,3.66666666666667,0,0
2026-09-22T21:05:35.000Z,2026-09-22T21:06:45.000Z,70,3.33333333333333,4.83333333333333,0,0
2026-09-22T21:09:25.000Z,2026-09-22T21:10:45.000Z,80,2.66666666666667,3.83333333333333,0,0
2026-09-22T21:14:05.000Z,2026-09-22T21:15:25.000Z,80,3.33333333333333,4.66666666666667,0,0
2026-09-22T21:17:55.000Z,2026-09-22T21:19:15.000Z,80,2.5,3.83333333333333,0,0
2026-09-22T21:22:35.000Z,2026-09-22T21:24:05.000Z,90,3.33333333333333,4.66666666666667,0,0
2026-09-22T21:26:35.000Z,2026-09-22T21:27:45.000Z,70,2.5,4,0,0
2026-09-22T21:31:05.000Z,2026-09-22T21:32:45.000Z,100,3.33333333333333,4.5,0,0
2026-09-22T21:35:15.000Z,2026-09-22T21:36:15.000Z,60,2.5,4.16666666666667,0,0
2026-09-22T21:39:35.000Z,2026-09-22T21:41:15.000Z,100,3.33333333333333,4.33333333333333,0,0
2026-09-22T21:43:55.000Z,2026-09-22T21:44:45.000Z,50,2.66666666666667,4.33333333333333,0,0
2026-09-22T21:48:05.000Z,2026-09-22T21:49:55.000Z,110,3.33333333333333,4.16666666666667,0,0
2026-09-22T21:52:45.000Z,2026-09-22T21:53:05.000Z,20,2.83333333333333,4.66666666666667,0,0
2026-09-22T21:56:35.000Z,2026-09-22T21:58:25.000Z,110,3.5,3.83333333333333,0,0
2026-09-22T22:05:15.000Z,2026-09-22T22:06:55.000Z,100,6.83333333333333,8.66666666666667,0,0
2026-09-22T22:13:45.000Z,2026-09-22T22:15:25.000Z,100,6.83333333333333,8.5,0,0
2026-09-22T22:22:25.000Z,2026-09-22T22:23:55.000Z,90,7,8.66666666666667,0,0
2026-09-22T22:30:35.000Z,2026-09-22T22:32:25.000Z,110,6.66666666666667,8.16666666666667,0,0
2026-09-22T22:39:05.000Z,2026-09-22T22:40:45.000Z,100,6.66666666666667,8.5,0,0
2026-09-22T22:47:25.000Z,2026-09-22T22:49:05.000Z,100,6.66666666666667,8.33333333333333,0,0
2026-09-22T22:55:55.000Z,2026-09-22T22:57:45.000Z,110,6.83333333333333,8.5,0,0
2026-09-22T23:04:35.000Z,2026-09-22T23:06:15.000Z,100,6.83333333333333,8.66666666666667,0,0
2026-09-22T23:13:05.000Z,2026-09-22T23:14:55.000Z,110,6.83333333333333,8.5,0,0
2026-09-22T23:18:15.000Z,2026-09-22T23:18:55.000Z,40,3.33333333333333,5.16666666666667,0,0
2026-09-22T23:21:35.000Z,2026-09-22T23:23:25.000Z,110,2.66666666666667,3.33333333333333,0,0
2026-09-22T23:26:45.000Z,2026-09-22T23:27:35.000Z,50,3.33333333333333,5.16666666666667,0,0
2026-09-22T23:30:15.000Z,2026-09-22T23:31:55.000Z,100,2.66666666666667,3.5,0,0
2026-09-22T23:35:15.000Z,2026-09-22T23:36:15.000Z,60,3.33333333333333,5,0,0
2026-09-22T23:38:45.000Z,2026-09-22T23:40:25.000Z,100,2.5,3.5,0,0
2026-09-22T23:43:35.000Z,2026-09-22T23:44:55.000Z,80,3.16666666666667,4.83333333333333,0,0
2026-09-22T23:47:25.000Z,2026-09-22T23:48:55.000Z,90,2.5,3.83333333333333,0,0
2026-09-22T23:52:05.000Z,2026-09-22T23:53:35.000Z,90,3.16666666666667,4.66666666666667,0,0
2026-09-22T23:56:05.000Z,2026-09-22T23:57:25.000Z,80,2.5,4,0,0
2026-09-23T00:00:35.000Z,2026-09-23T00:02:05.000Z,90,3.16666666666667,4.5,0,0
2026-09-23T00:04:45.000Z,2026-09-23T00:05:55.000Z,70,2.66666666666667,4.16666666666667,0,0
2026-09-23T00:09:05.000Z,2026-09-23T00:10:45.000Z,100,3.16666666666667,4.33333333333333,0,0
2026-09-23T00:13:25.000Z,2026-09-23T00:14:15.000Z,50,2.66666666666667,4.33333333333333,0,0
2026-09-23T00:17:35.000Z,2026-09-23T00:19:25.000Z,110,3.33333333333333,4.16666666666667,0,0
2026-09-23T00:22:05.000Z,2026-09-23T00:22:45.000Z,40,2.66666666666667,4.5,0,0
2026-09-23T00:26:05.000Z,2026-09-23T00:27:55.000Z,110,3.33333333333333,4,0,0
2026-09-23T00:30:55.000Z,2026-09-23T00:31:05.000Z,10,3,4.83333333333333,0,0
2026-09-23T00:34:45.000Z,2026-09-23T00:36:35.000Z,110,3.66666666666667,3.83333333333333,0,0
2026-09-23T00:43:15.000Z,2026-09-23T00:45:05.000Z,110,6.66666666666667,8.5,0,0
2026-09-23T00:51:55.000Z,2026-09-23T00:53:35.000Z,100,6.83333333333333,8.66666666666667,0,0
2026-09-23T01:00:25.000Z,2026-09-23T01:02:05.000Z,100,6.83333333333333,8.5,0,0
2026-09-23T01:08:45.000Z,2026-09-23T01:10:25.000Z,100,6.66666666666667,8.33333333333333,0,0
2026-09-23T01:17:05.000Z,2026-09-23T01:18:45.000Z,100,6.66666666666667,8.33333333333333,0,0
2026-09-23T01:25:35.000Z,2026-09-23T01:27:15.000Z,100,6.83333333333333,8.5,0,0
2026-09-23T01:34:05.000Z,2026-09-23T01:35:45.000Z,100,6.83333333333333,8.5,0,0
2026-09-23T01:42:35.000Z,2026-09-23T01:44:25.000Z,110,6.83333333333333,8.5,0,0
2026-09-23T01:51:05.000Z,2026-09-23T01:52:55.000Z,110,6.66666666666667,8.5,0,0
2026-09-23T01:56:25.000Z,2026-09-23T01:56:55.000Z,30,3.5,5.33333333333333,0,0
2026-09-23T01:59:45.000Z,2026-09-23T02:01:25.000Z,100,2.83333333333333,3.33333333333333,0,0
2026-09-23T02:04:45.000Z,2026-09-23T02:05:35.000Z,50,3.33333333333333,5,0,0
2026-09-23T02:08:15.000Z,2026-09-23T02:09:55.000Z,100,2.66666666666667,3.5,0,0
2026-09-23T02:13:15.000Z,2026-09-23T02:14:15.000Z,60,3.33333333333333,5,0,0
2026-09-23T02:16:55.000Z,2026-09-23T02:18:25.000Z,90,2.66666666666667,3.66666666666667,0,0
2026-09-23T02:21:45.000Z,2026-09-23T02:22:55.000Z,70,3.33333333333333,4.83333333333333,0,0
2026-09-23T02:25:35.000Z,2026-09-23T02:26:55.000Z,80,2.66666666666667,3.83333333333333,0,0
2026-09-23T02:30:15.000Z,2026-09-23T02:31:35.000Z,80,3.33333333333333,4.66666666666667,0,0
2026-09-23T02:34:15.000Z,2026-09-23T02:35:25.000Z,70,2.66666666666667,4,0,0
2026-09-23T02:38:45.000Z,2026-09-23T02:40:15.000Z,90,3.33333333333333,4.5,0,0
2026-09-23T02:42:55.000Z,2026-09-23T02:43:55.000Z,60,2.66666666666667,4.16666666666667,0,0
2026-09-23T02:47:15.000Z,2026-09-23T02:48:55.000Z,100,3.33333333333333,4.33333333333333,0,0
2026-09-23T02:51:35.000Z,2026-09-23T02:52:25.000Z,50,2.66666666666667,4.33333333333333,0,0
2026-09-23T02:55:45.000Z,2026-09-23T02:57:25.000Z,100,3.33333333333333,4.16666666666667,0,0
2026-09-23T03:00:15.000Z,2026-09-23T03:00:45.000Z,30,2.83333333333333,4.5,0,0
2026-09-23T03:04:15.000Z,2026-09-23T03:06:05.000Z,110,3.5,4,0,0
2026-09-23T03:12:45.000Z,2026-09-23T03:14:35.000Z,110,6.66666666666667,8.5,0,0
2026-09-23T03:21:25.000Z,2026-09-23T03:23:05.000Z,100,6.83333333333333,8.66666666666667,0,0
2026-09-23T03:29:55.000Z,2026-09-23T03:31:35.000Z,100,6.83333333333333,8.5,0,0
2026-09-23T03:38:25.000Z,2026-09-23T03:40:05.000Z,100,6.83333333333333,8.5,0,0
2026-09-23T03:46:45.000Z,2026-09-23T03:48:25.000Z,100,6.66666666666667,8.33333333333333,0,0
2026-09-23T03:55:05.000Z,2026-09-23T03:56:45.000Z,100,6.66666666666667,8.33333333333333,0,0
2026-09-23T04:03:35.000Z,2026-09-23T04:05:15.000Z,100,6.83333333333333,8.5,0,0
2026-09-23T04:12:05.000Z,2026-09-23T04:13:55.000Z,110,6.83333333333333,8.5,0,0
2026-09-23T04:20:45.000Z,2026-09-23T04:22:25.000Z,100,6.83333333333333,8.66666666666667,0,0
2026-09-23T04:26:05.000Z,2026-09-23T04:26:15.000Z,10,3.66666666666667,5.33333333333333,0,0
2026-09-23T04:29:15.000Z,2026-09-23T04:31:05.000Z,110,3,3.16666666666667,0,0
2026-09-23T04:34:25.000Z,2026-09-23T04:35:05.000Z,40,3.33333333333333,5.16666666666667,0,0
2026-09-23T04:37:45.000Z,2026-09-23T04:39:35.000Z,110,2.66666666666667,3.33333333333333,0,0
2026-09-23T04:42:55.000Z,2026-09-23T04:43:45.000Z,50,3.33333333333333,5.16666666666667,0,0
2026-09-23T04:46:25.000Z,2026-09-23T04:48:05.000Z,100,2.66666666666667,3.5,0,0
2026-09-23T04:51:15.000Z,2026-09-23T04:52:25.000Z,70,3.16666666666667,4.83333333333333,0,0
2026-09-23T04:55:05.000Z,2026-09-23T04:56:35.000Z,90,2.66666666666667,3.83333333333333,0,0
2026-09-23T04:59:45.000Z,2026-09-23T05:01:05.000Z,80,3.16666666666667,4.66666666666667,0,0
2026-09-23T05:03:35.000Z,2026-09-23T05:05:05.000Z,90,2.5,3.83333333333333,0,0
2026-09-23T05:08:15.000Z,2026-09-23T05:09:45.000Z,90,3.16666666666667,4.66666666666667,0,0
2026-09-23T05:12:15.000Z,2026-09-23T05:13:35.000Z,80,2.5,4,0,0
2026-09-23T05:16:45.000Z,2026-09-23T05:18:25.000Z,100,3.16666666666667,4.5,0,0
2026-09-23T05:20:55.000Z,2026-09-23T05:21:55.000Z,60,2.5,4.16666666666667,0,0
2026-09-23T05:25:15.000Z,2026-09-23T05:26:55.000Z,100,3.33333333333333,4.33333333333333,0,0
2026-09-23T05:29:35.000Z,2026-09-23T05:30:25.000Z,50,2.66666666666667,4.33333333333333,0,0
2026-09-23T05:33:45.000Z,2026-09-23T05:35:35.000Z,110,3.33333333333333,4.16666666666667,0,0
2026-09-23T05:38:15.000Z,2026-09-23T05:38:55.000Z,40,2.66666666666667,4.5,0,0
2026-09-23T05:42:15.000Z,2026-09-23T05:44:05.000Z,110,3.33333333333333,4,0,0
2026-09-23T05:50:55.000Z,2026-09-23T05:52:45.000Z,110,6.83333333333333,8.66666666666667,0,0
2026-09-23T05:59:25.000Z,2026-09-23T06:01:15.000Z,110,6.66666666666667,8.5,0,0
2026-09-23T06:08:05.000Z,2026-09-23T06:09:45.000Z,100,6.83333333333333,8.66666666666667,0,0
2026-09-23T06:16:25.000Z,2026-09-23T06:18:05.000Z,100,6.66666666666667,8.33333333333333,0,0
2026-09-23T06:24:45.000Z,2026-09-23T06:26:35.000Z,110,6.66666666666667,8.33333333333333,0,0
2026-09-23T06:33:15.000Z,2026-09-23T06:34:45.000Z,90,6.66666666666667,8.5,0,0
2026-09-23T06:41:45.000Z,2026-09-23T06:43:25.000Z,100,7,8.5,0,0
2026-09-23T06:50:15.000Z,2026-09-23T06:52:05.000Z,110,6.83333333333333,8.5,0,0
2026-09-23T06:58:45.000Z,2026-09-23T07:00:35.000Z,110,6.66666666666667,8.5,0,0
2026-09-23T07:04:05.000Z,2026-09-23T07:04:25.000Z,20,3.5,5.33333333333333,0,0
2026-09-23T07:07:15.000Z,2026-09-23T07:09:05.000Z,110,2.83333333333333,3.16666666666667,0,0
2026-09-23T07:12:35.000Z,2026-09-23T07:13:15.000Z,40,3.5,5.33333333333333,0,0
2026-09-23T07:15:55.000Z,2026-09-23T07:17:35.000Z,100,2.66666666666667,3.33333333333333,0,0
2026-09-23T07:20:55.000Z,2026-09-23T07:21:55.000Z,60,3.33333333333333,5,0,0
2026-09-23T07:24:25.000Z,2026-09-23T07:26:05.000Z,100,2.5,3.5,0,0
2026-09-23T07:29:25.000Z,2026-09-23T07:30:35.000Z,70,3.33333333333333,5,0,0
2026-09-23T07:33:05.000Z,2026-09-23T07:34:35.000Z,90,2.5,3.66666666666667,0,0
2026-09-23T07:37:55.000Z,2026-09-23T07:39:15.000Z,80,3.33333333333333,4.83333333333333,0,0
2026-09-23T07:41:45.000Z,2026-09-23T07:43:05.000Z,80,2.5,3.83333333333333,0,0
2026-09-23T07:46:25.000Z,2026-09-23T07:47:45.000Z,80,3.33333333333333,4.66666666666667,0,0
2026-09-23T07:50:25.000Z,2026-09-23T07:51:35.000Z,70,2.66666666666667,4,0,0
2026-09-23T07:54:55.000Z,2026-09-23T07:56:25.000Z,90,3.33333333333333,4.5,0,0
2026-09-23T07:59:05.000Z,2026-09-23T08:00:05.000Z,60,2.66666666666667,4.16666666666667,0,0
2026-09-23T08:03:25.000Z,2026-09-23T08:05:05.000Z,100,3.33333333333333,4.33333333333333,0,0
2026-09-23T08:07:45.000Z,2026-09-23T08:08:35.000Z,50,2.66666666666667,4.33333333333333,0,0
2026-09-23T08:11:55.000Z,2026-09-23T08:13:35.000Z,100,3.33333333333333,4.16666666666667,0,0
2026-09-23T08:16:25.000Z,2026-09-23T08:16:55.000Z,30,2.83333333333333,4.5,0,0
2026-09-23T08:20:25.000Z,2026-09-23T08:22:15.000Z,110,3.5,4,0,0
2026-09-23T08:28:55.000Z,2026-09-23T08:30:45.000Z,110,6.66666666666667,8.5,0,0
2026-09-23T08:37:35.000Z,2026-09-23T08:39:15.000Z,100,6.83333333333333,8.66666666666667,0,0
2026-09-23T08:46:05.000Z,2026-09-23T08:47:45.000Z,100,6.83333333333333,8.5,0,0
2026-09-23T08:54:35.000Z,2026-09-23T08:56:15.000Z,100,6.83333333333333,8.5,0,0
2026-09-23T09:02:55.000Z,2026-09-23T09:04:35.000Z,100,6.66666666666667,8.33333333333333,0,0
2026-09-23T09:11:15.000Z,2026-09-23T09:12:55.000Z,100,6.66666666666667,8.33333333333333,0,0
2026-09-23T09:19:45.000Z,2026-09-23T09:21:35.000Z,110,6.83333333333333,8.5,0,0
2026-09-23T09:28:15.000Z,2026-09-23T09:30:05.000Z,110,6.66666666666667,8.5,0,0
2026-09-23T09:36:55.000Z,2026-09-23T09:38:35.000Z,100,6.83333333333333,8.66666666666667,0,0
2026-09-23T09:42:15.000Z,2026-09-23T09:42:35.000Z,20,3.66666666666667,5.33333333333333,0,0
2026-09-23T09:45:25.000Z,2026-09-23T09:47:15.000Z,110,2.83333333333333,3.16666666666667,0,0
2026-09-23T09:50:35.000Z,2026-09-23T09:51:15.000Z,40,3.33333333333333,5.16666666666667,0,0
2026-09-23T09:53:55.000Z,2026-09-23T09:55:45.000Z,110,2.66666666666667,3.33333333333333,0,0
2026-09-23T09:59:05.000Z,2026-09-23T09:59:55.000Z,50,3.33333333333333,5.16666666666667,0,0
2026-09-23T10:02:35.000Z,2026-09-23T10:04:15.000Z,100,2.66666666666667,3.5,0,0
2026-09-23T10:07:25.000Z,2026-09-23T10:08:35.000Z,70,3.16666666666667,4.83333333333333,0,0
2026-09-23T10:11:15.000Z,2026-09-23T10:12:45.000Z,90,2.66666666666667,3.83333333333333,0,0
2026-09-23T10:15:55.000Z,2026-09-23T10:17:15.000Z,80,3.16666666666667,4.66666666666667,0,0
2026-09-23T10:19:55.000Z,2026-09-23T10:21:15.000Z,80,2.66666666666667,4,0,0
2026-09-23T10:24:25.000Z,2026-09-23T10:25:55.000Z,90,3.16666666666667,4.5,0,0
2026-09-23T10:28:25.000Z,2026-09-23T10:29:35.000Z,70,2.5,4,0,0
2026-09-23T10:32:55.000Z,2026-09-23T10:34:35.000Z,100,3.33333333333333,4.5,0,0
2026-09-23T10:37:05.000Z,2026-09-23T10:38:05.000Z,60,2.5,4.16666666666667,0,0
2026-09-23T10:41:25.000Z,2026-09-23T10:43:05.000Z,100,3.33333333333333,4.33333333333333,0,0
2026-09-23T10:45:45.000Z,2026-09-23T10:46:35.000Z,50,2.66666666666667,4.33333333333333,0,0
2026-09-23T10:49:55.000Z,2026-09-23T10:51:45.000Z,110,3.33333333333333,4.16666666666667,0,0
2026-09-23T10:54:35.000Z,2026-09-23T10:54:55.000Z,20,2.83333333333333,4.66666666666667,0,0
2026-09-23T10:58:25.000Z,2026-09-23T11:00:15.000Z,110,3.5,3.83333333333333,0,0
2026-09-23T11:07:05.000Z,2026-09-23T11:08:55.000Z,110,6.83333333333333,8.66666666666667,0,0
2026-09-23T11:15:35.000Z,2026-09-23T11:17:25.000Z,110,6.66666666666667,8.5,0,0
2026-09-23T11:24:15.000Z,2026-09-23T11:25:55.000Z,100,6.83333333333333,8.66666666666667,0,0
2026-09-23T11:32:35.000Z,2026-09-23T11:34:15.000Z,100,6.66666666666667,8.33333333333333,0,0
2026-09-23T11:40:55.000Z,2026-09-23T11:42:35.000Z,100,6.66666666666667,8.33333333333333,0,0
2026-09-23T11:49:25.000Z,2026-09-23T11:51:05.000Z,100,6.83333333333333,8.5,0,0
2026-09-23T11:57:55.000Z,2026-09-23T11:59:35.000Z,100,6.83333333333333,8.5,0,0
2026-09-23T12:06:25.000Z,2026-09-23T12:08:15.000Z,110,6.83333333333333,8.5,0,0
2026-09-23T12:14:55.000Z,2026-09-23T12:16:45.000Z,110,6.66666666666667,8.5,0,0
2026-09-23T12:20:15.000Z,2026-09-23T12:20:35.000Z,20,3.5,5.33333333333333,0,0
2026-09-23T12:23:25.000Z,2026-09-23T12:25:15.000Z,110,2.83333333333333,3.16666666666667,0,0
2026-09-23T12:28:35.000Z,2026-09-23T12:29:25.000Z,50,3.33333333333333,5.16666666666667,0,0
2026-09-23T12:32:05.000Z,2026-09-23T12:33:45.000Z,100,2.66666666666667,3.5,0,0
2026-09-23T12:37:05.000Z,2026-09-23T12:38:05.000Z,60,3.33333333333333,5,0,0
2026-09-23T12:40:45.000Z,2026-09-23T12:42:15.000Z,90,2.66666666666667,3.66666666666667,0,0
2026-09-23T12:45:35.000Z,2026-09-23T12:46:45.000Z,70,3.33333333333333,4.83333333333333,0,0
2026-09-23T12:49:15.000Z,2026-09-23T12:50:45.000Z,90,2.5,3.66666666666667,0,0
2026-09-23T12:54:05.000Z,2026-09-23T12:55:25.000Z,80,3.33333333333333,4.83333333333333,0,0
2026-09-23T12:57:55.000Z,2026-09-23T12:59:15.000Z,80,2.5,3.83333333333333,0,0
2026-09-23T13:02:35.000Z,2026-09-23T13:04:05.000Z,90,3.33333333333333,4.66666666666667,0,0
2026-09-23T13:06:35.000Z,2026-09-23T13:07:45.000Z,70,2.5,4,0,0
2026-09-23T13:11:05.000Z,2026-09-23T13:12:35.000Z,90,3.33333333333333,4.5,0,0
2026-09-23T13:15:15.000Z,2026-09-23T13:16:15.000Z,60,2.66666666666667,4.16666666666667,0,0
2026-09-23T13:19:35.000Z,2026-09-23T13:21:15.000Z,100,3.33333333333333,4.33333333333333,0,0
2026-09-23T13:23:55.000Z,2026-09-23T13:24:35.000Z,40,2.66666666666667,4.33333333333333,0,0
2026-09-23T13:28:05.000Z,2026-09-23T13:29:45.000Z,100,3.5,4.16666666666667,0,0
2026-09-23T13:32:45.000Z,2026-09-23T13:33:05.000Z,20,3,4.66666666666667,0,0
2026-09-23T13:36:35.000Z,2026-09-23T13:38:25.000Z,110,3.5,3.83333333333333,0,0
2026-09-23T13:45:05.000Z,2026-09-23T13:46:55.000Z,110,6.66666666666667,8.5,0,0
2026-09-23T13:53:45.000Z,2026-09-23T13:55:25.000Z,100,6.83333333333333,8.66666666666667,0,0
2026-09-23T14:02:15.000Z,2026-09-23T14:03:55.000Z,100,6.83333333333333,8.5,0,0
2026-09-23T14:10:35.000Z,2026-09-23T14:12:25.000Z,110,6.66666666666667,8.33333333333333,0,0
2026-09-23T14:18:55.000Z,2026-09-23T14:20:45.000Z,110,6.5,8.33333333333333,0,0
2026-09-23T14:27:25.000Z,2026-09-23T14:29:05.000Z,100,6.66666666666667,8.5,0,0
2026-09-23T14:35:55.000Z,2026-09-23T14:37:45.000Z,110,6.83333333333333,8.5,0,0
2026-09-23T14:44:25.000Z,2026-09-23T14:46:15.000Z,110,6.66666666666667,8.5,0,0
2026-09-23T14:53:05.000Z,2026-09-23T14:54:45.000Z,100,6.83333333333333,8.66666666666667,0,0
2026-09-23T14:58:15.000Z,2026-09-23T14:58:45.000Z,30,3.5,5.16666666666667,0,0
2026-09-23T15:01:35.000Z,2026-09-23T15:03:25.000Z,110,2.83333333333333,3.33333333333333,0,0
2026-09-23T15:06:45.000Z,2026-09-23T15:07:25.000Z,40,3.33333333333333,5.16666666666667,0,0
2026-09-23T15:10:15.000Z,2026-09-23T15:11:55.000Z,100,2.83333333333333,3.5,0,0
2026-09-23T15:15:05.000Z,2026-09-23T15:16:15.000Z,70,3.16666666666667,4.83333333333333,0,0
2026-09-23T15:18:45.000Z,2026-09-23T15:20:25.000Z,100,2.5,3.66666666666667,0,0
2026-09-23T15:23:35.000Z,2026-09-23T15:24:55.000Z,80,3.16666666666667,4.83333333333333,0,0
2026-09-23T15:27:25.000Z,2026-09-23T15:28:55.000Z,90,2.5,3.83333333333333,0,0
2026-09-23T15:32:05.000Z,2026-09-23T15:33:25.000Z,80,3.16666666666667,4.66666666666667,0,0
2026-09-23T15:36:05.000Z,2026-09-23T15:37:25.000Z,80,2.66666666666667,4,0,0
2026-09-23T15:40:35.000Z,2026-09-23T15:42:05.000Z,90,3.16666666666667,4.5,0,0
2026-09-23T15:44:45.000Z,2026-09-23T15:45:45.000Z,60,2.66666666666667,4.16666666666667,0,0
2026-09-23T15:49:05.000Z,2026-09-23T15:50:45.000Z,100,3.33333333333333,4.33333333333333,0,0
2026-09-23T15:53:25.000Z,2026-09-23T15:54:15.000Z,50,2.66666666666667,4.33333333333333,0,0
2026-09-23T15:57:35.000Z,2026-09-23T15:59:15.000Z,100,3.33333333333333,4.16666666666667,0,0
2026-09-23T16:02:05.000Z,2026-09-23T16:02:45.000Z,40,2.83333333333333,4.5,0,0
2026-09-23T16:06:05.000Z,2026-09-23T16:07:55.000Z,110,3.33333333333333,4,0,0
2026-09-23T16:10:45.000Z,2026-09-23T16:11:05.000Z,20,2.83333333333333,4.66666666666667,0,0
2026-09-23T16:14:35.000Z,2026-09-23T16:16:25.000Z,110,3.5,3.83333333333333,0,0
2026-09-23T16:23:15.000Z,2026-09-23T16:24:55.000Z,100,6.83333333333333,8.66666666666667,0,0
2026-09-23T16:31:45.000Z,2026-09-23T16:33:35.000Z,110,6.83333333333333,8.5,0,0
2026-09-23T16:40:25.000Z,2026-09-23T16:41:55.000Z,90,6.83333333333333,8.66666666666667,0,0
2026-09-23T16:48:45.000Z,2026-09-23T16:50:25.000Z,100,6.83333333333333,8.33333333333333,0,0
2026-09-23T16:57:05.000Z,2026-09-23T16:58:45.000Z,100,6.66666666666667,8.33333333333333,0,0
2026-09-23T17:05:35.000Z,2026-09-23T17:07:15.000Z,100,6.83333333333333,8.5,0,0
2026-09-23T17:14:05.000Z,2026-09-23T17:15:45.000Z,100,6.83333333333333,8.5,0,0
2026-09-23T17:22:35.000Z,2026-09-23T17:24:25.000Z,110,6.83333333333333,8.5,0,0
2026-09-23T17:31:05.000Z,2026-09-23T17:32:55.000Z,110,6.66666666666667,8.5,0,0
2026-09-23T17:36:25.000Z,2026-09-23T17:36:55.000Z,30,3.5,5.33333333333333,0,0
2026-09-23T17:39:45.000Z,2026-09-23T17:41:25.000Z,100,2.83333333333333,3.33333333333333,0,0
2026-09-23T17:44:45.000Z,2026-09-23T17:45:35.000Z,50,3.33333333333333,5,0,0
2026-09-23T17:48:15.000Z,2026-09-23T17:49:55.000Z,100,2.66666666666667,3.5,0,0
2026-09-23T17:53:15.000Z,2026-09-23T17:54:15.000Z,60,3.33333333333333,5,0,0
2026-09-23T17:56:55.000Z,2026-09-23T17:58:25.000Z,90,2.66666666666667,3.66666666666667,0,0
2026-09-23T18:01:45.000Z,2026-09-23T18:02:55.000Z,70,3.33333333333333,4.83333333333333,0,0
2026-09-23T18:05:25.000Z,2026-09-23T18:06:55.000Z,90,2.5,3.66666666666667,0,0
2026-09-23T18:10:15.000Z,2026-09-23T18:11:35.000Z,80,3.33333333333333,4.83333333333333,0,0
2026-09-23T18:14:05.000Z,2026-09-23T18:15:25.000Z,80,2.5,3.83333333333333,0,0
2026-09-23T18:18:35.000Z,2026-09-23T18:20:15.000Z,100,3.16666666666667,4.5,0,0
2026-09-23T18:22:45.000Z,2026-09-23T18:23:55.000Z,70,2.5,4.16666666666667,0,0
2026-09-23T18:27:05.000Z,2026-09-23T18:28:45.000Z,100,3.16666666666667,4.33333333333333,0,0
2026-09-23T18:31:25.000Z,2026-09-23T18:32:25.000Z,60,2.66666666666667,4.33333333333333,0,0
2026-09-23T18:35:45.000Z,2026-09-23T18:37:25.000Z,100,3.33333333333333,4.33333333333333,0,0
2026-09-23T18:40:05.000Z,2026-09-23T18:40:45.000Z,40,2.66666666666667,4.33333333333333,0,0
2026-09-23T18:44:15.000Z,2026-09-23T18:45:55.000Z,100,3.5,4.16666666666667,0,0
2026-09-23T18:48:55.000Z,2026-09-23T18:49:05.000Z,10,3,4.66666666666667,0,0
2026-09-23T18:52:45.000Z,2026-09-23T18:54:35.000Z,110,3.66666666666667,3.83333333333333,0,0
2026-09-23T19:01:15.000Z,2026-09-23T19:03:05.000Z,110,6.66666666666667,8.5,0,0
2026-09-23T19:09:55.000Z,2026-09-23T19:11:35.000Z,100,6.83333333333333,8.66666666666667,0,0
2026-09-23T19:18:25.000Z,2026-09-23T19:20:05.000Z,100,6.83333333333333,8.5,0,0
2026-09-23T19:26:45.000Z,2026-09-23T19:28:25.000Z,100,6.66666666666667,8.33333333333333,0,0
2026-09-23T19:35:05.000Z,2026-09-23T19:36:45.000Z,100,6.66666666666667,8.33333333333333,0,0
2026-09-23T19:43:35.000Z,2026-09-23T19:45:15.000Z,100,6.83333333333333,8.5,0,0
2026-09-23T19:52:05.000Z,2026-09-23T19:53:55.000Z,110,6.83333333333333,8.5,0,0
2026-09-23T20:00:35.000Z,2026-09-23T20:02:25.000Z,110,6.66666666666667,8.5,0,0
2026-09-23T20:06:05.000Z,2026-09-23T20:06:15.000Z,10,3.66666666666667,5.5,0,0
2026-09-23T20:09:15.000Z,2026-09-23T20:10:55.000Z,100,3,3.16666666666667,0,0
2026-09-23T20:14:25.000Z,2026-09-23T20:15:05.000Z,40,3.5,5.16666666666667,0,0
2026-09-23T20:17:45.000Z,2026-09-23T20:19:25.000Z,100,2.66666666666667,3.33333333333333,0,0
2026-09-23T20:22:55.000Z,2026-09-23T20:23:45.000Z,50,3.5,5.16666666666667,0,0
2026-09-23T20:26:25.000Z,2026-09-23T20:28:05.000Z,100,2.66666666666667,3.5,0,0
2026-09-23T20:31:15.000Z,2026-09-23T20:32:25.000Z,70,3.16666666666667,4.83333333333333,0,0
2026-09-23T20:34:55.000Z,2026-09-23T20:36:35.000Z,100,2.5,3.66666666666667,0,0
2026-09-23T20:39:45.000Z,2026-09-23T20:41:05.000Z,80,3.16666666666667,4.83333333333333,0,0
2026-09-23T20:43:35.000Z,2026-09-23T20:45:05.000Z,90,2.5,3.83333333333333,0,0
2026-09-23T20:48:15.000Z,2026-09-23T20:49:45.000Z,90,3.16666666666667,4.66666666666667,0,0
2026-09-23T20:52:15.000Z,2026-09-23T20:53:25.000Z,70,2.5,4,0,0
2026-09-23T20:56:45.000Z,2026-09-23T20:58:15.000Z,90,3.33333333333333,4.5,0,0
2026-09-23T21:00:55.000Z,2026-09-23T21:01:55.000Z,60,2.66666666666667,4.16666666666667,0,0
2026-09-23T21:05:15.000Z,2026-09-23T21:06:55.000Z,100,3.33333333333333,4.33333333333333,0,0
2026-09-23T21:09:35.000Z,2026-09-23T21:10:25.000Z,50,2.66666666666667,4.33333333333333,0,0
2026-09-23T21:13:45.000Z,2026-09-23T21:15:25.000Z,100,3.33333333333333,4.16666666666667,0,0
2026-09-23T21:18:15.000Z,2026-09-23T21:18:45.000Z,30,2.83333333333333,4.5,0,0
2026-09-23T21:22:15.000Z,2026-09-23T21:24:05.000Z,110,3.5,4,0,0
2026-09-23T21:30:45.000Z,2026-09-23T21:32:35.000Z,110,6.66666666666667,8.5,0,0
2026-09-23T21:39:25.000Z,2026-09-23T21:41:05.000Z,100,6.83333333333333,8.66666666666667,0,0
2026-09-23T21:47:55.000Z,2026-09-23T21:49:35.000Z,100,6.83333333333333,8.5,0,0
2026-09-23T21:56:25.000Z,2026-09-23T21:58:05.000Z,100,6.83333333333333,8.5,0,0
2026-09-23T22:04:45.000Z,2026-09-23T22:06:35.000Z,110,6.66666666666667,8.33333333333333,0,0
2026-09-23T22:13:15.000Z,2026-09-23T22:14:45.000Z,90,6.66666666666667,8.5,0,0
2026-09-23T22:21:45.000Z,2026-09-23T22:23:25.000Z,100,7,8.5,0,0
2026-09-23T22:30:15.000Z,2026-09-23T22:31:55.000Z,100,6.83333333333333,8.5,0,0
2026-09-23T22:38:45.000Z,2026-09-23T22:40:35.000Z,110,6.83333333333333,8.5,0,0
2026-09-23T22:44:05.000Z,2026-09-23T22:44:25.000Z,20,3.5,5.33333333333333,0,0
2026-09-23T22:47:15.000Z,2026-09-23T22:49:05.000Z,110,2.83333333333333,3.16666666666667,0,0
2026-09-23T22:52:25.000Z,2026-09-23T22:53:05.000Z,40,3.33333333333333,5.16666666666667,0,0
2026-09-23T22:55:55.000Z,2026-09-23T22:57:35.000Z,100,2.83333333333333,3.5,0,0
2026-09-23T23:00:55.000Z,2026-09-23T23:01:45.000Z,50,3.33333333333333,5,0,0
2026-09-23T23:04:25.000Z,2026-09-23T23:06:05.000Z,100,2.66666666666667,3.5,0,0
2026-09-23T23:09:25.000Z,2026-09-23T23:10:25.000Z,60,3.33333333333333,5,0,0
2026-09-23T23:13:05.000Z,2026-09-23T23:14:35.000Z,90,2.66666666666667,3.66666666666667,0,0
2026-09-23T23:17:55.000Z,2026-09-23T23:19:05.000Z,70,3.33333333333333,4.83333333333333,0,0
2026-09-23T23:21:45.000Z,2026-09-23T23:23:05.000Z,80,2.66666666666667,3.83333333333333,0,0
2026-09-23T23:26:15.000Z,2026-09-23T23:27:45.000Z,90,3.16666666666667,4.5,0,0
2026-09-23T23:30:15.000Z,2026-09-23T23:31:35.000Z,80,2.5,4,0,0
2026-09-23T23:34:45.000Z,2026-09-23T23:36:25.000Z,100,3.16666666666667,4.5,0,0
2026-09-23T23:38:55.000Z,2026-09-23T23:40:05.000Z,70,2.5,4.16666666666667,0,0
2026-09-23T23:43:15.000Z,2026-09-23T23:44:55.000Z,100,3.16666666666667,4.33333333333333,0,0
2026-09-23T23:47:45.000Z,2026-09-23T23:48:25.000Z,40,2.83333333333333,4.5,0,0
2026-09-23T23:51:55.000Z,2026-09-23T23:53:35.000Z,100,3.5,4.16666666666667,0,0
2026-09-23T23:56:25.000Z,2026-09-23T23:56:55.000Z,30,2.83333333333333,4.5,0,0
2026-09-24T00:00:25.000Z,2026-09-24T00:02:05.000Z,100,3.5,4,0,0
2026-09-24T00:08:55.000Z,2026-09-24T00:10:45.000Z,110,6.83333333333333,8.5,0,0
2026-09-24T00:17:25.000Z,2026-09-24T00:19:15.000Z,110,6.66666666666667,8.5,0,0
2026-09-24T00:26:05.000Z,2026-09-24T00:27:45.000Z,100,6.83333333333333,8.66666666666667,0,0
2026-09-24T00:34:35.000Z,2026-09-24T00:36:15.000Z,100,6.83333333333333,8.5,0,0
2026-09-24T00:42:55.000Z,2026-09-24T00:44:35.000Z,100,6.66666666666667,8.33333333333333,0,0
2026-09-24T00:51:15.000Z,2026-09-24T00:52:55.000Z,100,6.66666666666667,8.33333333333333,0,0
2026-09-24T00:59:45.000Z,2026-09-24T01:01:25.000Z,100,6.83333333333333,8.5,0,0
2026-09-24T01:08:15.000Z,2026-09-24T01:10:05.000Z,110,6.83333333333333,8.5,0,0
2026-09-24T01:16:45.000Z,2026-09-24T01:18:35.000Z,110,6.66666666666667,8.5,0,0
2026-09-24T01:22:05.000Z,2026-09-24T01:22:25.000Z,20,3.5,5.33333333333333,0,0
2026-09-24T01:25:25.000Z,2026-09-24T01:27:05.000Z,100,3,3.33333333333333,0,0
2026-09-24T01:30:35.000Z,2026-09-24T01:31:15.000Z,40,3.5,5.16666666666667,0,0
2026-09-24T01:33:55.000Z,2026-09-24T01:35:35.000Z,100,2.66666666666667,3.33333333333333,0,0
2026-09-24T01:38:55.000Z,2026-09-24T01:39:55.000Z,60,3.33333333333333,5,0,0
2026-09-24T01:42:35.000Z,2026-09-24T01:44:15.000Z,100,2.66666666666667,3.66666666666667,0,0
2026-09-24T01:47:25.000Z,2026-09-24T01:48:35.000Z,70,3.16666666666667,4.83333333333333,0,0
2026-09-24T01:51:05.000Z,2026-09-24T01:52:35.000Z,90,2.5,3.66666666666667,0,0
2026-09-24T01:55:55.000Z,2026-09-24T01:57:15.000Z,80,3.33333333333333,4.83333333333333,0,0
2026-09-24T01:59:45.000Z,2026-09-24T02:01:05.000Z,80,2.5,3.83333333333333,0,0
2026-09-24T02:04:25.000Z,2026-09-24T02:05:55.000Z,90,3.33333333333333,4.66666666666667,0,0
2026-09-24T02:08:25.000Z,2026-09-24T02:09:35.000Z,70,2.5,4,0,0
2026-09-24T02:12:55.000Z,2026-09-24T02:14:25.000Z,90,3.33333333333333,4.5,0,0
2026-09-24T02:17:05.000Z,2026-09-24T02:18:05.000Z,60,2.66666666666667,4.16666666666667,0,0
2026-09-24T02:21:25.000Z,2026-09-24T02:23:05.000Z,100,3.33333333333333,4.33333333333333,0,0
2026-09-24T02:25:45.000Z,2026-09-24T02:26:35.000Z,50,2.66666666666667,4.33333333333333,0,0
2026-09-24T02:29:55.000Z,2026-09-24T02:31:45.000Z,110,3.33333333333333,4.16666666666667,0,0
2026-09-24T02:34:25.000Z,2026-09-24T02:34:55.000Z,30,2.66666666666667,4.5,0,0
2026-09-24T02:38:25.000Z,2026-09-24T02:40:15.000Z,110,3.5,4,0,0
2026-09-24T02:46:55.000Z,2026-09-24T02:48:45.000Z,110,6.66666666666667,8.5,0,0
2026-09-24T02:55:35.000Z,2026-09-24T02:57:15.000Z,100,6.83333333333333,8.66666666666667,0,0
2026-09-24T03:04:05.000Z,2026-09-24T03:05:45.000Z,100,6.83333333333333,8.5,0,0
2026-09-24T03:12:35.000Z,2026-09-24T03:14:15.000Z,100,6.83333333333333,8.5,0,0
2026-09-24T03:20:55.000Z,2026-09-24T03:22:35.000Z,100,6.66666666666667,8.33333333333333,0,0
2026-09-24T03:29:25.000Z,2026-09-24T03:30:55.000Z,90,6.83333333333333,8.5,0,0
2026-09-24T03:37:45.000Z,2026-09-24T03:39:35.000Z,110,6.83333333333333,8.33333333333333,0,0
2026-09-24T03:46:25.000Z,2026-09-24T03:48:05.000Z,100,6.83333333333333,8.66666666666667,0,0
2026-09-24T03:54:55.000Z,2026-09-24T03:56:45.000Z,110,6.83333333333333,8.5,0,0
2026-09-24T04:00:15.000Z,2026-09-24T04:00:35.000Z,20,3.5,5.33333333333333,0,0
2026-09-24T04:03:25.000Z,2026-09-24T04:05:15.000Z,110,2.83333333333333,3.16666666666667,0,0
2026-09-24T04:08:35.000Z,2026-09-24T04:09:25.000Z,50,3.33333333333333,5.16666666666667,0,0
2026-09-24T04:12:05.000Z,2026-09-24T04:13:45.000Z,100,2.66666666666667,3.5,0,0
2026-09-24T04:17:05.000Z,2026-09-24T04:18:05.000Z,60,3.33333333333333,5,0,0
2026-09-24T04:20:35.000Z,2026-09-24T04:22:15.000Z,100,2.5,3.5,0,0
2026-09-24T04:25:35.000Z,2026-09-24T04:26:45.000Z,70,3.33333333333333,5,0,0
2026-09-24T04:29:15.000Z,2026-09-24T04:30:45.000Z,90,2.5,3.66666666666667,0,0
2026-09-24T04:33:55.000Z,2026-09-24T04:35:15.000Z,80,3.16666666666667,4.66666666666667,0,0
2026-09-24T04:37:55.000Z,2026-09-24T04:39:15.000Z,80,2.66666666666667,4,0,0
2026-09-24T04:42:25.000Z,2026-09-24T04:43:55.000Z,90,3.16666666666667,4.5,0,0
2026-09-24T04:46:35.000Z,2026-09-24T04:47:45.000Z,70,2.66666666666667,4.16666666666667,0,0
2026-09-24T04:50:55.000Z,2026-09-24T04:52:35.000Z,100,3.16666666666667,4.33333333333333,0,0
2026-09-24T04:55:15.000Z,2026-09-24T04:56:05.000Z,50,2.66666666666667,4.33333333333333,0,0
2026-09-24T04:59:25.000Z,2026-09-24T05:01:15.000Z,110,3.33333333333333,4.16666666666667,0,0
2026-09-24T05:03:55.000Z,2026-09-24T05:04:35.000Z,40,2.66666666666667,4.5,0,0
2026-09-24T05:07:55.000Z,2026-09-24T05:09:45.000Z,110,3.33333333333333,4,0,0
2026-09-24T05:12:35.000Z,2026-09-24T05:13:05.000Z,30,2.83333333333333,4.66666666666667,0,0
2026-09-24T05:16:35.000Z,2026-09-24T05:18:15.000Z,100,3.5,4,0,0
2026-09-24T05:25:05.000Z,2026-09-24T05:26:55.000Z,110,6.83333333333333,8.5,0,0
2026-09-24T05:33:35.000Z,2026-09-24T05:35:25.000Z,110,6.66666666666667,8.5,0,0
2026-09-24T05:42:15.000Z,2026-09-24T05:43:55.000Z,100,6.83333333333333,8.66666666666667,0,0
2026-09-24T05:50:35.000Z,2026-09-24T05:52:15.000Z,100,6.66666666666667,8.33333333333333,0,0
2026-09-24T05:58:55.000Z,2026-09-24T06:00:35.000Z,100,6.66666666666667,8.33333333333333,0,0
2026-09-24T06:07:25.000Z,2026-09-24T06:09:05.000Z,100,6.83333333333333,8.5,0,0
2026-09-24T06:15:55.000Z,2026-09-24T06:17:35.000Z,100,6.83333333333333,8.5,0,0
2026-09-24T06:24:25.000Z,2026-09-24T06:26:15.000Z,110,6.83333333333333,8.5,0,0
2026-09-24T06:32:55.000Z,2026-09-24T06:34:45.000Z,110,6.66666666666667,8.5,0,0
2026-09-24T06:38:15.000Z,2026-09-24T06:38:45.000Z,30,3.5,5.33333333333333,0,0
2026-09-24T06:41:35.000Z,2026-09-24T06:43:15.000Z,100,2.83333333333333,3.33333333333333,0,0
2026-09-24T06:46:45.000Z,2026-09-24T06:47:25.000Z,40,3.5,5.16666666666667,0,0
2026-09-24T06:50:05.000Z,2026-09-24T06:51:45.000Z,100,2.66666666666667,3.33333333333333,0,0
2026-09-24T06:55:05.000Z,2026-09-24T06:56:05.000Z,60,3.33333333333333,5,0,0
2026-09-24T06:58:45.000Z,2026-09-24T07:00:15.000Z,90,2.66666666666667,3.66666666666667,0,0
2026-09-24T07:03:35.000Z,2026-09-24T07:04:45.000Z,70,3.33333333333333,4.83333333333333,0,0
2026-09-24T07:07:25.000Z,2026-09-24T07:08:45.000Z,80,2.66666666666667,3.83333333333333,0,0
2026-09-24T07:12:05.000Z,2026-09-24T07:13:25.000Z,80,3.33333333333333,4.66666666666667,0,0
2026-09-24T07:15:55.000Z,2026-09-24T07:17:15.000Z,80,2.5,3.83333333333333,0,0
2026-09-24T07:20:35.000Z,2026-09-24T07:22:05.000Z,90,3.33333333333333,4.66666666666667,0,0
2026-09-24T07:24:35.000Z,2026-09-24T07:25:45.000Z,70,2.5,4,0,0
2026-09-24T07:29:05.000Z,2026-09-24T07:30:45.000Z,100,3.33333333333333,4.5,0,0
2026-09-24T07:33:15.000Z,2026-09-24T07:34:15.000Z,60,2.5,4.16666666666667,0,0
2026-09-24T07:37:35.000Z,2026-09-24T07:39:15.000Z,100,3.33333333333333,4.33333333333333,0,0
2026-09-24T07:41:55.000Z,2026-09-24T07:42:45.000Z,50,2.66666666666667,4.33333333333333,0,0
2026-09-24T07:46:05.000Z,2026-09-24T07:47:55.000Z,110,3.33333333333333,4.16666666666667,0,0
2026-09-24T07:50:45.000Z,2026-09-24T07:51:05.000Z,20,2.83333333333333,4.66666666666667,0,0
2026-09-24T07:54:35.000Z,2026-09-24T07:56:25.000Z,110,3.5,3.83333333333333,0,0
2026-09-24T08:03:15.000Z,2026-09-24T08:04:55.000Z,100,6.83333333333333,8.66666666666667,0,0
2026-09-24T08:11:45.000Z,2026-09-24T08:13:25.000Z,100,6.83333333333333,8.5,0,0
2026-09-24T08:20:25.000Z,2026-09-24T08:21:55.000Z,90,7,8.66666666666667,0,0
2026-09-24T08:28:35.000Z,2026-09-24T08:30:25.000Z,110,6.66666666666667,8.16666666666667,0,0
2026-09-24T08:37:05.000Z,2026-09-24T08:38:45.000Z,100,6.66666666666667,8.5,0,0
2026-09-24T08:45:25.000Z,2026-09-24T08:47:05.000Z,100,6.66666666666667,8.33333333333333,0,0
2026-09-24T08:53:55.000Z,2026-09-24T08:55:45.000Z,110,6.83333333333333,8.5,0,0
2026-09-24T09:02:35.000Z,2026-09-24T09:04:15.000Z,100,6.83333333333333,8.66666666666667,0,0
2026-09-24T09:11:05.000Z,2026-09-24T09:12:55.000Z,110,6.83333333333333,8.5,0,0
2026-09-24T09:16:15.000Z,2026-09-24T09:16:55.000Z,40,3.33333333333333,5.16666666666667,0,0
2026-09-24T09:19:35.000Z,2026-09-24T09:21:25.000Z,110,2.66666666666667,3.33333333333333,0,0
2026-09-24T09:24:45.000Z,2026-09-24T09:25:35.000Z,50,3.33333333333333,5.16666666666667,0,0
2026-09-24T09:28:15.000Z,2026-09-24T09:29:55.000Z,100,2.66666666666667,3.5,0,0
2026-09-24T09:33:15.000Z,2026-09-24T09:34:15.000Z,60,3.33333333333333,5,0,0
2026-09-24T09:36:45.000Z,2026-09-24T09:38:25.000Z,100,2.5,3.5,0,0
2026-09-24T09:41:35.000Z,2026-09-24T09:42:55.000Z,80,3.16666666666667,4.83333333333333,0,0
2026-09-24T09:45:25.000Z,2026-09-24T09:46:55.000Z,90,2.5,3.83333333333333,0,0
2026-09-24T09:50:05.000Z,2026-09-24T09:51:35.000Z,90,3.16666666666667,4.66666666666667,0,0
2026-09-24T09:54:05.000Z,2026-09-24T09:55:25.000Z,80,2.5,4,0,0
2026-09-24T09:58:35.000Z,2026-09-24T10:00:05.000Z,90,3.16666666666667,4.5,0,0
2026-09-24T10:02:45.000Z,2026-09-24T10:03:55.000Z,70,2.66666666666667,4.16666666666667,0,0
2026-09-24T10:07:05.000Z,2026-09-24T10:08:45.000Z,100,3.16666666666667,4.33333333333333,0,0
2026-09-24T10:11:25.000Z,2026-09-24T10:12:15.000Z,50,2.66666666666667,4.33333333333333,0,0
2026-09-24T10:15:35.000Z,2026-09-24T10:17:25.000Z,110,3.33333333333333,4.16666666666667,0,0
2026-09-24T10:20:05.000Z,2026-09-24T10:20:45.000Z,40,2.66666666666667,4.5,0,0
2026-09-24T10:24:05.000Z,2026-09-24T10:25:55.000Z,110,3.33333333333333,4,0,0
2026-09-24T10:28:55.000Z,2026-09-24T10:29:05.000Z,10,3,4.83333333333333,0,0
2026-09-24T10:32:45.000Z,2026-09-24T10:34:35.000Z,110,3.66666666666667,3.83333333333333,0,0
2026-09-24T10:41:15.000Z,2026-09-24T10:43:05.000Z,110,6.66666666666667,8.5,0,0
2026-09-24T10:49:55.000Z,2026-09-24T10:51:35.000Z,100,6.83333333333333,8.66666666666667,0,0
2026-09-24T10:58:25.000Z,2026-09-24T11:00:05.000Z,100,6.83333333333333,8.5,0,0
2026-09-24T11:06:45.000Z,2026-09-24T11:08:25.000Z,100,6.66666666666667,8.33333333333333,0,0
2026-09-24T11:15:05.000Z,2026-09-24T11:16:45.000Z,100,6.66666666666667,8.33333333333333,0,0
2026-09-24T11:23:35.000Z,2026-09-24T11:25:15.000Z,100,6.83333333333333,8.5,0,0
2026-09-24T11:32:05.000Z,2026-09-24T11:33:45.000Z,100,6.83333333333333,8.5,0,0
2026-09-24T11:40:35.000Z,2026-09-24T11:42:25.000Z,110,6.83333333333333,8.5,0,0
2026-09-24T11:49:05.000Z,2026-09-24T11:50:55.000Z,110,6.66666666666667,8.5,0,0
2026-09-24T11:54:25.000Z,2026-09-24T11:54:55.000Z,30,3.5,5.33333333333333,0,0
2026-09-24T11:57:45.000Z,2026-09-24T11:59:25.000Z,100,2.83333333333333,3.33333333333333,0,0
2026-09-24T12:02:45.000Z,2026-09-24T12:03:35.000Z,50,3.33333333333333,5,0,0
2026-09-24T12:06:15.000Z,2026-09-24T12:07:55.000Z,100,2.66666666666667,3.5,0,0
2026-09-24T12:11:15.000Z,2026-09-24T12:12:15.000Z,60,3.33333333333333,5,0,0
2026-09-24T12:14:55.000Z,2026-09-24T12:16:25.000Z,90,2.66666666666667,3.66666666666667,0,0
2026-09-24T12:19:45.000Z,2026-09-24T12:20:55.000Z,70,3.33333333333333,4.83333333333333,0,0
2026-09-24T12:23:35.000Z,2026-09-24T12:24:55.000Z,80,2.66666666666667,3.83333333333333,0,0
2026-09-24T12:28:15.000Z,2026-09-24T12:29:35.000Z,80,3.33333333333333,4.66666666666667,0,0
2026-09-24T12:32:15.000Z,2026-09-24T12:33:25.000Z,70,2.66666666666667,4,0,0
2026-09-24T12:36:45.000Z,2026-09-24T12:38:15.000Z,90,3.33333333333333,4.5,0,0
2026-09-24T12:40:55.000Z,2026-09-24T12:41:55.000Z,60,2.66666666666667,4.16666666666667,0,0
2026-09-24T12:45:15.000Z,2026-09-24T12:46:55.000Z,100,3.33333333333333,4.33333333333333,0,0
2026-09-24T12:49:35.000Z,2026-09-24T12:50:25.000Z,50,2.66666666666667,4.33333333333333,0,0
2026-09-24T12:53:45.000Z,2026-09-24T12:55:25.000Z,100,3.33333333333333,4.16666666666667,0,0
2026-09-24T12:58:15.000Z,2026-09-24T12:58:45.000Z,30,2.83333333333333,4.5,0,0
2026-09-24T13:02:15.000Z,2026-09-24T13:04:05.000Z,110,3.5,4,0,0
2026-09-24T13:10:45.000Z,2026-09-24T13:12:35.000Z,110,6.66666666666667,8.5,0,0
2026-09-24T13:19:25.000Z,2026-09-24T13:21:05.000Z,100,6.83333333333333,8.66666666666667,0,0
2026-09-24T13:27:55.000Z,2026-09-24T13:29:35.000Z,100,6.83333333333333,8.5,0,0
2026-09-24T13:36:25.000Z,2026-09-24T13:38:05.000Z,100,6.83333333333333,8.5,0,0
2026-09-24T13:44:45.000Z,2026-09-24T13:46:25.000Z,100,6.66666666666667,8.33333333333333,0,0
2026-09-24T13:53:05.000Z,2026-09-24T13:54:45.000Z,100,6.66666666666667,8.33333333333333,0,0
2026-09-24T14:01:35.000Z,2026-09-24T14:03:15.000Z,100,6.83333333333333,8.5,0,0
2026-09-24T14:10:05.000Z,2026-09-24T14:11:55.000Z,110,6.83333333333333,8.5,0,0
2026-09-24T14:18:45.000Z,2026-09-24T14:20:25.000Z,100,6.83333333333333,8.66666666666667,0,0
2026-09-24T14:24:05.000Z,2026-09-24T14:24:15.000Z,10,3.66666666666667,5.33333333333333,0,0
2026-09-24T14:27:15.000Z,2026-09-24T14:29:05.000Z,110,3,3.16666666666667,0,0
2026-09-24T14:32:25.000Z,2026-09-24T14:33:05.000Z,40,3.33333333333333,5.16666666666667,0,0
2026-09-24T14:35:45.000Z,2026-09-24T14:37:35.000Z,110,2.66666666666667,3.33333333333333,0,0
2026-09-24T14:40:55.000Z,2026-09-24T14:41:45.000Z,50,3.33333333333333,5.16666666666667,0,0
2026-09-24T14:44:25.000Z,2026-09-24T14:46:05.000Z,100,2.66666666666667,3.5,0,0
2026-09-24T14:49:15.000Z,2026-09-24T14:50:25.000Z,70,3.16666666666667,4.83333333333333,0,0
2026-09-24T14:53:05.000Z,2026-09-24T14:54:35.000Z,90,2.66666666666667,3.83333333333333,0,0
2026-09-24T14:57:45.000Z,2026-09-24T14:59:05.000Z,80,3.16666666666667,4.66666666666667,0,0
2026-09-24T15:01:35.000Z,2026-09-24T15:03:05.000Z,90,2.5,3.83333333333333,0,0
2026-09-24T15:06:15.000Z,2026-09-24T15:07:45.000Z,90,3.16666666666667,4.66666666666667,0,0
2026-09-24T15:10:15.000Z,2026-09-24T15:11:35.000Z,80,2.5,4,0,0
2026-09-24T15:14:45.000Z,2026-09-24T15:16:25.000Z,100,3.16666666666667,4.5,0,0
2026-09-24T15:18:55.000Z,2026-09-24T15:19:55.000Z,60,2.5,4.16666666666667,0,0
2026-09-24T15:23:15.000Z,2026-09-24T15:24:55.000Z,100,3.33333333333333,4.33333333333333,0,0
2026-09-24T15:27:35.000Z,2026-09-24T15:28:25.000Z,50,2.66666666666667,4.33333333333333,0,0
2026-09-24T15:31:45.000Z,2026-09-24T15:33:35.000Z,110,3.33333333333333,4.16666666666667,0,0
2026-09-24T15:36:15.000Z,2026-09-24T15:36:55.000Z,40,2.66666666666667,4.5,0,0
2026-09-24T15:40:15.000Z,2026-09-24T15:42:05.000Z,110,3.33333333333333,4,0,0
2026-09-24T15:48:55.000Z,2026-09-24T15:50:45.000Z,110,6.83333333333333,8.66666666666667,0,0
2026-09-24T15:57:25.000Z,2026-09-24T15:59:15.000Z,110,6.66666666666667,8.5,0,0
2026-09-24T16:06:05.000Z,2026-09-24T16:07:45.000Z,100,6.83333333333333,8.66666666666667,0,0
2026-09-24T16:14:25.000Z,2026-09-24T16:16:05.000Z,100,6.66666666666667,8.33333333333333,0,0
2026-09-24T16:22:45.000Z,2026-09-24T16:24:35.000Z,110,6.66666666666667,8.33333333333333,0,0
2026-09-24T16:31:15.000Z,2026-09-24T16:32:45.000Z,90,6.66666666666667,8.5,0,0
2026-09-24T16:39:45.000Z,2026-09-24T16:41:25.000Z,100,7,8.5,0,0
2026-09-24T16:48:15.000Z,2026-09-24T16:50:05.000Z,110,6.83333333333333,8.5,0,0
2026-09-24T16:56:45.000Z,2026-09-24T16:58:35.000Z,110,6.66666666666667,8.5,0,0
2026-09-24T17:02:05.000Z,2026-09-24T17:02:25.000Z,20,3.5,5.33333333333333,0,0
2026-09-24T17:05:15.000Z,2026-09-24T17:07:05.000Z,110,2.83333333333333,3.16666666666667,0,0
2026-09-24T17:10:35.000Z,2026-09-24T17:11:15.000Z,40,3.5,5.33333333333333,0,0
2026-09-24T17:13:55.000Z,2026-09-24T17:15:35.000Z,100,2.66666666666667,3.33333333333333,0,0
2026-09-24T17:18:55.000Z,2026-09-24T17:19:55.000Z,60,3.33333333333333,5,0,0
2026-09-24T17:22:25.000Z,2026-09-24T17:24:05.000Z,100,2.5,3.5,0,0
2026-09-24T17:27:25.000Z,2026-09-24T17:28:35.000Z,70,3.33333333333333,5,0,0
2026-09-24T17:31:05.000Z,2026-09-24T17:32:35.000Z,90,2.5,3.66666666666667,0,0
2026-09-24T17:35:55.000Z,2026-09-24T17:37:15.000Z,80,3.33333333333333,4.83333333333333,0,0
2026-09-24T17:39:45.000Z,2026-09-24T17:41:05.000Z,80,2.5,3.83333333333333,0,0
2026-09-24T17:44:25.000Z,2026-09-24T17:45:45.000Z,80,3.33333333333333,4.66666666666667,0,0
2026-09-24T17:48:25.000Z,2026-09-24T17:49:35.000Z,70,2.66666666666667,4,0,0
2026-09-24T17:52:55.000Z,2026-09-24T17:54:25.000Z,90,3.33333333333333,4.5,0,0
2026-09-24T17:57:05.000Z,2026-09-24T17:58:05.000Z,60,2.66666666666667,4.16666666666667,0,0
2026-09-24T18:01:25.000Z,2026-09-24T18:03:05.000Z,100,3.33333333333333,4.33333333333333,0,0
2026-09-24T18:05:45.000Z,2026-09-24T18:06:35.000Z,50,2.66666666666667,4.33333333333333,0,0
2026-09-24T18:09:55.000Z,2026-09-24T18:11:35.000Z,100,3.33333333333333,4.16666666666667,0,0
2026-09-24T18:14:25.000Z,2026-09-24T18:14:55.000Z,30,2.83333333333333,4.5,0,0
2026-09-24T18:18:25.000Z,2026-09-24T18:20:15.000Z,110,3.5,4,0,0
2026-09-24T18:26:55.000Z,2026-09-24T18:28:45.000Z,110,6.66666666666667,8.5,0,0
2026-09-24T18:35:35.000Z,2026-09-24T18:37:15.000Z,100,6.83333333333333,8.66666666666667,0,0
2026-09-24T18:44:05.000Z,2026-09-24T18:45:45.000Z,100,6.83333333333333,8.5,0,0
2026-09-24T18:52:35.000Z,2026-09-24T18:54:15.000Z,100,6.83333333333333,8.5,0,0
2026-09-24T19:00:55.000Z,2026-09-24T19:02:35.000Z,100,6.66666666666667,8.33333333333333,0,0
2026-09-24T19:09:15.000Z,2026-09-24T19:10:55.000Z,100,6.66666666666667,8.33333333333333,0,0
2026-09-24T19:17:45.000Z,2026-09-24T19:19:35.000Z,110,6.83333333333333,8.5,0,0
2026-09-24T19:26:15.000Z,2026-09-24T19:28:05.000Z,110,6.66666666666667,8.5,0,0
2026-09-24T19:34:55.000Z,2026-09-24T19:36:35.000Z,100,6.83333333333333,8.66666666666667,0,0
2026-09-24T19:40:15.000Z,2026-09-24T19:40:35.000Z,20,3.66666666666667,5.33333333333333,0,0
2026-09-24T19:43:25.000Z,2026-09-24T19:45:15.000Z,110,2.83333333333333,3.16666666666667,0,0
2026-09-24T19:48:35.000Z,2026-09-24T19:49:15.000Z,40,3.33333333333333,5.16666666666667,0,0
2026-09-24T19:51:55.000Z,2026-09-24T19:53:45.000Z,110,2.66666666666667,3.33333333333333,0,0
2026-09-24T19:57:05.000Z,2026-09-24T19:57:55.000Z,50,3.33333333333333,5.16666666666667,0,0
2026-09-24T20:00:35.000Z,2026-09-24T20:02:15.000Z,100,2.66666666666667,3.5,0,0
2026-09-24T20:05:25.000Z,2026-09-24T20:06:35.000Z,70,3.16666666666667,4.83333333333333,0,0
2026-09-24T20:09:15.000Z,2026-09-24T20:10:45.000Z,90,2.66666666666667,3.83333333333333,0,0
2026-09-24T20:13:55.000Z,2026-09-24T20:15:15.000Z,80,3.16666666666667,4.66666666666667,0,0
2026-09-24T20:17:55.000Z,2026-09-24T20:19:15.000Z,80,2.66666666666667,4,0,0
2026-09-24T20:22:25.000Z,2026-09-24T20:23:55.000Z,90,3.16666666666667,4.5,0,0
2026-09-24T20:26:25.000Z,2026-09-24T20:27:35.000Z,70,2.5,4,0,0
2026-09-24T20:30:55.000Z,2026-09-24T20:32:35.000Z,100,3.33333333333333,4.5,0,0
2026-09-24T20:35:05.000Z,2026-09-24T20:36:05.000Z,60,2.5,4.16666666666667,0,0
2026-09-24T20:39:25.000Z,2026-09-24T20:41:05.000Z,100,3.33333333333333,4.33333333333333,0,0
2026-09-24T20:43:45.000Z,2026-09-24T20:44:35.000Z,50,2.66666666666667,4.33333333333333,0,0
2026-09-24T20:47:55.000Z,2026-09-24T20:49:45.000Z,110,3.33333333333333,4.16666666666667,0,0
2026-09-24T20:52:35.000Z,2026-09-24T20:52:55.000Z,20,2.83333333333333,4.66666666666667,0,0
2026-09-24T20:56:25.000Z,2026-09-24T20:58:15.000Z,110,3.5,3.83333333333333,0,0
2026-09-24T21:05:05.000Z,2026-09-24T21:06:45.000Z,100,6.83333333333333,8.66666666666667,0,0
2026-09-24T21:13:35.000Z,2026-09-24T21:15:25.000Z,110,6.83333333333333,8.5,0,0
2026-09-24T21:22:15.000Z,2026-09-24T21:23:55.000Z,100,6.83333333333333,8.66666666666667,0,0
2026-09-24T21:30:35.000Z,2026-09-24T21:32:15.000Z,100,6.66666666666667,8.33333333333333,0,0
2026-09-24T21:38:55.000Z,2026-09-24T21:40:35.000Z,100,6.66666666666667,8.33333333333333,0,0
2026-09-24T21:47:25.000Z,2026-09-24T21:49:05.000Z,100,6.83333333333333,8.5,0,0
2026-09-24T21:55:55.000Z,2026-09-24T21:57:35.000Z,100,6.83333333333333,8.5,0,0
2026-09-24T22:04:25.000Z,2026-09-24T22:06:15.000Z,110,6.83333333333333,8.5,0,0
2026-09-24T22:12:55.000Z,2026-09-24T22:14:45.000Z,110,6.66666666666667,8.5,0,0
2026-09-24T22:18:15.000Z,2026-09-24T22:18:35.000Z,20,3.5,5.33333333333333,0,0
2026-09-24T22:21:25.000Z,2026-09-24T22:23:15.000Z,110,2.83333333333333,3.16666666666667,0,0
2026-09-24T22:26:35.000Z,2026-09-24T22:27:25.000Z,50,3.33333333333333,5.16666666666667,0,0
2026-09-24T22:30:05.000Z,2026-09-24T22:31:45.000Z,100,2.66666666666667,3.5,0,0
2026-09-24T22:35:05.000Z,2026-09-24T22:36:05.000Z,60,3.33333333333333,5,0,0
2026-09-24T22:38:45.000Z,2026-09-24T22:40:15.000Z,90,2.66666666666667,3.66666666666667,0,0
2026-09-24T22:43:35.000Z,2026-09-24T22:44:45.000Z,70,3.33333333333333,4.83333333333333,0,0
2026-09-24T22:47:15.000Z,2026-09-24T22:48:45.000Z,90,2.5,3.66666666666667,0,0
2026-09-24T22:52:05.000Z,2026-09-24T22:53:25.000Z,80,3.33333333333333,4.83333333333333,0,0
2026-09-24T22:55:55.000Z,2026-09-24T22:57:15.000Z,80,2.5,3.83333333333333,0,0
2026-09-24T23:00:35.000Z,2026-09-24T23:02:05.000Z,90,3.33333333333333,4.66666666666667,0,0
2026-09-24T23:04:35.000Z,2026-09-24T23:05:45.000Z,70,2.5,4,0,0
2026-09-24T23:09:05.000Z,2026-09-24T23:10:35.000Z,90,3.33333333333333,4.5,0,0
2026-09-24T23:13:15.000Z,2026-09-24T23:14:15.000Z,60,2.66666666666667,4.16666666666667,0,0
2026-09-24T23:17:35.000Z,2026-09-24T23:19:15.000Z,100,3.33333333333333,4.33333333333333,0,0
2026-09-24T23:21:55.000Z,2026-09-24T23:22:35.000Z,40,2.66666666666667,4.33333333333333,0,0
2026-09-24T23:26:05.000Z,2026-09-24T23:27:45.000Z,100,3.5,4.16666666666667,0,0
2026-09-24T23:30:45.000Z,2026-09-24T23:31:05.000Z,20,3,4.66666666666667,0,0
2026-09-24T23:34:35.000Z,2026-09-24T23:36:25.000Z,110,3.5,3.83333333333333,0,0
2026-09-24T23:43:05.000Z,2026-09-24T23:44:55.000Z,110,6.66666666666667,8.5,0,0
2026-09-24T23:51:45.000Z,2026-09-24T23:53:25.000Z,100,6.83333333333333,8.66666666666667,0,0
