start_utc,end_utc,duration_s,gap_from_previous_min,start_interval_min,left_censored,right_censored
2026-09-18T00:01:25.000Z,2026-09-18T00:03:05.000Z,100,NaN,NaN,0,0
2026-09-18T00:05:45.000Z,2026-09-18T00:07:35.000Z,110,2.66666666666667,4.33333333333333,0,0
2026-09-18T00:09:55.000Z,2026-09-18T00:11:35.000Z,100,2.33333333333333,4.16666666666667,0,0
2026-09-18T00:14:25.000Z,2026-09-18T00:16:05.000Z,100,2.83333333333333,4.5,0,0
2026-09-18T00:18:35.000Z,2026-09-18T00:20:05.000Z,90,2.5,4.16666666666667,0,0
2026-09-18T00:23:05.000Z,2026-09-18T00:24:25.000Z,80,3,4.5,0,0
2026-09-18T00:27:05.000Z,2026-09-18T00:28:35.000Z,90,2.66666666666667,4,0,0
2026-09-18T00:31:45.000Z,2026-09-18T00:32:55.000Z,70,3.16666666666667,4.66666666666667,0,0
2026-09-18T00:35:45.000Z,2026-09-18T00:37:05.000Z,80,2.83333333333333,4,0,0
2026-09-18T00:40:25.000Z,2026-09-18T00:41:15.000Z,50,3.33333333333333,4.66666666666667,0,0
2026-09-18T00:44:15.000Z,2026-09-18T00:45:45.000Z,90,3,3.83333333333333,0,0
2026-09-18T00:52:45.000Z,2026-09-18T00:54:15.000Z,90,7,8.5,0,0
2026-09-18T01:01:25.000Z,2026-09-18T01:02:45.000Z,80,7.16666666666667,8.66666666666667,0,0
2026-09-18T01:05:55.000Z,2026-09-18T01:06:35.000Z,40,3.16666666666667,4.5,0,0
2026-09-18T01:09:55.000Z,2026-09-18T01:11:25.000Z,90,3.33333333333333,4,0,0
2026-09-18T01:14:15.000Z,2026-09-18T01:15:25.000Z,70,2.83333333333333,4.33333333333333,0,0
2026-09-18T01:18:25.000Z,2026-09-18T01:19:55.000Z,90,3,4.16666666666667,0,0
2026-09-18T01:22:35.000Z,2026-09-18T01:24:05.000Z,90,2.66666666666667,4.16666666666667,0,0
2026-09-18T01:27:05.000Z,2026-09-18T01:28:35.000Z,90,3,4.5,0,0
2026-09-18T01:31:05.000Z,2026-09-18T01:32:45.000Z,100,2.5,4,0,0
2026-09-18T01:35:35.000Z,2026-09-18T01:37:05.000Z,90,2.83333333333333,4.5,0,0
2026-09-18T01:39:35.000Z,2026-09-18T01:41:15.000Z,100,2.5,4,0,0
2026-09-18T01:44:05.000Z,2026-09-18T01:45:45.000Z,100,2.83333333333333,4.5,0,0
2026-09-18T01:48:05.000Z,2026-09-18T01:49:55.000Z,110,2.33333333333333,4,0,0
2026-09-18T01:52:35.000Z,2026-09-18T01:54:15.000Z,100,2.66666666666667,4.5,0,0
2026-09-18T01:56:35.000Z,2026-09-18T01:58:25.000Z,110,2.33333333333333,4,0,0
2026-09-18T02:01:05.000Z,2026-09-18T02:02:55.000Z,110,2.66666666666667,4.5,0,0
2026-09-18T02:05:05.000Z,2026-09-18T02:06:55.000Z,110,2.16666666666667,4,0,0
2026-09-18T02:09:35.000Z,2026-09-18T02:11:25.000Z,110,2.66666666666667,4.5,0,0
2026-09-18T02:13:45.000Z,2026-09-18T02:15:25.000Z,100,2.33333333333333,4.16666666666667,0,0
2026-09-18T02:18:15.000Z,2026-09-18T02:20:05.000Z,110,2.83333333333333,4.5,0,0
2026-09-18T02:22:15.000Z,2026-09-18T02:24:05.000Z,110,2.16666666666667,4,0,0
2026-09-18T02:26:45.000Z,2026-09-18T02:28:35.000Z,110,2.66666666666667,4.5,0,0
2026-09-18T02:30:55.000Z,2026-09-18T02:32:35.000Z,100,2.33333333333333,4.16666666666667,0,0
2026-09-18T02:35:15.000Z,2026-09-18T02:37:05.000Z,110,2.66666666666667,4.33333333333333,0,0
2026-09-18T02:39:25.000Z,2026-09-18T02:41:05.000Z,100,2.33333333333333,4.16666666666667,0,0
2026-09-18T02:43:55.000Z,2026-09-18T02:45:35.000Z,100,2.83333333333333,4.5,0,0
2026-09-18T02:48:05.000Z,2026-09-18T02:49:35.000Z,90,2.5,4.16666666666667,0,0
2026-09-18T02:52:25.000Z,2026-09-18T02:54:05.000Z,100,2.83333333333333,4.33333333333333,0,0
2026-09-18T02:56:35.000Z,2026-09-18T02:58:05.000Z,90,2.5,4.16666666666667,0,0
2026-09-18T03:01:05.000Z,2026-09-18T03:02:35.000Z,90,3,4.5,0,0
2026-09-18T03:05:15.000Z,2026-09-18T03:06:45.000Z,90,2.66666666666667,4.16666666666667,0,0
2026-09-18T03:09:45.000Z,2026-09-18T03:10:55.000Z,70,3,4.5,0,0
2026-09-18T03:13:45.000Z,2026-09-18T03:15:15.000Z,90,2.83333333333333,4,0,0
2026-09-18T03:18:35.000Z,2026-09-18T03:19:15.000Z,40,3.33333333333333,4.83333333333333,0,0
2026-09-18T03:22:25.000Z,2026-09-18T03:23:45.000Z,80,3.16666666666667,3.83333333333333,0,0
2026-09-18T03:30:55.000Z,2026-09-18T03:32:25.000Z,90,7.16666666666667,8.5,0,0
2026-09-18T03:39:25.000Z,2026-09-18T03:40:55.000Z,90,7,8.5,0,0
2026-09-18T03:43:55.000Z,2026-09-18T03:44:45.000Z,50,3,4.5,0,0
2026-09-18T03:48:05.000Z,2026-09-18T03:49:25.000Z,80,3.33333333333333,4.16666666666667,0,0
2026-09-18T03:52:15.000Z,2026-09-18T03:53:25.000Z,70,2.83333333333333,4.16666666666667,0,0
2026-09-18T03:56:35.000Z,2026-09-18T03:58:05.000Z,90,3.16666666666667,4.33333333333333,0,0
2026-09-18T04:00:45.000Z,2026-09-18T04:02:05.000Z,80,2.66666666666667,4.16666666666667,0,0
2026-09-18T04:05:05.000Z,2026-09-18T04:06:35.000Z,90,3,4.33333333333333,0,0
2026-09-18T04:09:05.000Z,2026-09-18T04:10:45.000Z,100,2.5,4,0,0
2026-09-18T04:13:35.000Z,2026-09-18T04:15:15.000Z,100,2.83333333333333,4.5,0,0
2026-09-18T04:17:35.000Z,2026-09-18T04:19:25.000Z,110,2.33333333333333,4,0,0
2026-09-18T04:22:05.000Z,2026-09-18T04:23:45.000Z,100,2.66666666666667,4.5,0,0
2026-09-18T04:26:05.000Z,2026-09-18T04:27:55.000Z,110,2.33333333333333,4,0,0
2026-09-18T04:30:45.000Z,2026-09-18T04:32:25.000Z,100,2.83333333333333,4.66666666666667,0,0
2026-09-18T04:34:45.000Z,2026-09-18T04:36:25.000Z,100,2.33333333333333,4,0,0
2026-09-18T04:39:15.000Z,2026-09-18T04:40:55.000Z,100,2.83333333333333,4.5,0,0
2026-09-18T04:43:15.000Z,2026-09-18T04:45:05.000Z,110,2.33333333333333,4,0,0
2026-09-18T04:47:45.000Z,2026-09-18T04:49:35.000Z,110,2.66666666666667,4.5,0,0
2026-09-18T04:51:45.000Z,2026-09-18T04:53:35.000Z,110,2.16666666666667,4,0,0
2026-09-18T04:56:15.000Z,2026-09-18T04:58:05.000Z,110,2.66666666666667,4.5,0,0
2026-09-18T05:00:25.000Z,2026-09-18T05:02:05.000Z,100,2.33333333333333,4.16666666666667,0,0
2026-09-18T05:04:55.000Z,2026-09-18T05:06:35.000Z,100,2.83333333333333,4.5,0,0
2026-09-18T05:08:55.000Z,2026-09-18T05:10:35.000Z,100,2.33333333333333,4,0,0
2026-09-18T05:13:25.000Z,2026-09-18T05:15:15.000Z,110,2.83333333333333,4.5,0,0
2026-09-18T05:17:35.000Z,2026-09-18T05:19:15.000Z,100,2.33333333333333,4.16666666666667,0,0
2026-09-18T05:21:55.000Z,2026-09-18T05:23:45.000Z,110,2.66666666666667,4.33333333333333,0,0
2026-09-18T05:26:05.000Z,2026-09-18T05:27:45.000Z,100,2.33333333333333,4.16666666666667,0,0
2026-09-18T05:30:35.000Z,2026-09-18T05:32:05.000Z,90,2.83333333333333,4.5,0,0
2026-09-18T05:34:45.000Z,2026-09-18T05:36:15.000Z,90,2.66666666666667,4.16666666666667,0,0
2026-09-18T05:39:15.000Z,2026-09-18T05:40:35.000Z,80,3,4.5,0,0
2026-09-18T05:43:15.000Z,2026-09-18T05:44:45.000Z,90,2.66666666666667,4,0,0
2026-09-18T05:47:55.000Z,2026-09-18T05:49:05.000Z,70,3.16666666666667,4.66666666666667,0,0
2026-09-18T05:51:55.000Z,2026-09-18T05:53:15.000Z,80,2.83333333333333,4,0,0
2026-09-18T05:56:45.000Z,2026-09-18T05:57:15.000Z,30,3.5,4.83333333333333,0,0
2026-09-18T06:00:25.000Z,2026-09-18T06:01:55.000Z,90,3.16666666666667,3.66666666666667,0,0
2026-09-18T06:08:55.000Z,2026-09-18T06:10:25.000Z,90,7,8.5,0,0
2026-09-18T06:17:35.000Z,2026-09-18T06:18:55.000Z,80,7.16666666666667,8.66666666666667,0,0
2026-09-18T06:21:55.000Z,2026-09-18T06:22:55.000Z,60,3,4.33333333333333,0,0
2026-09-18T06:26:05.000Z,2026-09-18T06:27:35.000Z,90,3.16666666666667,4.16666666666667,0,0
2026-09-18T06:30:15.000Z,2026-09-18T06:31:35.000Z,80,2.66666666666667,4.16666666666667,0,0
2026-09-18T06:34:35.000Z,2026-09-18T06:36:05.000Z,90,3,4.33333333333333,0,0
2026-09-18T06:38:45.000Z,2026-09-18T06:40:15.000Z,90,2.66666666666667,4.16666666666667,0,0
2026-09-18T06:43:15.000Z,2026-09-18T06:44:45.000Z,90,3,4.5,0,0
2026-09-18T06:47:15.000Z,2026-09-18T06:48:55.000Z,100,2.5,4,0,0
2026-09-18T06:51:45.000Z,2026-09-18T06:53:15.000Z,90,2.83333333333333,4.5,0,0
2026-09-18T06:55:45.000Z,2026-09-18T06:57:25.000Z,100,2.5,4,0,0
2026-09-18T07:00:15.000Z,2026-09-18T07:01:55.000Z,100,2.83333333333333,4.5,0,0
2026-09-18T07:04:15.000Z,2026-09-18T07:06:05.000Z,110,2.33333333333333,4,0,0
2026-09-18T07:08:45.000Z,2026-09-18T07:10:25.000Z,100,2.66666666666667,4.5,0,0
2026-09-18T07:12:45.000Z,2026-09-18T07:14:35.000Z,110,2.33333333333333,4,0,0
2026-09-18T07:17:15.000Z,2026-09-18T07:19:05.000Z,110,2.66666666666667,4.5,0,0
2026-09-18T07:21:15.000Z,2026-09-18T07:23:05.000Z,110,2.16666666666667,4,0,0
2026-09-18T07:25:45.000Z,2026-09-18T07:27:35.000Z,110,2.66666666666667,4.5,0,0
2026-09-18T07:29:55.000Z,2026-09-18T07:31:35.000Z,100,2.33333333333333,4.16666666666667,0,0
2026-09-18T07:34:25.000Z,2026-09-18T07:36:15.000Z,110,2.83333333333333,4.5,0,0
2026-09-18T07:38:25.000Z,2026-09-18T07:40:15.000Z,110,2.16666666666667,4,0,0
2026-09-18T07:42:55.000Z,2026-09-18T07:44:45.000Z,110,2.66666666666667,4.5,0,0
2026-09-18T07:47:05.000Z,2026-09-18T07:48:45.000Z,100,2.33333333333333,4.16666666666667,0,0
2026-09-18T07:51:25.000Z,2026-09-18T07:53:15.000Z,110,2.66666666666667,4.33333333333333,0,0
2026-09-18T07:55:35.000Z,2026-09-18T07:57:15.000Z,100,2.33333333333333,4.16666666666667,0,0
2026-09-18T08:00:05.000Z,2026-09-18T08:01:45.000Z,100,2.83333333333333,4.5,0,0
2026-09-18T08:04:15.000Z,2026-09-18T08:05:45.000Z,90,2.5,4.16666666666667,0,0
2026-09-18T08:08:45.000Z,2026-09-18T08:10:15.000Z,90,3,4.5,0,0
2026-09-18T08:12:45.000Z,2026-09-18T08:14:15.000Z,90,2.5,4,0,0
2026-09-18T08:17:15.000Z,2026-09-18T08:18:45.000Z,90,3,4.5,0,0
2026-09-18T08:21:25.000Z,2026-09-18T08:22:55.000Z,90,2.66666666666667,4.16666666666667,0,0
2026-09-18T08:26:05.000Z,2026-09-18T08:27:05.000Z,60,3.16666666666667,4.66666666666667,0,0
2026-09-18T08:29:55.000Z,2026-09-18T08:31:25.000Z,90,2.83333333333333,3.83333333333333,0,0
2026-09-18T08:34:55.000Z,2026-09-18T08:35:15.000Z,20,3.5,5,0,0
2026-09-18T08:38:35.000Z,2026-09-18T08:39:55.000Z,80,3.33333333333333,3.66666666666667,0,0
2026-09-18T08:47:05.000Z,2026-09-18T08:48:35.000Z,90,7.16666666666667,8.5,0,0
2026-09-18T08:55:35.000Z,2026-09-18T08:57:05.000Z,90,7,8.5,0,0
2026-09-18T09:00:05.000Z,2026-09-18T09:00:55.000Z,50,3,4.5,0,0
2026-09-18T09:04:15.000Z,2026-09-18T09:05:35.000Z,80,3.33333333333333,4.16666666666667,0,0
2026-09-18T09:08:25.000Z,2026-09-18T09:09:45.000Z,80,2.83333333333333,4.16666666666667,0,0
2026-09-18T09:12:45.000Z,2026-09-18T09:14:15.000Z,90,3,4.33333333333333,0,0
2026-09-18T09:16:45.000Z,2026-09-18T09:18:25.000Z,100,2.5,4,0,0
2026-09-18T09:21:15.000Z,2026-09-18T09:22:45.000Z,90,2.83333333333333,4.5,0,0
2026-09-18T09:25:15.000Z,2026-09-18T09:26:55.000Z,100,2.5,4,0,0
2026-09-18T09:29:45.000Z,2026-09-18T09:31:25.000Z,100,2.83333333333333,4.5,0,0
2026-09-18T09:33:45.000Z,2026-09-18T09:35:35.000Z,110,2.33333333333333,4,0,0
2026-09-18T09:38:15.000Z,2026-09-18T09:39:55.000Z,100,2.66666666666667,4.5,0,0
2026-09-18T09:42:15.000Z,2026-09-18T09:44:05.000Z,110,2.33333333333333,4,0,0
2026-09-18T09:46:55.000Z,2026-09-18T09:48:35.000Z,100,2.83333333333333,4.66666666666667,0,0
2026-09-18T09:50:55.000Z,2026-09-18T09:52:35.000Z,100,2.33333333333333,4,0,0
2026-09-18T09:55:25.000Z,2026-09-18T09:57:05.000Z,100,2.83333333333333,4.5,0,0
2026-09-18T09:59:25.000Z,2026-09-18T10:01:15.000Z,110,2.33333333333333,4,0,0
2026-09-18T10:03:55.000Z,2026-09-18T10:05:45.000Z,110,2.66666666666667,4.5,0,0
2026-09-18T10:07:55.000Z,2026-09-18T10:09:45.000Z,110,2.16666666666667,4,0,0
2026-09-18T10:12:25.000Z,2026-09-18T10:14:15.000Z,110,2.66666666666667,4.5,0,0
2026-09-18T10:16:35.000Z,2026-09-18T10:18:15.000Z,100,2.33333333333333,4.16666666666667,0,0
2026-09-18T10:21:05.000Z,2026-09-18T10:22:45.000Z,100,2.83333333333333,4.5,0,0
2026-09-18T10:25:05.000Z,2026-09-18T10:26:45.000Z,100,2.33333333333333,4,0,0
2026-09-18T10:29:35.000Z,2026-09-18T10:31:15.000Z,100,2.83333333333333,4.5,0,0
2026-09-18T10:33:45.000Z,2026-09-18T10:35:15.000Z,90,2.5,4.16666666666667,0,0
2026-09-18T10:38:05.000Z,2026-09-18T10:39:45.000Z,100,2.83333333333333,4.33333333333333,0,0
2026-09-18T10:42:15.000Z,2026-09-18T10:43:55.000Z,100,2.5,4.16666666666667,0,0
2026-09-18T10:46:45.000Z,2026-09-18T10:48:15.000Z,90,2.83333333333333,4.5,0,0
2026-09-18T10:50:55.000Z,2026-09-18T10:52:25.000Z,90,2.66666666666667,4.16666666666667,0,0
2026-09-18T10:55:25.000Z,2026-09-18T10:56:45.000Z,80,3,4.5,0,0
2026-09-18T10:59:25.000Z,2026-09-18T11:00:55.000Z,90,2.66666666666667,4,0,0
2026-09-18T11:04:05.000Z,2026-09-18T11:05:05.000Z,60,3.16666666666667,4.66666666666667,0,0
2026-09-18T11:08:05.000Z,2026-09-18T11:09:25.000Z,80,3,4,0,0
2026-09-18T11:16:35.000Z,2026-09-18T11:18:05.000Z,90,7.16666666666667,8.5,0,0
2026-09-18T11:25:05.000Z,2026-09-18T11:26:35.000Z,90,7,8.5,0,0
2026-09-18T11:29:55.000Z,2026-09-18T11:30:15.000Z,20,3.33333333333333,4.83333333333333,0,0
2026-09-18T11:33:45.000Z,2026-09-18T11:35:05.000Z,80,3.5,3.83333333333333,0,0
2026-09-18T11:38:05.000Z,2026-09-18T11:39:05.000Z,60,3,4.33333333333333,0,0
2026-09-18T11:42:15.000Z,2026-09-18T11:43:45.000Z,90,3.16666666666667,4.16666666666667,0,0
2026-09-18T11:46:25.000Z,2026-09-18T11:47:45.000Z,80,2.66666666666667,4.16666666666667,0,0
2026-09-18T11:50:45.000Z,2026-09-18T11:52:15.000Z,90,3,4.33333333333333,0,0
2026-09-18T11:54:55.000Z,2026-09-18T11:56:25.000Z,90,2.66666666666667,4.16666666666667,0,0
2026-09-18T11:59:15.000Z,2026-09-18T12:00:55.000Z,100,2.83333333333333,4.33333333333333,0,0
2026-09-18T12:03:25.000Z,2026-09-18T12:05:05.000Z,100,2.5,4.16666666666667,0,0
2026-09-18T12:07:55.000Z,2026-09-18T12:09:25.000Z,90,2.83333333333333,4.5,0,0
2026-09-18T12:11:55.000Z,2026-09-18T12:13:35.000Z,100,2.5,4,0,0
2026-09-18T12:16:25.000Z,2026-09-18T12:18:05.000Z,100,2.83333333333333,4.5,0,0
2026-09-18T12:20:25.000Z,2026-09-18T12:22:15.000Z,110,2.33333333333333,4,0,0
2026-09-18T12:24:55.000Z,2026-09-18T12:26:35.000Z,100,2.66666666666667,4.5,0,0
2026-09-18T12:28:55.000Z,2026-09-18T12:30:45.000Z,110,2.33333333333333,4,0,0
2026-09-18T12:33:25.000Z,2026-09-18T12:35:15.000Z,110,2.66666666666667,4.5,0,0
2026-09-18T12:37:25.000Z,2026-09-18T12:39:15.000Z,110,2.16666666666667,4,0,0
2026-09-18T12:41:55.000Z,2026-09-18T12:43:45.000Z,110,2.66666666666667,4.5,0,0
2026-09-18T12:46:05.000Z,2026-09-18T12:47:45.000Z,100,2.33333333333333,4.16666666666667,0,0
2026-09-18T12:50:35.000Z,2026-09-18T12:52:25.000Z,110,2.83333333333333,4.5,0,0
2026-09-18T12:54:35.000Z,2026-09-18T12:56:25.000Z,110,2.16666666666667,4,0,0
2026-09-18T12:59:05.000Z,2026-09-18T13:00:55.000Z,110,2.66666666666667,4.5,0,0
2026-09-18T13:03:15.000Z,2026-09-18T13:04:55.000Z,100,2.33333333333333,4.16666666666667,0,0
2026-09-18T13:07:35.000Z,2026-09-18T13:09:25.000Z,110,2.66666666666667,4.33333333333333,0,0
2026-09-18T13:11:45.000Z,2026-09-18T13:13:25.000Z,100,2.33333333333333,4.16666666666667,0,0
2026-09-18T13:16:15.000Z,2026-09-18T13:17:55.000Z,100,2.83333333333333,4.5,0,0
2026-09-18T13:20:25.000Z,2026-09-18T13:21:55.000Z,90,2.5,4.16666666666667,0,0
2026-09-18T13:24:55.000Z,2026-09-18T13:26:25.000Z,90,3,4.5,0,0
2026-09-18T13:28:55.000Z,2026-09-18T13:30:25.000Z,90,2.5,4,0,0
2026-09-18T13:33:35.000Z,2026-09-18T13:34:45.000Z,70,3.16666666666667,4.66666666666667,0,0
2026-09-18T13:37:35.000Z,2026-09-18T13:39:05.000Z,90,2.83333333333333,4,0,0
2026-09-18T13:42:15.000Z,2026-09-18T13:43:05.000Z,50,3.16666666666667,4.66666666666667,0,0
2026-09-18T13:46:05.000Z,2026-09-18T13:47:35.000Z,90,3,3.83333333333333,0,0
2026-09-18T13:54:45.000Z,2026-09-18T13:56:05.000Z,80,7.16666666666667,8.66666666666667,0,0
2026-09-18T14:03:15.000Z,2026-09-18T14:04:45.000Z,90,7.16666666666667,8.5,0,0
2026-09-18T14:07:55.000Z,2026-09-18T14:08:25.000Z,30,3.16666666666667,4.66666666666667,0,0
2026-09-18T14:11:45.000Z,2026-09-18T14:13:15.000Z,90,3.33333333333333,3.83333333333333,0,0
2026-09-18T14:16:05.000Z,2026-09-18T14:17:15.000Z,70,2.83333333333333,4.33333333333333,0,0
2026-09-18T14:20:25.000Z,2026-09-18T14:21:45.000Z,80,3.16666666666667,4.33333333333333,0,0
2026-09-18T14:24:35.000Z,2026-09-18T14:25:55.000Z,80,2.83333333333333,4.16666666666667,0,0
2026-09-18T14:28:55.000Z,2026-09-18T14:30:25.000Z,90,3,4.33333333333333,0,0
2026-09-18T14:32:55.000Z,2026-09-18T14:34:35.000Z,100,2.5,4,0,0
2026-09-18T14:37:25.000Z,2026-09-18T14:38:55.000Z,90,2.83333333333333,4.5,0,0
2026-09-18T14:41:25.000Z,2026-09-18T14:43:05.000Z,100,2.5,4,0,0
2026-09-18T14:45:55.000Z,2026-09-18T14:47:35.000Z,100,2.83333333333333,4.5,0,0
2026-09-18T14:49:55.000Z,2026-09-18T14:51:45.000Z,110,2.33333333333333,4,0,0
2026-09-18T14:54:25.000Z,2026-09-18T14:56:05.000Z,100,2.66666666666667,4.5,0,0
2026-09-18T14:58:25.000Z,2026-09-18T15:00:15.000Z,110,2.33333333333333,4,0,0
2026-09-18T15:03:05.000Z,2026-09-18T15:04:45.000Z,100,2.83333333333333,4.66666666666667,0,0
2026-09-18T15:07:05.000Z,2026-09-18T15:08:45.000Z,100,2.33333333333333,4,0,0
2026-09-18T15:11:35.000Z,2026-09-18T15:13:15.000Z,100,2.83333333333333,4.5,0,0
2026-09-18T15:15:35.000Z,2026-09-18T15:17:25.000Z,110,2.33333333333333,4,0,0
2026-09-18T15:20:05.000Z,2026-09-18T15:21:55.000Z,110,2.66666666666667,4.5,0,0
2026-09-18T15:24:05.000Z,2026-09-18T15:25:55.000Z,110,2.16666666666667,4,0,0
2026-09-18T15:28:35.000Z,2026-09-18T15:30:25.000Z,110,2.66666666666667,4.5,0,0
2026-09-18T15:32:45.000Z,2026-09-18T15:34:25.000Z,100,2.33333333333333,4.16666666666667,0,0
2026-09-18T15:37:15.000Z,2026-09-18T15:38:55.000Z,100,2.83333333333333,4.5,0,0
2026-09-18T15:41:15.000Z,2026-09-18T15:42:55.000Z,100,2.33333333333333,4,0,0
2026-09-18T15:45:45.000Z,2026-09-18T15:47:25.000Z,100,2.83333333333333,4.5,0,0
2026-09-18T15:49:55.000Z,2026-09-18T15:51:25.000Z,90,2.5,4.16666666666667,0,0
2026-09-18T15:54:25.000Z,2026-09-18T15:55:55.000Z,90,3,4.5,0,0
2026-09-18T15:58:25.000Z,2026-09-18T16:00:05.000Z,100,2.5,4,0,0
2026-09-18T16:02:55.000Z,2026-09-18T16:04:25.000Z,90,2.83333333333333,4.5,0,0
2026-09-18T16:07:05.000Z,2026-09-18T16:08:35.000Z,90,2.66666666666667,4.16666666666667,0,0
2026-09-18T16:11:35.000Z,2026-09-18T16:12:55.000Z,80,3,4.5,0,0
2026-09-18T16:15:35.000Z,2026-09-18T16:17:05.000Z,90,2.66666666666667,4,0,0
2026-09-18T16:20:25.000Z,2026-09-18T16:21:15.000Z,50,3.33333333333333,4.83333333333333,0,0
2026-09-18T16:24:15.000Z,2026-09-18T16:25:35.000Z,80,3,3.83333333333333,0,0
2026-09-18T16:32:45.000Z,2026-09-18T16:34:15.000Z,90,7.16666666666667,8.5,0,0
2026-09-18T16:41:15.000Z,2026-09-18T16:42:45.000Z,90,7,8.5,0,0
2026-09-18T16:45:55.000Z,2026-09-18T16:46:35.000Z,40,3.16666666666667,4.66666666666667,0,0
2026-09-18T16:49:55.000Z,2026-09-18T16:51:25.000Z,90,3.33333333333333,4,0,0
2026-09-18T16:54:15.000Z,2026-09-18T16:55:15.000Z,60,2.83333333333333,4.33333333333333,0,0
2026-09-18T16:58:25.000Z,2026-09-18T16:59:55.000Z,90,3.16666666666667,4.16666666666667,0,0
2026-09-18T17:02:35.000Z,2026-09-18T17:04:05.000Z,90,2.66666666666667,4.16666666666667,0,0
2026-09-18T17:06:55.000Z,2026-09-18T17:08:25.000Z,90,2.83333333333333,4.33333333333333,0,0
2026-09-18T17:11:05.000Z,2026-09-18T17:12:35.000Z,90,2.66666666666667,4.16666666666667,0,0
2026-09-18T17:15:25.000Z,2026-09-18T17:17:05.000Z,100,2.83333333333333,4.33333333333333,0,0
2026-09-18T17:19:35.000Z,2026-09-18T17:21:15.000Z,100,2.5,4.16666666666667,0,0
2026-09-18T17:24:05.000Z,2026-09-18T17:25:35.000Z,90,2.83333333333333,4.5,0,0
2026-09-18T17:28:05.000Z,2026-09-18T17:29:45.000Z,100,2.5,4,0,0
2026-09-18T17:32:35.000Z,2026-09-18T17:34:15.000Z,100,2.83333333333333,4.5,0,0
2026-09-18T17:36:35.000Z,2026-09-18T17:38:25.000Z,110,2.33333333333333,4,0,0
2026-09-18T17:41:05.000Z,2026-09-18T17:42:45.000Z,100,2.66666666666667,4.5,0,0
2026-09-18T17:45:05.000Z,2026-09-18T17:46:55.000Z,110,2.33333333333333,4,0,0
2026-09-18T17:49:35.000Z,2026-09-18T17:51:25.000Z,110,2.66666666666667,4.5,0,0
2026-09-18T17:53:45.000Z,2026-09-18T17:55:25.000Z,100,2.33333333333333,4.16666666666667,0,0
2026-09-18T17:58:05.000Z,2026-09-18T17:59:55.000Z,110,2.66666666666667,4.33333333333333,0,0
2026-09-18T18:02:15.000Z,2026-09-18T18:03:55.000Z,100,2.33333333333333,4.16666666666667,0,0
2026-09-18T18:06:45.000Z,2026-09-18T18:08:35.000Z,110,2.83333333333333,4.5,0,0
2026-09-18T18:10:45.000Z,2026-09-18T18:12:35.000Z,110,2.16666666666667,4,0,0
2026-09-18T18:15:15.000Z,2026-09-18T18:17:05.000Z,110,2.66666666666667,4.5,0,0
2026-09-18T18:19:25.000Z,2026-09-18T18:21:05.000Z,100,2.33333333333333,4.16666666666667,0,0
2026-09-18T18:23:55.000Z,2026-09-18T18:25:35.000Z,100,2.83333333333333,4.5,0,0
2026-09-18T18:27:55.000Z,2026-09-18T18:29:35.000Z,100,2.33333333333333,4,0,0
2026-09-18T18:32:25.000Z,2026-09-18T18:34:05.000Z,100,2.83333333333333,4.5,0,0
2026-09-18T18:36:35.000Z,2026-09-18T18:38:05.000Z,90,2.5,4.16666666666667,0,0
2026-09-18T18:41:05.000Z,2026-09-18T18:42:35.000Z,90,3,4.5,0,0
2026-09-18T18:45:05.000Z,2026-09-18T18:46:35.000Z,90,2.5,4,0,0
2026-09-18T18:49:45.000Z,2026-09-18T18:50:55.000Z,70,3.16666666666667,4.66666666666667,0,0
2026-09-18T18:53:45.000Z,2026-09-18T18:55:15.000Z,90,2.83333333333333,4,0,0
2026-09-18T18:58:25.000Z,2026-09-18T18:59:15.000Z,50,3.16666666666667,4.66666666666667,0,0
2026-09-18T19:02:15.000Z,2026-09-18T19:03:45.000Z,90,3,3.83333333333333,0,0
2026-09-18T19:10:55.000Z,2026-09-18T19:12:15.000Z,80,7.16666666666667,8.66666666666667,0,0
2026-09-18T19:19:25.000Z,2026-09-18T19:20:55.000Z,90,7.16666666666667,8.5,0,0
2026-09-18T19:23:55.000Z,2026-09-18T19:24:45.000Z,50,3,4.5,0,0
2026-09-18T19:27:55.000Z,2026-09-18T19:29:25.000Z,90,3.16666666666667,4,0,0
2026-09-18T19:32:15.000Z,2026-09-18T19:33:25.000Z,70,2.83333333333333,4.33333333333333,0,0
2026-09-18T19:36:35.000Z,2026-09-18T19:38:05.000Z,90,3.16666666666667,4.33333333333333,0,0
2026-09-18T19:40:35.000Z,2026-09-18T19:42:05.000Z,90,2.5,4,0,0
2026-09-18T19:45:05.000Z,2026-09-18T19:46:35.000Z,90,3,4.5,0,0
2026-09-18T19:49:05.000Z,2026-09-18T19:50:45.000Z,100,2.5,4,0,0
2026-09-18T19:53:35.000Z,2026-09-18T19:55:15.000Z,100,2.83333333333333,4.5,0,0
2026-09-18T19:57:35.000Z,2026-09-18T19:59:15.000Z,100,2.33333333333333,4,0,0
2026-09-18T20:02:05.000Z,2026-09-18T20:03:45.000Z,100,2.83333333333333,4.5,0,0
2026-09-18T20:06:05.000Z,2026-09-18T20:07:55.000Z,110,2.33333333333333,4,0,0
2026-09-18T20:10:35.000Z,2026-09-18T20:12:25.000Z,110,2.66666666666667,4.5,0,0
2026-09-18T20:14:35.000Z,2026-09-18T20:16:25.000Z,110,2.16666666666667,4,0,0
2026-09-18T20:19:15.000Z,2026-09-18T20:20:55.000Z,100,2.83333333333333,4.66666666666667,0,0
2026-09-18T20:23:15.000Z,2026-09-18T20:24:55.000Z,100,2.33333333333333,4,0,0
2026-09-18T20:27:45.000Z,2026-09-18T20:29:25.000Z,100,2.83333333333333,4.5,0,0
2026-09-18T20:31:45.000Z,2026-09-18T20:33:35.000Z,110,2.33333333333333,4,0,0
2026-09-18T20:36:15.000Z,2026-09-18T20:38:05.000Z,110,2.66666666666667,4.5,0,0
2026-09-18T20:40:15.000Z,2026-09-18T20:42:05.000Z,110,2.16666666666667,4,0,0
2026-09-18T20:44:45.000Z,2026-09-18T20:46:35.000Z,110,2.66666666666667,4.5,0,0
2026-09-18T20:48:55.000Z,2026-09-18T20:50:35.000Z,100,2.33333333333333,4.16666666666667,0,0
2026-09-18T20:53:25.000Z,2026-09-18T20:55:05.000Z,100,2.83333333333333,4.5,0,0
2026-09-18T20:57:25.000Z,2026-09-18T20:59:05.000Z,100,2.33333333333333,4,0,0
2026-09-18T21:01:55.000Z,2026-09-18T21:03:35.000Z,100,2.83333333333333,4.5,0,0
2026-09-18T21:06:05.000Z,2026-09-18T21:07:35.000Z,90,2.5,4.16666666666667,0,0
2026-09-18T21:10:35.000Z,2026-09-18T21:12:05.000Z,90,3,4.5,0,0
2026-09-18T21:14:35.000Z,2026-09-18T21:16:15.000Z,100,2.5,4,0,0
2026-09-18T21:19:05.000Z,2026-09-18T21:20:35.000Z,90,2.83333333333333,4.5,0,0
2026-09-18T21:23:15.000Z,2026-09-18T21:24:45.000Z,90,2.66666666666667,4.16666666666667,0,0
2026-09-18T21:27:45.000Z,2026-09-18T21:28:55.000Z,70,3,4.5,0,0
2026-09-18T21:31:45.000Z,2026-09-18T21:33:15.000Z,90,2.83333333333333,4,0,0
2026-09-18T21:36:35.000Z,2026-09-18T21:37:15.000Z,40,3.33333333333333,4.83333333333333,0,0
2026-09-18T21:40:25.000Z,2026-09-18T21:41:45.000Z,80,3.16666666666667,3.83333333333333,0,0
2026-09-18T21:48:55.000Z,2026-09-18T21:50:25.000Z,90,7.16666666666667,8.5,0,0
2026-09-18T21:57:35.000Z,2026-09-18T21:58:55.000Z,80,7.16666666666667,8.66666666666667,0,0
2026-09-18T22:01:55.000Z,2026-09-18T22:02:45.000Z,50,3,4.33333333333333,0,0
2026-09-18T22:06:05.000Z,2026-09-18T22:07:35.000Z,90,3.33333333333333,4.16666666666667,0,0
2026-09-18T22:10:15.000Z,2026-09-18T22:11:35.000Z,80,2.66666666666667,4.16666666666667,0,0
2026-09-18T22:14:35.000Z,2026-09-18T22:16:05.000Z,90,3,4.33333333333333,0,0
2026-09-18T22:18:45.000Z,2026-09-18T22:20:15.000Z,90,2.66666666666667,4.16666666666667,0,0
2026-09-18T22:23:05.000Z,2026-09-18T22:24:45.000Z,100,2.83333333333333,4.33333333333333,0,0
2026-09-18T22:27:15.000Z,2026-09-18T22:28:45.000Z,90,2.5,4.16666666666667,0,0
2026-09-18T22:31:35.000Z,2026-09-18T22:33:15.000Z,100,2.83333333333333,4.33333333333333,0,0
2026-09-18T22:35:35.000Z,2026-09-18T22:37:25.000Z,110,2.33333333333333,4,0,0
2026-09-18T22:40:15.000Z,2026-09-18T22:41:55.000Z,100,2.83333333333333,4.66666666666667,0,0
2026-09-18T22:44:15.000Z,2026-09-18T22:45:55.000Z,100,2.33333333333333,4,0,0
2026-09-18T22:48:45.000Z,2026-09-18T22:50:25.000Z,100,2.83333333333333,4.5,0,0
2026-09-18T22:52:45.000Z,2026-09-18T22:54:35.000Z,110,2.33333333333333,4,0,0
2026-09-18T22:57:15.000Z,2026-09-18T22:59:05.000Z,110,2.66666666666667,4.5,0,0
2026-09-18T23:01:15.000Z,2026-09-18T23:03:05.000Z,110,2.16666666666667,4,0,0
2026-09-18T23:05:45.000Z,2026-09-18T23:07:35.000Z,110,2.66666666666667,4.5,0,0
2026-09-18T23:09:55.000Z,2026-09-18T23:11:35.000Z,100,2.33333333333333,4.16666666666667,0,0
2026-09-18T23:14:15.000Z,2026-09-18T23:16:05.000Z,110,2.66666666666667,4.33333333333333,0,0
2026-09-18T23:18:25.000Z,2026-09-18T23:20:05.000Z,100,2.33333333333333,4.16666666666667,0,0
2026-09-18T23:22:55.000Z,2026-09-18T23:24:45.000Z,110,2.83333333333333,4.5,0,0
2026-09-18T23:26:55.000Z,2026-09-18T23:28:45.000Z,110,2.16666666666667,4,0,0
2026-09-18T23:31:25.000Z,2026-09-18T23:33:15.000Z,110,2.66666666666667,4.5,0,0
2026-09-18T23:35:35.000Z,2026-09-18T23:37:15.000Z,100,2.33333333333333,4.16666666666667,0,0
2026-09-18T23:40:05.000Z,2026-09-18T23:41:45.000Z,100,2.83333333333333,4.5,0,0
2026-09-18T23:44:05.000Z,2026-09-18T23:45:45.000Z,100,2.33333333333333,4,0,0
2026-09-18T23:48:35.000Z,2026-09-18T23:50:15.000Z,100,2.83333333333333,4.5,0,0
2026-09-18T23:52:45.000Z,2026-09-18T23:54:15.000Z,90,2.5,4.16666666666667,0,0
2026-09-18T23:57:15.000Z,2026-09-18T23:58:35.000Z,80,3,4.5,0,0
2026-09-19T00:01:15.000Z,2026-09-19T00:02:45.000Z,90,2.66666666666667,4,0,0
2026-09-19T00:05:55.000Z,2026-09-19T00:07:05.000Z,70,3.16666666666667,4.66666666666667,0,0
2026-09-19T00:09:55.000Z,2026-09-19T00:11:25.000Z,90,2.83333333333333,4,0,0
2026-09-19T00:14:45.000Z,2026-09-19T00:15:15.000Z,30,3.33333333333333,4.83333333333333,0,0
2026-09-19T00:18:25.000Z,2026-09-19T00:19:55.000Z,90,3.16666666666667,3.66666666666667,0,0
2026-09-19T00:27:05.000Z,2026-09-19T00:28:25.000Z,80,7.16666666666667,8.66666666666667,0,0
2026-09-19T00:35:35.000Z,2026-09-19T00:37:05.000Z,90,7.16666666666667,8.5,0,0
2026-09-19T00:39:55.000Z,2026-09-19T00:40:55.000Z,60,2.83333333333333,4.33333333333333,0,0
2026-09-19T00:44:05.000Z,2026-09-19T00:45:35.000Z,90,3.16666666666667,4.16666666666667,0,0
2026-09-19T00:48:25.000Z,2026-09-19T00:49:35.000Z,70,2.83333333333333,4.33333333333333,0,0
2026-09-19T00:52:45.000Z,2026-09-19T00:54:15.000Z,90,3.16666666666667,4.33333333333333,0,0
2026-09-19T00:56:45.000Z,2026-09-19T00:58:15.000Z,90,2.5,4,0,0
2026-09-19T01:01:15.000Z,2026-09-19T01:02:45.000Z,90,3,4.5,0,0
2026-09-19T01:05:15.000Z,2026-09-19T01:06:55.000Z,100,2.5,4,0,0
2026-09-19T01:09:45.000Z,2026-09-19T01:11:25.000Z,100,2.83333333333333,4.5,0,0
2026-09-19T01:13:45.000Z,2026-09-19T01:15:25.000Z,100,2.33333333333333,4,0,0
2026-09-19T01:18:15.000Z,2026-09-19T01:19:55.000Z,100,2.83333333333333,4.5,0,0
2026-09-19T01:22:15.000Z,2026-09-19T01:24:05.000Z,110,2.33333333333333,4,0,0
2026-09-19T01:26:45.000Z,2026-09-19T01:28:35.000Z,110,2.66666666666667,4.5,0,0
2026-09-19T01:30:45.000Z,2026-09-19T01:32:35.000Z,110,2.16666666666667,4,0,0
2026-09-19T01:35:15.000Z,2026-09-19T01:37:05.000Z,110,2.66666666666667,4.5,0,0
2026-09-19T01:39:25.000Z,2026-09-19T01:41:05.000Z,100,2.33333333333333,4.16666666666667,0,0
2026-09-19T01:43:55.000Z,2026-09-19T01:45:35.000Z,100,2.83333333333333,4.5,0,0
2026-09-19T01:47:55.000Z,2026-09-19T01:49:45.000Z,110,2.33333333333333,4,0,0
2026-09-19T01:52:25.000Z,2026-09-19T01:54:15.000Z,110,2.66666666666667,4.5,0,0
2026-09-19T01:56:35.000Z,2026-09-19T01:58:15.000Z,100,2.33333333333333,4.16666666666667,0,0
2026-09-19T02:00:55.000Z,2026-09-19T02:02:45.000Z,110,2.66666666666667,4.33333333333333,0,0
2026-09-19T02:05:05.000Z,2026-09-19T02:06:45.000Z,100,2.33333333333333,4.16666666666667,0,0
2026-09-19T02:09:35.000Z,2026-09-19T02:11:15.000Z,100,2.83333333333333,4.5,0,0
2026-09-19T02:13:45.000Z,2026-09-19T02:15:15.000Z,90,2.5,4.16666666666667,0,0
2026-09-19T02:18:05.000Z,2026-09-19T02:19:45.000Z,100,2.83333333333333,4.33333333333333,0,0
2026-09-19T02:22:15.000Z,2026-09-19T02:23:45.000Z,90,2.5,4.16666666666667,0,0
2026-09-19T02:26:45.000Z,2026-09-19T02:28:15.000Z,90,3,4.5,0,0
2026-09-19T02:30:55.000Z,2026-09-19T02:32:25.000Z,90,2.66666666666667,4.16666666666667,0,0
2026-09-19T02:35:25.000Z,2026-09-19T02:36:45.000Z,80,3,4.5,0,0
2026-09-19T02:39:25.000Z,2026-09-19T02:40:55.000Z,90,2.66666666666667,4,0,0
2026-09-19T02:44:05.000Z,2026-09-19T02:45:05.000Z,60,3.16666666666667,4.66666666666667,0,0
2026-09-19T02:47:55.000Z,2026-09-19T02:49:25.000Z,90,2.83333333333333,3.83333333333333,0,0
2026-09-19T02:53:05.000Z,2026-09-19T02:53:15.000Z,10,3.66666666666667,5.16666666666667,0,0
2026-09-19T02:56:35.000Z,2026-09-19T02:57:55.000Z,80,3.33333333333333,3.5,0,0
2026-09-19T03:05:05.000Z,2026-09-19T03:06:35.000Z,90,7.16666666666667,8.5,0,0
2026-09-19T03:13:45.000Z,2026-09-19T03:15:05.000Z,80,7.16666666666667,8.66666666666667,0,0
2026-09-19T03:18:05.000Z,2026-09-19T03:19:05.000Z,60,3,4.33333333333333,0,0
2026-09-19T03:22:15.000Z,2026-09-19T03:23:45.000Z,90,3.16666666666667,4.16666666666667,0,0
2026-09-19T03:26:25.000Z,2026-09-19T03:27:45.000Z,80,2.66666666666667,4.16666666666667,0,0
2026-09-19T03:30:45.000Z,2026-09-19T03:32:15.000Z,90,3,4.33333333333333,0,0
2026-09-19T03:34:55.000Z,2026-09-19T03:36:25.000Z,90,2.66666666666667,4.16666666666667,0,0
2026-09-19T03:39:15.000Z,2026-09-19T03:40:55.000Z,100,2.83333333333333,4.33333333333333,0,0
2026-09-19T03:43:15.000Z,2026-09-19T03:44:55.000Z,100,2.33333333333333,4,0,0
2026-09-19T03:47:45.000Z,2026-09-19T03:49:25.000Z,100,2.83333333333333,4.5,0,0
2026-09-19T03:51:45.000Z,2026-09-19T03:53:35.000Z,110,2.33333333333333,4,0,0
2026-09-19T03:56:25.000Z,2026-09-19T03:58:05.000Z,100,2.83333333333333,4.66666666666667,0,0
2026-09-19T04:00:25.000Z,2026-09-19T04:02:05.000Z,100,2.33333333333333,4,0,0
2026-09-19T04:04:55.000Z,2026-09-19T04:06:35.000Z,100,2.83333333333333,4.5,0,0
2026-09-19T04:08:55.000Z,2026-09-19T04:10:45.000Z,110,2.33333333333333,4,0,0
2026-09-19T04:13:25.000Z,2026-09-19T04:15:15.000Z,110,2.66666666666667,4.5,0,0
2026-09-19T04:17:25.000Z,2026-09-19T04:19:15.000Z,110,2.16666666666667,4,0,0
2026-09-19T04:21:55.000Z,2026-09-19T04:23:45.000Z,110,2.66666666666667,4.5,0,0
2026-09-19T04:26:05.000Z,2026-09-19T04:27:45.000Z,100,2.33333333333333,4.16666666666667,0,0
2026-09-19T04:30:25.000Z,2026-09-19T04:32:15.000Z,110,2.66666666666667,4.33333333333333,0,0
2026-09-19T04:34:35.000Z,2026-09-19T04:36:15.000Z,100,2.33333333333333,4.16666666666667,0,0
2026-09-19T04:39:05.000Z,2026-09-19T04:40:55.000Z,110,2.83333333333333,4.5,0,0
2026-09-19T04:43:15.000Z,2026-09-19T04:44:55.000Z,100,2.33333333333333,4.16666666666667,0,0
2026-09-19T04:47:35.000Z,2026-09-19T04:49:25.000Z,110,2.66666666666667,4.33333333333333,0,0
2026-09-19T04:51:45.000Z,2026-09-19T04:53:25.000Z,100,2.33333333333333,4.16666666666667,0,0
2026-09-19T04:56:15.000Z,2026-09-19T04:57:55.000Z,100,2.83333333333333,4.5,0,0
2026-09-19T05:00:25.000Z,2026-09-19T05:01:55.000Z,90,2.5,4.16666666666667,0,0
2026-09-19T05:04:45.000Z,2026-09-19T05:06:25.000Z,100,2.83333333333333,4.33333333333333,0,0
2026-09-19T05:08:55.000Z,2026-09-19T05:10:25.000Z,90,2.5,4.16666666666667,0,0
2026-09-19T05:13:25.000Z,2026-09-19T05:14:45.000Z,80,3,4.5,0,0
2026-09-19T05:17:35.000Z,2026-09-19T05:18:55.000Z,80,2.83333333333333,4.16666666666667,0,0
2026-09-19T05:22:15.000Z,2026-09-19T05:23:05.000Z,50,3.33333333333333,4.66666666666667,0,0
2026-09-19T05:26:05.000Z,2026-09-19T05:27:35.000Z,90,3,3.83333333333333,0,0
2026-09-19T05:34:35.000Z,2026-09-19T05:36:05.000Z,90,7,8.5,0,0
2026-09-19T05:43:15.000Z,2026-09-19T05:44:35.000Z,80,7.16666666666667,8.66666666666667,0,0
2026-09-19T05:47:55.000Z,2026-09-19T05:48:15.000Z,20,3.33333333333333,4.66666666666667,0,0
2026-09-19T05:51:45.000Z,2026-09-19T05:53:15.000Z,90,3.5,3.83333333333333,0,0
2026-09-19T05:56:05.000Z,2026-09-19T05:57:05.000Z,60,2.83333333333333,4.33333333333333,0,0
2026-09-19T06:00:15.000Z,2026-09-19T06:01:45.000Z,90,3.16666666666667,4.16666666666667,0,0
2026-09-19T06:04:25.000Z,2026-09-19T06:05:55.000Z,90,2.66666666666667,4.16666666666667,0,0
2026-09-19T06:08:55.000Z,2026-09-19T06:10:25.000Z,90,3,4.5,0,0
2026-09-19T06:12:55.000Z,2026-09-19T06:14:25.000Z,90,2.5,4,0,0
2026-09-19T06:17:25.000Z,2026-09-19T06:18:55.000Z,90,3,4.5,0,0
2026-09-19T06:21:25.000Z,2026-09-19T06:23:05.000Z,100,2.5,4,0,0
2026-09-19T06:25:55.000Z,2026-09-19T06:27:35.000Z,100,2.83333333333333,4.5,0,0
2026-09-19T06:29:55.000Z,2026-09-19T06:31:45.000Z,110,2.33333333333333,4,0,0
2026-09-19T06:34:25.000Z,2026-09-19T06:36:05.000Z,100,2.66666666666667,4.5,0,0
2026-09-19T06:38:25.000Z,2026-09-19T06:40:15.000Z,110,2.33333333333333,4,0,0
2026-09-19T06:42:55.000Z,2026-09-19T06:44:45.000Z,110,2.66666666666667,4.5,0,0
2026-09-19T06:46:55.000Z,2026-09-19T06:48:45.000Z,110,2.16666666666667,4,0,0
2026-09-19T06:51:25.000Z,2026-09-19T06:53:15.000Z,110,2.66666666666667,4.5,0,0
2026-09-19T06:55:35.000Z,2026-09-19T06:57:15.000Z,100,2.33333333333333,4.16666666666667,0,0
2026-09-19T07:00:05.000Z,2026-09-19T07:01:45.000Z,100,2.83333333333333,4.5,0,0
2026-09-19T07:04:05.000Z,2026-09-19T07:05:55.000Z,110,2.33333333333333,4,0,0
2026-09-19T07:08:35.000Z,2026-09-19T07:10:25.000Z,110,2.66666666666667,4.5,0,0
2026-09-19T07:12:45.000Z,2026-09-19T07:14:25.000Z,100,2.33333333333333,4.16666666666667,0,0
2026-09-19T07:17:05.000Z,2026-09-19T07:18:55.000Z,110,2.66666666666667,4.33333333333333,0,0
2026-09-19T07:21:15.000Z,2026-09-19T07:22:55.000Z,100,2.33333333333333,4.16666666666667,0,0
2026-09-19T07:25:45.000Z,2026-09-19T07:27:25.000Z,100,2.83333333333333,4.5,0,0
2026-09-19T07:29:55.000Z,2026-09-19T07:31:25.000Z,90,2.5,4.16666666666667,0,0
2026-09-19T07:34:15.000Z,2026-09-19T07:35:55.000Z,100,2.83333333333333,4.33333333333333,0,0
2026-09-19T07:38:25.000Z,2026-09-19T07:39:55.000Z,90,2.5,4.16666666666667,0,0
2026-09-19T07:42:55.000Z,2026-09-19T07:44:25.000Z,90,3,4.5,0,0
2026-09-19T07:47:05.000Z,2026-09-19T07:48:35.000Z,90,2.66666666666667,4.16666666666667,0,0
2026-09-19T07:51:35.000Z,2026-09-19T07:52:55.000Z,80,3,4.5,0,0
2026-09-19T07:55:35.000Z,2026-09-19T07:57:05.000Z,90,2.66666666666667,4,0,0
2026-09-19T08:00:15.000Z,2026-09-19T08:01:15.000Z,60,3.16666666666667,4.66666666666667,0,0
2026-09-19T08:04:05.000Z,2026-09-19T08:05:35.000Z,90,2.83333333333333,3.83333333333333,0,0
2026-09-19T08:12:45.000Z,2026-09-19T08:14:05.000Z,80,7.16666666666667,8.66666666666667,0,0
2026-09-19T08:21:15.000Z,2026-09-19T08:22:45.000Z,90,7.16666666666667,8.5,0,0
2026-09-19T08:25:55.000Z,2026-09-19T08:26:25.000Z,30,3.16666666666667,4.66666666666667,0,0
2026-09-19T08:29:55.000Z,2026-09-19T08:31:15.000Z,80,3.5,4,0,0
2026-09-19T08:34:05.000Z,2026-09-19T08:35:15.000Z,70,2.83333333333333,4.16666666666667,0,0
2026-09-19T08:38:25.000Z,2026-09-19T08:39:55.000Z,90,3.16666666666667,4.33333333333333,0,0
2026-09-19T08:42:35.000Z,2026-09-19T08:43:55.000Z,80,2.66666666666667,4.16666666666667,0,0
2026-09-19T08:46:55.000Z,2026-09-19T08:48:25.000Z,90,3,4.33333333333333,0,0
2026-09-19T08:50:55.000Z,2026-09-19T08:52:35.000Z,100,2.5,4,0,0
2026-09-19T08:55:25.000Z,2026-09-19T08:57:05.000Z,100,2.83333333333333,4.5,0,0
2026-09-19T08:59:25.000Z,2026-09-19T09:01:15.000Z,110,2.33333333333333,4,0,0
2026-09-19T09:03:55.000Z,2026-09-19T09:05:35.000Z,100,2.66666666666667,4.5,0,0
2026-09-19T09:07:55.000Z,2026-09-19T09:09:45.000Z,110,2.33333333333333,4,0,0
2026-09-19T09:12:35.000Z,2026-09-19T09:14:15.000Z,100,2.83333333333333,4.66666666666667,0,0
2026-09-19T09:16:35.000Z,2026-09-19T09:18:15.000Z,100,2.33333333333333,4,0,0
2026-09-19T09:21:05.000Z,2026-09-19T09:22:45.000Z,100,2.83333333333333,4.5,0,0
2026-09-19T09:25:05.000Z,2026-09-19T09:26:55.000Z,110,2.33333333333333,4,0,0
2026-09-19T09:29:35.000Z,2026-09-19T09:31:25.000Z,110,2.66666666666667,4.5,0,0
2026-09-19T09:33:35.000Z,2026-09-19T09:35:25.000Z,110,2.16666666666667,4,0,0
2026-09-19T09:38:05.000Z,2026-09-19T09:39:55.000Z,110,2.66666666666667,4.5,0,0
2026-09-19T09:42:15.000Z,2026-09-19T09:43:55.000Z,100,2.33333333333333,4.16666666666667,0,0
2026-09-19T09:46:35.000Z,2026-09-19T09:48:25.000Z,110,2.66666666666667,4.33333333333333,0,0
2026-09-19T09:50:45.000Z,2026-09-19T09:52:25.000Z,100,2.33333333333333,4.16666666666667,0,0
2026-09-19T09:55:15.000Z,2026-09-19T09:57:05.000Z,110,2.83333333333333,4.5,0,0
2026-09-19T09:59:25.000Z,2026-09-19T10:01:05.000Z,100,2.33333333333333,4.16666666666667,0,0
2026-09-19T10:03:45.000Z,2026-09-19T10:05:35.000Z,110,2.66666666666667,4.33333333333333,0,0
2026-09-19T10:07:55.000Z,2026-09-19T10:09:35.000Z,100,2.33333333333333,4.16666666666667,0,0
2026-09-19T10:12:25.000Z,2026-09-19T10:14:05.000Z,100,2.83333333333333,4.5,0,0
2026-09-19T10:16:35.000Z,2026-09-19T10:18:05.000Z,90,2.5,4.16666666666667,0,0
2026-09-19T10:21:05.000Z,2026-09-19T10:22:25.000Z,80,3,4.5,0,0
2026-09-19T10:25:05.000Z,2026-09-19T10:26:35.000Z,90,2.66666666666667,4,0,0
2026-09-19T10:29:45.000Z,2026-09-19T10:30:55.000Z,70,3.16666666666667,4.66666666666667,0,0
2026-09-19T10:33:45.000Z,2026-09-19T10:35:05.000Z,80,2.83333333333333,4,0,0
2026-09-19T10:38:25.000Z,2026-09-19T10:39:15.000Z,50,3.33333333333333,4.66666666666667,0,0
2026-09-19T10:42:15.000Z,2026-09-19T10:43:45.000Z,90,3,3.83333333333333,0,0
2026-09-19T10:50:45.000Z,2026-09-19T10:52:15.000Z,90,7,8.5,0,0
2026-09-19T10:59:25.000Z,2026-09-19T11:00:45.000Z,80,7.16666666666667,8.66666666666667,0,0
2026-09-19T11:03:55.000Z,2026-09-19T11:04:35.000Z,40,3.16666666666667,4.5,0,0
2026-09-19T11:07:55.000Z,2026-09-19T11:09:25.000Z,90,3.33333333333333,4,0,0
2026-09-19T11:12:15.000Z,2026-09-19T11:13:25.000Z,70,2.83333333333333,4.33333333333333,0,0
2026-09-19T11:16:25.000Z,2026-09-19T11:17:55.000Z,90,3,4.16666666666667,0,0
2026-09-19T11:20:35.000Z,2026-09-19T11:22:05.000Z,90,2.66666666666667,4.16666666666667,0,0
2026-09-19T11:25:05.000Z,2026-09-19T11:26:35.000Z,90,3,4.5,0,0
2026-09-19T11:29:05.000Z,2026-09-19T11:30:45.000Z,100,2.5,4,0,0
2026-09-19T11:33:35.000Z,2026-09-19T11:35:05.000Z,90,2.83333333333333,4.5,0,0
2026-09-19T11:37:35.000Z,2026-09-19T11:39:15.000Z,100,2.5,4,0,0
2026-09-19T11:42:05.000Z,2026-09-19T11:43:45.000Z,100,2.83333333333333,4.5,0,0
2026-09-19T11:46:05.000Z,2026-09-19T11:47:55.000Z,110,2.33333333333333,4,0,0
2026-09-19T11:50:35.000Z,2026-09-19T11:52:15.000Z,100,2.66666666666667,4.5,0,0
2026-09-19T11:54:35.000Z,2026-09-19T11:56:25.000Z,110,2.33333333333333,4,0,0
2026-09-19T11:59:05.000Z,2026-09-19T12:00:55.000Z,110,2.66666666666667,4.5,0,0
2026-09-19T12:03:05.000Z,2026-09-19T12:04:55.000Z,110,2.16666666666667,4,0,0
2026-09-19T12:07:35.000Z,2026-09-19T12:09:25.000Z,110,2.66666666666667,4.5,0,0
2026-09-19T12:11:45.000Z,2026-09-19T12:13:25.000Z,100,2.33333333333333,4.16666666666667,0,0
2026-09-19T12:16:15.000Z,2026-09-19T12:18:05.000Z,110,2.83333333333333,4.5,0,0
2026-09-19T12:20:15.000Z,2026-09-19T12:22:05.000Z,110,2.16666666666667,4,0,0
2026-09-19T12:24:45.000Z,2026-09-19T12:26:35.000Z,110,2.66666666666667,4.5,0,0
2026-09-19T12:28:55.000Z,2026-09-19T12:30:35.000Z,100,2.33333333333333,4.16666666666667,0,0
2026-09-19T12:33:15.000Z,2026-09-19T12:35:05.000Z,110,2.66666666666667,4.33333333333333,0,0
2026-09-19T12:37:25.000Z,2026-09-19T12:39:05.000Z,100,2.33333333333333,4.16666666666667,0,0
2026-09-19T12:41:55.000Z,2026-09-19T12:43:35.000Z,100,2.83333333333333,4.5,0,0
2026-09-19T12:46:05.000Z,2026-09-19T12:47:35.000Z,90,2.5,4.16666666666667,0,0
2026-09-19T12:50:25.000Z,2026-09-19T12:52:05.000Z,100,2.83333333333333,4.33333333333333,0,0
2026-09-19T12:54:35.000Z,2026-09-19T12:56:05.000Z,90,2.5,4.16666666666667,0,0
2026-09-19T12:59:05.000Z,2026-09-19T13:00:35.000Z,90,3,4.5,0,0
2026-09-19T13:03:15.000Z,2026-09-19T13:04:45.000Z,90,2.66666666666667,4.16666666666667,0,0
2026-09-19T13:07:45.000Z,2026-09-19T13:08:55.000Z,70,3,4.5,0,0
2026-09-19T13:11:45.000Z,2026-09-19T13:13:15.000Z,90,2.83333333333333,4,0,0
2026-09-19T13:16:35.000Z,2026-09-19T13:17:15.000Z,40,3.33333333333333,4.83333333333333,0,0
2026-09-19T13:20:25.000Z,2026-09-19T13:21:45.000Z,80,3.16666666666667,3.83333333333333,0,0
2026-09-19T13:28:55.000Z,2026-09-19T13:30:25.000Z,90,7.16666666666667,8.5,0,0
2026-09-19T13:37:25.000Z,2026-09-19T13:38:55.000Z,90,7,8.5,0,0
2026-09-19T13:41:55.000Z,2026-09-19T13:42:45.000Z,50,3,4.5,0,0
2026-09-19T13:46:05.000Z,2026-09-19T13:47:25.000Z,80,3.33333333333333,4.16666666666667,0,0
2026-09-19T13:50:15.000Z,2026-09-19T13:51:25.000Z,70,2.83333333333333,4.16666666666667,0,0
2026-09-19T13:54:35.000Z,2026-09-19T13:56:05.000Z,90,3.16666666666667,4.33333333333333,0,0
2026-09-19T13:58:45.000Z,2026-09-19T14:00:05.000Z,80,2.66666666666667,4.16666666666667,0,0
2026-09-19T14:03:05.000Z,2026-09-19T14:04:35.000Z,90,3,4.33333333333333,0,0
2026-09-19T14:07:05.000Z,2026-09-19T14:08:45.000Z,100,2.5,4,0,0
2026-09-19T14:11:35.000Z,2026-09-19T14:13:15.000Z,100,2.83333333333333,4.5,0,0
2026-09-19T14:15:35.000Z,2026-09-19T14:17:25.000Z,110,2.33333333333333,4,0,0
2026-09-19T14:20:05.000Z,2026-09-19T14:21:45.000Z,100,2.66666666666667,4.5,0,0
2026-09-19T14:24:05.000Z,2026-09-19T14:25:55.000Z,110,2.33333333333333,4,0,0
2026-09-19T14:28:45.000Z,2026-09-19T14:30:25.000Z,100,2.83333333333333,4.66666666666667,0,0
2026-09-19T14:32:45.000Z,2026-09-19T14:34:25.000Z,100,2.33333333333333,4,0,0
2026-09-19T14:37:15.000Z,2026-09-19T14:38:55.000Z,100,2.83333333333333,4.5,0,0
2026-09-19T14:41:15.000Z,2026-09-19T14:43:05.000Z,110,2.33333333333333,4,0,0
2026-09-19T14:45:45.000Z,2026-09-19T14:47:35.000Z,110,2.66666666666667,4.5,0,0
2026-09-19T14:49:45.000Z,2026-09-19T14:51:35.000Z,110,2.16666666666667,4,0,0
2026-09-19T14:54:15.000Z,2026-09-19T14:56:05.000Z,110,2.66666666666667,4.5,0,0
2026-09-19T14:58:25.000Z,2026-09-19T15:00:05.000Z,100,2.33333333333333,4.16666666666667,0,0
2026-09-19T15:02:55.000Z,2026-09-19T15:04:35.000Z,100,2.83333333333333,4.5,0,0
2026-09-19T15:06:55.000Z,2026-09-19T15:08:35.000Z,100,2.33333333333333,4,0,0
2026-09-19T15:11:25.000Z,2026-09-19T15:13:05.000Z,100,2.83333333333333,4.5,0,0
2026-09-19T15:15:35.000Z,2026-09-19T15:17:15.000Z,100,2.5,4.16666666666667,0,0
2026-09-19T15:19:55.000Z,2026-09-19T15:21:45.000Z,110,2.66666666666667,4.33333333333333,0,0
2026-09-19T15:24:05.000Z,2026-09-19T15:25:45.000Z,100,2.33333333333333,4.16666666666667,0,0
2026-09-19T15:28:35.000Z,2026-09-19T15:30:05.000Z,90,2.83333333333333,4.5,0,0
2026-09-19T15:32:45.000Z,2026-09-19T15:34:15.000Z,90,2.66666666666667,4.16666666666667,0,0
2026-09-19T15:37:15.000Z,2026-09-19T15:38:35.000Z,80,3,4.5,0,0
2026-09-19T15:41:15.000Z,2026-09-19T15:42:45.000Z,90,2.66666666666667,4,0,0
2026-09-19T15:45:55.000Z,2026-09-19T15:47:05.000Z,70,3.16666666666667,4.66666666666667,0,0
2026-09-19T15:49:55.000Z,2026-09-19T15:51:15.000Z,80,2.83333333333333,4,0,0
2026-09-19T15:54:45.000Z,2026-09-19T15:55:15.000Z,30,3.5,4.83333333333333,0,0
2026-09-19T15:58:25.000Z,2026-09-19T15:59:55.000Z,90,3.16666666666667,3.66666666666667,0,0
2026-09-19T16:06:55.000Z,2026-09-19T16:08:25.000Z,90,7,8.5,0,0
2026-09-19T16:15:35.000Z,2026-09-19T16:16:55.000Z,80,7.16666666666667,8.66666666666667,0,0
2026-09-19T16:19:55.000Z,2026-09-19T16:20:55.000Z,60,3,4.33333333333333,0,0
2026-09-19T16:24:05.000Z,2026-09-19T16:25:35.000Z,90,3.16666666666667,4.16666666666667,0,0
2026-09-19T16:28:15.000Z,2026-09-19T16:29:35.000Z,80,2.66666666666667,4.16666666666667,0,0
2026-09-19T16:32:35.000Z,2026-09-19T16:34:05.000Z,90,3,4.33333333333333,0,0
2026-09-19T16:36:45.000Z,2026-09-19T16:38:15.000Z,90,2.66666666666667,4.16666666666667,0,0
2026-09-19T16:41:05.000Z,2026-09-19T16:42:45.000Z,100,2.83333333333333,4.33333333333333,0,0
2026-09-19T16:45:15.000Z,2026-09-19T16:46:55.000Z,100,2.5,4.16666666666667,0,0
2026-09-19T16:49:45.000Z,2026-09-19T16:51:15.000Z,90,2.83333333333333,4.5,0,0
2026-09-19T16:53:45.000Z,2026-09-19T16:55:25.000Z,100,2.5,4,0,0
2026-09-19T16:58:15.000Z,2026-09-19T16:59:55.000Z,100,2.83333333333333,4.5,0,0
2026-09-19T17:02:15.000Z,2026-09-19T17:04:05.000Z,110,2.33333333333333,4,0,0
2026-09-19T17:06:45.000Z,2026-09-19T17:08:25.000Z,100,2.66666666666667,4.5,0,0
2026-09-19T17:10:45.000Z,2026-09-19T17:12:35.000Z,110,2.33333333333333,4,0,0
2026-09-19T17:15:15.000Z,2026-09-19T17:17:05.000Z,110,2.66666666666667,4.5,0,0
2026-09-19T17:19:15.000Z,2026-09-19T17:21:05.000Z,110,2.16666666666667,4,0,0
2026-09-19T17:23:45.000Z,2026-09-19T17:25:35.000Z,110,2.66666666666667,4.5,0,0
2026-09-19T17:27:55.000Z,2026-09-19T17:29:35.000Z,100,2.33333333333333,4.16666666666667,0,0
2026-09-19T17:32:25.000Z,2026-09-19T17:34:15.000Z,110,2.83333333333333,4.5,0,0
2026-09-19T17:36:25.000Z,2026-09-19T17:38:15.000Z,110,2.16666666666667,4,0,0
2026-09-19T17:40:55.000Z,2026-09-19T17:42:45.000Z,110,2.66666666666667,4.5,0,0
2026-09-19T17:45:05.000Z,2026-09-19T17:46:45.000Z,100,2.33333333333333,4.16666666666667,0,0
2026-09-19T17:49:25.000Z,2026-09-19T17:51:15.000Z,110,2.66666666666667,4.33333333333333,0,0
2026-09-19T17:53:35.000Z,2026-09-19T17:55:15.000Z,100,2.33333333333333,4.16666666666667,0,0
2026-09-19T17:58:05.000Z,2026-09-19T17:59:45.000Z,100,2.83333333333333,4.5,0,0
2026-09-19T18:02:15.000Z,2026-09-19T18:03:45.000Z,90,2.5,4.16666666666667,0,0
2026-09-19T18:06:35.000Z,2026-09-19T18:08:15.000Z,100,2.83333333333333,4.33333333333333,0,0
2026-09-19T18:10:45.000Z,2026-09-19T18:12:15.000Z,90,2.5,4.16666666666667,0,0
2026-09-19T18:15:15.000Z,2026-09-19T18:16:45.000Z,90,3,4.5,0,0
2026-09-19T18:19:25.000Z,2026-09-19T18:20:55.000Z,90,2.66666666666667,4.16666666666667,0,0
2026-09-19T18:23:55.000Z,2026-09-19T18:25:05.000Z,70,3,4.5,0,0
2026-09-19T18:27:55.000Z,2026-09-19T18:29:25.000Z,90,2.83333333333333,4,0,0
2026-09-19T18:32:55.000Z,2026-09-19T18:33:15.000Z,20,3.5,5,0,0
2026-09-19T18:36:35.000Z,2026-09-19T18:37:55.000Z,80,3.33333333333333,3.66666666666667,0,0
2026-09-19T18:45:05.000Z,2026-09-19T18:46:35.000Z,90,7.16666666666667,8.5,0,0
2026-09-19T18:53:35.000Z,2026-09-19T18:55:05.000Z,90,7,8.5,0,0
2026-09-19T18:58:05.000Z,2026-09-19T18:58:55.000Z,50,3,4.5,0,0
2026-09-19T19:02:15.000Z,2026-09-19T19:03:35.000Z,80,3.33333333333333,4.16666666666667,0,0
2026-09-19T19:06:25.000Z,2026-09-19T19:07:45.000Z,80,2.83333333333333,4.16666666666667,0,0
2026-09-19T19:10:45.000Z,2026-09-19T19:12:15.000Z,90,3,4.33333333333333,0,0
2026-09-19T19:14:45.000Z,2026-09-19T19:16:25.000Z,100,2.5,4,0,0
2026-09-19T19:19:15.000Z,2026-09-19T19:20:45.000Z,90,2.83333333333333,4.5,0,0
2026-09-19T19:23:15.000Z,2026-09-19T19:24:55.000Z,100,2.5,4,0,0
2026-09-19T19:27:45.000Z,2026-09-19T19:29:25.000Z,100,2.83333333333333,4.5,0,0
2026-09-19T19:31:45.000Z,2026-09-19T19:33:35.000Z,110,2.33333333333333,4,0,0
2026-09-19T19:36:15.000Z,2026-09-19T19:37:55.000Z,100,2.66666666666667,4.5,0,0
2026-09-19T19:40:15.000Z,2026-09-19T19:42:05.000Z,110,2.33333333333333,4,0,0
2026-09-19T19:44:55.000Z,2026-09-19T19:46:35.000Z,100,2.83333333333333,4.66666666666667,0,0
2026-09-19T19:48:55.000Z,2026-09-19T19:50:35.000Z,100,2.33333333333333,4,0,0
2026-09-19T19:53:25.000Z,2026-09-19T19:55:05.000Z,100,2.83333333333333,4.5,0,0
2026-09-19T19:57:25.000Z,2026-09-19T19:59:15.000Z,110,2.33333333333333,4,0,0
2026-09-19T20:01:55.000Z,2026-09-19T20:03:45.000Z,110,2.66666666666667,4.5,0,0
2026-09-19T20:05:55.000Z,2026-09-19T20:07:45.000Z,110,2.16666666666667,4,0,0
2026-09-19T20:10:25.000Z,2026-09-19T20:12:15.000Z,110,2.66666666666667,4.5,0,0
2026-09-19T20:14:35.000Z,2026-09-19T20:16:15.000Z,100,2.33333333333333,4.16666666666667,0,0
2026-09-19T20:19:05.000Z,2026-09-19T20:20:45.000Z,100,2.83333333333333,4.5,0,0
2026-09-19T20:23:05.000Z,2026-09-19T20:24:45.000Z,100,2.33333333333333,4,0,0
2026-09-19T20:27:35.000Z,2026-09-19T20:29:15.000Z,100,2.83333333333333,4.5,0,0
2026-09-19T20:31:45.000Z,2026-09-19T20:33:15.000Z,90,2.5,4.16666666666667,0,0
2026-09-19T20:36:05.000Z,2026-09-19T20:37:45.000Z,100,2.83333333333333,4.33333333333333,0,0
2026-09-19T20:40:15.000Z,2026-09-19T20:41:55.000Z,100,2.5,4.16666666666667,0,0
2026-09-19T20:44:45.000Z,2026-09-19T20:46:15.000Z,90,2.83333333333333,4.5,0,0
2026-09-19T20:48:55.000Z,2026-09-19T20:50:25.000Z,90,2.66666666666667,4.16666666666667,0,0
2026-09-19T20:53:25.000Z,2026-09-19T20:54:45.000Z,80,3,4.5,0,0
2026-09-19T20:57:25.000Z,2026-09-19T20:58:55.000Z,90,2.66666666666667,4,0,0
2026-09-19T21:02:05.000Z,2026-09-19T21:03:05.000Z,60,3.16666666666667,4.66666666666667,0,0
2026-09-19T21:06:05.000Z,2026-09-19T21:07:25.000Z,80,3,4,0,0
2026-09-19T21:14:35.000Z,2026-09-19T21:16:05.000Z,90,7.16666666666667,8.5,0,0
2026-09-19T21:23:05.000Z,2026-09-19T21:24:35.000Z,90,7,8.5,0,0
2026-09-19T21:27:55.000Z,2026-09-19T21:28:15.000Z,20,3.33333333333333,4.83333333333333,0,0
2026-09-19T21:31:45.000Z,2026-09-19T21:33:05.000Z,80,3.5,3.83333333333333,0,0
2026-09-19T21:36:05.000Z,2026-09-19T21:37:05.000Z,60,3,4.33333333333333,0,0
2026-09-19T21:40:15.000Z,2026-09-19T21:41:45.000Z,90,3.16666666666667,4.16666666666667,0,0
2026-09-19T21:44:25.000Z,2026-09-19T21:45:45.000Z,80,2.66666666666667,4.16666666666667,0,0
2026-09-19T21:48:45.000Z,2026-09-19T21:50:15.000Z,90,3,4.33333333333333,0,0
2026-09-19T21:52:55.000Z,2026-09-19T21:54:25.000Z,90,2.66666666666667,4.16666666666667,0,0
2026-09-19T21:57:15.000Z,2026-09-19T21:58:55.000Z,100,2.83333333333333,4.33333333333333,0,0
2026-09-19T22:01:25.000Z,2026-09-19T22:03:05.000Z,100,2.5,4.16666666666667,0,0
2026-09-19T22:05:55.000Z,2026-09-19T22:07:25.000Z,90,2.83333333333333,4.5,0,0
2026-09-19T22:09:55.000Z,2026-09-19T22:11:35.000Z,100,2.5,4,0,0
2026-09-19T22:14:25.000Z,2026-09-19T22:16:05.000Z,100,2.83333333333333,4.5,0,0
2026-09-19T22:18:25.000Z,2026-09-19T22:20:15.000Z,110,2.33333333333333,4,0,0
2026-09-19T22:22:55.000Z,2026-09-19T22:24:35.000Z,100,2.66666666666667,4.5,0,0
2026-09-19T22:26:55.000Z,2026-09-19T22:28:45.000Z,110,2.33333333333333,4,0,0
2026-09-19T22:31:25.000Z,2026-09-19T22:33:15.000Z,110,2.66666666666667,4.5,0,0
2026-09-19T22:35:25.000Z,2026-09-19T22:37:15.000Z,110,2.16666666666667,4,0,0
2026-09-19T22:39:55.000Z,2026-09-19T22:41:45.000Z,110,2.66666666666667,4.5,0,0
2026-09-19T22:44:05.000Z,2026-09-19T22:45:45.000Z,100,2.33333333333333,4.16666666666667,0,0
2026-09-19T22:48:35.000Z,2026-09-19T22:50:25.000Z,110,2.83333333333333,4.5,0,0
2026-09-19T22:52:35.000Z,2026-09-19T22:54:25.000Z,110,2.16666666666667,4,0,0
2026-09-19T22:57:05.000Z,2026-09-19T22:58:55.000Z,110,2.66666666666667,4.5,0,0
2026-09-19T23:01:15.000Z,2026-09-19T23:02:55.000Z,100,2.33333333333333,4.16666666666667,0,0
2026-09-19T23:05:35.000Z,2026-09-19T23:07:25.000Z,110,2.66666666666667,4.33333333333333,0,0
2026-09-19T23:09:45.000Z,2026-09-19T23:11:25.000Z,100,2.33333333333333,4.16666666666667,0,0
2026-09-19T23:14:15.000Z,2026-09-19T23:15:55.000Z,100,2.83333333333333,4.5,0,0
2026-09-19T23:18:25.000Z,2026-09-19T23:19:55.000Z,90,2.5,4.16666666666667,0,0
2026-09-19T23:22:55.000Z,2026-09-19T23:24:25.000Z,90,3,4.5,0,0
2026-09-19T23:26:55.000Z,2026-09-19T23:28:25.000Z,90,2.5,4,0,0
2026-09-19T23:31:35.000Z,2026-09-19T23:32:45.000Z,70,3.16666666666667,4.66666666666667,0,0
2026-09-19T23:35:35.000Z,2026-09-19T23:37:05.000Z,90,2.83333333333333,4,0,0
2026-09-19T23:40:15.000Z,2026-09-19T23:41:05.000Z,50,3.16666666666667,4.66666666666667,0,0
2026-09-19T23:44:05.000Z,2026-09-19T23:45:35.000Z,90,3,3.83333333333333,0,0
2026-09-19T23:52:45.000Z,2026-09-19T23:54:05.000Z,80,7.16666666666667,8.66666666666667,0,0
2026-09-20T00:01:15.000Z,2026-09-20T00:02:45.000Z,90,7.16666666666667,8.5,0,0
2026-09-20T00:05:55.000Z,2026-09-20T00:06:25.000Z,30,3.16666666666667,4.66666666666667,0,0
2026-09-20T00:09:45.000Z,2026-09-20T00:11:15.000Z,90,3.33333333333333,3.83333333333333,0,0
2026-09-20T00:14:05.000Z,2026-09-20T00:15:15.000Z,70,2.83333333333333,4.33333333333333,0,0
2026-09-20T00:18:25.000Z,2026-09-20T00:19:45.000Z,80,3.16666666666667,4.33333333333333,0,0
2026-09-20T00:22:35.000Z,2026-09-20T00:23:55.000Z,80,2.83333333333333,4.16666666666667,0,0
2026-09-20T00:26:55.000Z,2026-09-20T00:28:25.000Z,90,3,4.33333333333333,0,0
2026-09-20T00:30:55.000Z,2026-09-20T00:32:35.000Z,100,2.5,4,0,0
2026-09-20T00:35:25.000Z,2026-09-20T00:36:55.000Z,90,2.83333333333333,4.5,0,0
2026-09-20T00:39:25.000Z,2026-09-20T00:41:05.000Z,100,2.5,4,0,0
2026-09-20T00:43:55.000Z,2026-09-20T00:45:35.000Z,100,2.83333333333333,4.5,0,0
2026-09-20T00:47:55.000Z,2026-09-20T00:49:45.000Z,110,2.33333333333333,4,0,0
2026-09-20T00:52:25.000Z,2026-09-20T00:54:05.000Z,100,2.66666666666667,4.5,0,0
2026-09-20T00:56:25.000Z,2026-09-20T00:58:15.000Z,110,2.33333333333333,4,0,0
2026-09-20T01:01:05.000Z,2026-09-20T01:02:45.000Z,100,2.83333333333333,4.66666666666667,0,0
2026-09-20T01:05:05.000Z,2026-09-20T01:06:45.000Z,100,2.33333333333333,4,0,0
2026-09-20T01:09:35.000Z,2026-09-20T01:11:15.000Z,100,2.83333333333333,4.5,0,0
2026-09-20T01:13:35.000Z,2026-09-20T01:15:25.000Z,110,2.33333333333333,4,0,0
2026-09-20T01:18:05.000Z,2026-09-20T01:19:55.000Z,110,2.66666666666667,4.5,0,0
2026-09-20T01:22:05.000Z,2026-09-20T01:23:55.000Z,110,2.16666666666667,4,0,0
2026-09-20T01:26:35.000Z,2026-09-20T01:28:25.000Z,110,2.66666666666667,4.5,0,0
2026-09-20T01:30:45.000Z,2026-09-20T01:32:25.000Z,100,2.33333333333333,4.16666666666667,0,0
2026-09-20T01:35:15.000Z,2026-09-20T01:36:55.000Z,100,2.83333333333333,4.5,0,0
2026-09-20T01:39:15.000Z,2026-09-20T01:40:55.000Z,100,2.33333333333333,4,0,0
2026-09-20T01:43:45.000Z,2026-09-20T01:45:25.000Z,100,2.83333333333333,4.5,0,0
2026-09-20T01:47:55.000Z,2026-09-20T01:49:25.000Z,90,2.5,4.16666666666667,0,0
2026-09-20T01:52:25.000Z,2026-09-20T01:53:55.000Z,90,3,4.5,0,0
2026-09-20T01:56:25.000Z,2026-09-20T01:58:05.000Z,100,2.5,4,0,0
2026-09-20T02:00:55.000Z,2026-09-20T02:02:25.000Z,90,2.83333333333333,4.5,0,0
2026-09-20T02:05:05.000Z,2026-09-20T02:06:35.000Z,90,2.66666666666667,4.16666666666667,0,0
2026-09-20T02:09:35.000Z,2026-09-20T02:10:55.000Z,80,3,4.5,0,0
2026-09-20T02:13:35.000Z,2026-09-20T02:15:05.000Z,90,2.66666666666667,4,0,0
2026-09-20T02:18:25.000Z,2026-09-20T02:19:15.000Z,50,3.33333333333333,4.83333333333333,0,0
2026-09-20T02:22:15.000Z,2026-09-20T02:23:35.000Z,80,3,3.83333333333333,0,0
2026-09-20T02:30:45.000Z,2026-09-20T02:32:15.000Z,90,7.16666666666667,8.5,0,0
2026-09-20T02:39:15.000Z,2026-09-20T02:40:45.000Z,90,7,8.5,0,0
2026-09-20T02:43:55.000Z,2026-09-20T02:44:35.000Z,40,3.16666666666667,4.66666666666667,0,0
2026-09-20T02:47:55.000Z,2026-09-20T02:49:25.000Z,90,3.33333333333333,4,0,0
2026-09-20T02:52:15.000Z,2026-09-20T02:53:15.000Z,60,2.83333333333333,4.33333333333333,0,0
2026-09-20T02:56:25.000Z,2026-09-20T02:57:55.000Z,90,3.16666666666667,4.16666666666667,0,0
2026-09-20T03:00:35.000Z,2026-09-20T03:02:05.000Z,90,2.66666666666667,4.16666666666667,0,0
2026-09-20T03:04:55.000Z,2026-09-20T03:06:25.000Z,90,2.83333333333333,4.33333333333333,0,0
2026-09-20T03:09:05.000Z,2026-09-20T03:10:35.000Z,90,2.66666666666667,4.16666666666667,0,0
2026-09-20T03:13:25.000Z,2026-09-20T03:15:05.000Z,100,2.83333333333333,4.33333333333333,0,0
2026-09-20T03:17:35.000Z,2026-09-20T03:19:15.000Z,100,2.5,4.16666666666667,0,0
2026-09-20T03:22:05.000Z,2026-09-20T03:23:35.000Z,90,2.83333333333333,4.5,0,0
2026-09-20T03:26:05.000Z,2026-09-20T03:27:45.000Z,100,2.5,4,0,0
2026-09-20T03:30:35.000Z,2026-09-20T03:32:15.000Z,100,2.83333333333333,4.5,0,0
2026-09-20T03:34:35.000Z,2026-09-20T03:36:25.000Z,110,2.33333333333333,4,0,0
2026-09-20T03:39:05.000Z,2026-09-20T03:40:45.000Z,100,2.66666666666667,4.5,0,0
2026-09-20T03:43:05.000Z,2026-09-20T03:44:55.000Z,110,2.33333333333333,4,0,0
2026-09-20T03:47:35.000Z,2026-09-20T03:49:25.000Z,110,2.66666666666667,4.5,0,0
2026-09-20T03:51:45.000Z,2026-09-20T03:53:25.000Z,100,2.33333333333333,4.16666666666667,0,0
2026-09-20T03:56:05.000Z,2026-09-20T03:57:55.000Z,110,2.66666666666667,4.33333333333333,0,0
2026-09-20T04:00:15.000Z,2026-09-20T04:01:55.000Z,100,2.33333333333333,4.16666666666667,0,0
2026-09-20T04:04:45.000Z,2026-09-20T04:06:35.000Z,110,2.83333333333333,4.5,0,0
2026-09-20T04:08:45.000Z,2026-09-20T04:10:35.000Z,110,2.16666666666667,4,0,0
2026-09-20T04:13:15.000Z,2026-09-20T04:15:05.000Z,110,2.66666666666667,4.5,0,0
2026-09-20T04:17:25.000Z,2026-09-20T04:19:05.000Z,100,2.33333333333333,4.16666666666667,0,0
2026-09-20T04:21:55.000Z,2026-09-20T04:23:35.000Z,100,2.83333333333333,4.5,0,0
2026-09-20T04:25:55.000Z,2026-09-20T04:27:35.000Z,100,2.33333333333333,4,0,0
2026-09-20T04:30:25.000Z,2026-09-20T04:32:05.000Z,100,2.83333333333333,4.5,0,0
2026-09-20T04:34:35.000Z,2026-09-20T04:36:05.000Z,90,2.5,4.16666666666667,0,0
2026-09-20T04:39:05.000Z,2026-09-20T04:40:35.000Z,90,3,4.5,0,0
2026-09-20T04:43:05.000Z,2026-09-20T04:44:35.000Z,90,2.5,4,0,0
2026-09-20T04:47:45.000Z,2026-09-20T04:48:55.000Z,70,3.16666666666667,4.66666666666667,0,0
2026-09-20T04:51:45.000Z,2026-09-20T04:53:15.000Z,90,2.83333333333333,4,0,0
2026-09-20T04:56:25.000Z,2026-09-20T04:57:15.000Z,50,3.16666666666667,4.66666666666667,0,0
2026-09-20T05:00:15.000Z,2026-09-20T05:01:45.000Z,90,3,3.83333333333333,0,0
2026-09-20T05:08:55.000Z,2026-09-20T05:10:15.000Z,80,7.16666666666667,8.66666666666667,0,0
2026-09-20T05:17:25.000Z,2026-09-20T05:18:55.000Z,90,7.16666666666667,8.5,0,0
2026-09-20T05:21:55.000Z,2026-09-20T05:22:45.000Z,50,3,4.5,0,0
2026-09-20T05:25:55.000Z,2026-09-20T05:27:25.000Z,90,3.16666666666667,4,0,0
2026-09-20T05:30:15.000Z,2026-09-20T05:31:25.000Z,70,2.83333333333333,4.33333333333333,0,0
2026-09-20T05:34:35.000Z,2026-09-20T05:36:05.000Z,90,3.16666666666667,4.33333333333333,0,0
2026-09-20T05:38:35.000Z,2026-09-20T05:40:05.000Z,90,2.5,4,0,0
2026-09-20T05:43:05.000Z,2026-09-20T05:44:35.000Z,90,3,4.5,0,0
2026-09-20T05:47:05.000Z,2026-09-20T05:48:45.000Z,100,2.5,4,0,0
2026-09-20T05:51:35.000Z,2026-09-20T05:53:15.000Z,100,2.83333333333333,4.5,0,0
2026-09-20T05:55:35.000Z,2026-09-20T05:57:15.000Z,100,2.33333333333333,4,0,0
2026-09-20T06:00:05.000Z,2026-09-20T06:01:45.000Z,100,2.83333333333333,4.5,0,0
2026-09-20T06:04:05.000Z,2026-09-20T06:05:55.000Z,110,2.33333333333333,4,0,0
2026-09-20T06:08:35.000Z,2026-09-20T06:10:25.000Z,110,2.66666666666667,4.5,0,0
2026-09-20T06:12:35.000Z,2026-09-20T06:14:25.000Z,110,2.16666666666667,4,0,0
2026-09-20T06:17:15.000Z,2026-09-20T06:18:55.000Z,100,2.83333333333333,4.66666666666667,0,0
2026-09-20T06:21:15.000Z,2026-09-20T06:22:55.000Z,100,2.33333333333333,4,0,0
2026-09-20T06:25:45.000Z,2026-09-20T06:27:25.000Z,100,2.83333333333333,4.5,0,0
2026-09-20T06:29:45.000Z,2026-09-20T06:31:35.000Z,110,2.33333333333333,4,0,0
2026-09-20T06:34:15.000Z,2026-09-20T06:36:05.000Z,110,2.66666666666667,4.5,0,0
2026-09-20T06:38:15.000Z,2026-09-20T06:40:05.000Z,110,2.16666666666667,4,0,0
2026-09-20T06:42:45.000Z,2026-09-20T06:44:35.000Z,110,2.66666666666667,4.5,0,0
2026-09-20T06:46:55.000Z,2026-09-20T06:48:35.000Z,100,2.33333333333333,4.16666666666667,0,0
2026-09-20T06:51:25.000Z,2026-09-20T06:53:05.000Z,100,2.83333333333333,4.5,0,0
2026-09-20T06:55:25.000Z,2026-09-20T06:57:05.000Z,100,2.33333333333333,4,0,0
2026-09-20T06:59:55.000Z,2026-09-20T07:01:35.000Z,100,2.83333333333333,4.5,0,0
2026-09-20T07:04:05.000Z,2026-09-20T07:05:35.000Z,90,2.5,4.16666666666667,0,0
2026-09-20T07:08:35.000Z,2026-09-20T07:10:05.000Z,90,3,4.5,0,0
2026-09-20T07:12:35.000Z,2026-09-20T07:14:15.000Z,100,2.5,4,0,0
2026-09-20T07:17:05.000Z,2026-09-20T07:18:35.000Z,90,2.83333333333333,4.5,0,0
2026-09-20T07:21:15.000Z,2026-09-20T07:22:45.000Z,90,2.66666666666667,4.16666666666667,0,0
2026-09-20T07:25:45.000Z,2026-09-20T07:26:55.000Z,70,3,4.5,0,0
2026-09-20T07:29:45.000Z,2026-09-20T07:31:15.000Z,90,2.83333333333333,4,0,0
2026-09-20T07:34:35.000Z,2026-09-20T07:35:15.000Z,40,3.33333333333333,4.83333333333333,0,0
2026-09-20T07:38:25.000Z,2026-09-20T07:39:45.000Z,80,3.16666666666667,3.83333333333333,0,0
2026-09-20T07:46:55.000Z,2026-09-20T07:48:25.000Z,90,7.16666666666667,8.5,0,0
2026-09-20T07:55:25.000Z,2026-09-20T07:56:55.000Z,90,7,8.5,0,0
2026-09-20T07:59:55.000Z,2026-09-20T08:00:45.000Z,50,3,4.5,0,0
2026-09-20T08:04:05.000Z,2026-09-20T08:05:35.000Z,90,3.33333333333333,4.16666666666667,0,0
2026-09-20T08:08:15.000Z,2026-09-20T08:09:35.000Z,80,2.66666666666667,4.16666666666667,0,0
2026-09-20T08:12:35.000Z,2026-09-20T08:14:05.000Z,90,3,4.33333333333333,0,0
2026-09-20T08:16:45.000Z,2026-09-20T08:18:15.000Z,90,2.66666666666667,4.16666666666667,0,0
2026-09-20T08:21:05.000Z,2026-09-20T08:22:45.000Z,100,2.83333333333333,4.33333333333333,0,0
2026-09-20T08:25:15.000Z,2026-09-20T08:26:45.000Z,90,2.5,4.16666666666667,0,0
2026-09-20T08:29:35.000Z,2026-09-20T08:31:15.000Z,100,2.83333333333333,4.33333333333333,0,0
2026-09-20T08:33:35.000Z,2026-09-20T08:35:25.000Z,110,2.33333333333333,4,0,0
2026-09-20T08:38:15.000Z,2026-09-20T08:39:55.000Z,100,2.83333333333333,4.66666666666667,0,0
2026-09-20T08:42:15.000Z,2026-09-20T08:43:55.000Z,100,2.33333333333333,4,0,0
2026-09-20T08:46:45.000Z,2026-09-20T08:48:25.000Z,100,2.83333333333333,4.5,0,0
2026-09-20T08:50:45.000Z,2026-09-20T08:52:35.000Z,110,2.33333333333333,4,0,0
2026-09-20T08:55:15.000Z,2026-09-20T08:57:05.000Z,110,2.66666666666667,4.5,0,0
2026-09-20T08:59:15.000Z,2026-09-20T09:01:05.000Z,110,2.16666666666667,4,0,0
2026-09-20T09:03:45.000Z,2026-09-20T09:05:35.000Z,110,2.66666666666667,4.5,0,0
2026-09-20T09:07:55.000Z,2026-09-20T09:09:35.000Z,100,2.33333333333333,4.16666666666667,0,0
2026-09-20T09:12:15.000Z,2026-09-20T09:14:05.000Z,110,2.66666666666667,4.33333333333333,0,0
2026-09-20T09:16:25.000Z,2026-09-20T09:18:05.000Z,100,2.33333333333333,4.16666666666667,0,0
2026-09-20T09:20:55.000Z,2026-09-20T09:22:45.000Z,110,2.83333333333333,4.5,0,0
2026-09-20T09:24:55.000Z,2026-09-20T09:26:45.000Z,110,2.16666666666667,4,0,0
2026-09-20T09:29:25.000Z,2026-09-20T09:31:15.000Z,110,2.66666666666667,4.5,0,0
2026-09-20T09:33:35.000Z,2026-09-20T09:35:15.000Z,100,2.33333333333333,4.16666666666667,0,0
2026-09-20T09:38:05.000Z,2026-09-20T09:39:45.000Z,100,2.83333333333333,4.5,0,0
2026-09-20T09:42:05.000Z,2026-09-20T09:43:45.000Z,100,2.33333333333333,4,0,0
2026-09-20T09:46:35.000Z,2026-09-20T09:48:15.000Z,100,2.83333333333333,4.5,0,0
2026-09-20T09:50:45.000Z,2026-09-20T09:52:15.000Z,90,2.5,4.16666666666667,0,0
2026-09-20T09:55:15.000Z,2026-09-20T09:56:35.000Z,80,3,4.5,0,0
2026-09-20T09:59:15.000Z,2026-09-20T10:00:45.000Z,90,2.66666666666667,4,0,0
2026-09-20T10:03:55.000Z,2026-09-20T10:05:05.000Z,70,3.16666666666667,4.66666666666667,0,0
2026-09-20T10:07:55.000Z,2026-09-20T10:09:25.000Z,90,2.83333333333333,4,0,0
2026-09-20T10:12:45.000Z,2026-09-20T10:13:15.000Z,30,3.33333333333333,4.83333333333333,0,0
2026-09-20T10:16:25.000Z,2026-09-20T10:17:55.000Z,90,3.16666666666667,3.66666666666667,0,0
2026-09-20T10:25:05.000Z,2026-09-20T10:26:25.000Z,80,7.16666666666667,8.66666666666667,0,0
2026-09-20T10:33:35.000Z,2026-09-20T10:35:05.000Z,90,7.16666666666667,8.5,0,0
2026-09-20T10:37:55.000Z,2026-09-20T10:38:55.000Z,60,2.83333333333333,4.33333333333333,0,0
2026-09-20T10:42:05.000Z,2026-09-20T10:43:35.000Z,90,3.16666666666667,4.16666666666667,0,0
2026-09-20T10:46:25.000Z,2026-09-20T10:47:35.000Z,70,2.83333333333333,4.33333333333333,0,0
2026-09-20T10:50:45.000Z,2026-09-20T10:52:15.000Z,90,3.16666666666667,4.33333333333333,0,0
2026-09-20T10:54:45.000Z,2026-09-20T10:56:15.000Z,90,2.5,4,0,0
2026-09-20T10:59:15.000Z,2026-09-20T11:00:45.000Z,90,3,4.5,0,0
2026-09-20T11:03:15.000Z,2026-09-20T11:04:55.000Z,100,2.5,4,0,0
2026-09-20T11:07:45.000Z,2026-09-20T11:09:25.000Z,100,2.83333333333333,4.5,0,0
2026-09-20T11:11:45.000Z,2026-09-20T11:13:25.000Z,100,2.33333333333333,4,0,0
2026-09-20T11:16:15.000Z,2026-09-20T11:17:55.000Z,100,2.83333333333333,4.5,0,0
2026-09-20T11:20:15.000Z,2026-09-20T11:22:05.000Z,110,2.33333333333333,4,0,0
2026-09-20T11:24:45.000Z,2026-09-20T11:26:35.000Z,110,2.66666666666667,4.5,0,0
2026-09-20T11:28:45.000Z,2026-09-20T11:30:35.000Z,110,2.16666666666667,4,0,0
2026-09-20T11:33:15.000Z,2026-09-20T11:35:05.000Z,110,2.66666666666667,4.5,0,0
2026-09-20T11:37:25.000Z,2026-09-20T11:39:05.000Z,100,2.33333333333333,4.16666666666667,0,0
2026-09-20T11:41:55.000Z,2026-09-20T11:43:35.000Z,100,2.83333333333333,4.5,0,0
2026-09-20T11:45:55.000Z,2026-09-20T11:47:45.000Z,110,2.33333333333333,4,0,0
2026-09-20T11:50:25.000Z,2026-09-20T11:52:15.000Z,110,2.66666666666667,4.5,0,0
2026-09-20T11:54:35.000Z,2026-09-20T11:56:15.000Z,100,2.33333333333333,4.16666666666667,0,0
2026-09-20T11:58:55.000Z,2026-09-20T12:00:45.000Z,110,2.66666666666667,4.33333333333333,0,0
2026-09-20T12:03:05.000Z,2026-09-20T12:04:45.000Z,100,2.33333333333333,4.16666666666667,0,0
2026-09-20T12:07:35.000Z,2026-09-20T12:09:15.000Z,100,2.83333333333333,4.5,0,0
2026-09-20T12:11:35.000Z,2026-09-20T12:13:15.000Z,100,2.33333333333333,4,0,0
2026-09-20T12:16:05.000Z,2026-09-20T12:17:45.000Z,100,2.83333333333333,4.5,0,0
2026-09-20T12:20:15.000Z,2026-09-20T12:21:45.000Z,90,2.5,4.16666666666667,0,0
2026-09-20T12:24:45.000Z,2026-09-20T12:26:15.000Z,90,3,4.5,0,0
2026-09-20T12:28:45.000Z,2026-09-20T12:30:25.000Z,100,2.5,4,0,0
2026-09-20T12:33:25.000Z,2026-09-20T12:34:45.000Z,80,3,4.66666666666667,0,0
2026-09-20T12:37:25.000Z,2026-09-20T12:38:55.000Z,90,2.66666666666667,4,0,0
2026-09-20T12:42:05.000Z,2026-09-20T12:43:05.000Z,60,3.16666666666667,4.66666666666667,0,0
2026-09-20T12:45:55.000Z,2026-09-20T12:47:25.000Z,90,2.83333333333333,3.83333333333333,0,0
2026-09-20T12:51:05.000Z,2026-09-20T12:51:15.000Z,10,3.66666666666667,5.16666666666667,0,0
2026-09-20T12:54:35.000Z,2026-09-20T12:55:55.000Z,80,3.33333333333333,3.5,0,0
2026-09-20T13:03:05.000Z,2026-09-20T13:04:35.000Z,90,7.16666666666667,8.5,0,0
2026-09-20T13:11:45.000Z,2026-09-20T13:13:05.000Z,80,7.16666666666667,8.66666666666667,0,0
2026-09-20T13:16:05.000Z,2026-09-20T13:17:05.000Z,60,3,4.33333333333333,0,0
2026-09-20T13:20:15.000Z,2026-09-20T13:21:45.000Z,90,3.16666666666667,4.16666666666667,0,0
2026-09-20T13:24:25.000Z,2026-09-20T13:25:45.000Z,80,2.66666666666667,4.16666666666667,0,0
2026-09-20T13:28:45.000Z,2026-09-20T13:30:15.000Z,90,3,4.33333333333333,0,0
2026-09-20T13:32:55.000Z,2026-09-20T13:34:25.000Z,90,2.66666666666667,4.16666666666667,0,0
2026-09-20T13:37:15.000Z,2026-09-20T13:38:55.000Z,100,2.83333333333333,4.33333333333333,0,0
2026-09-20T13:41:15.000Z,2026-09-20T13:42:55.000Z,100,2.33333333333333,4,0,0
2026-09-20T13:45:45.000Z,2026-09-20T13:47:25.000Z,100,2.83333333333333,4.5,0,0
2026-09-20T13:49:45.000Z,2026-09-20T13:51:35.000Z,110,2.33333333333333,4,0,0
2026-09-20T13:54:25.000Z,2026-09-20T13:56:05.000Z,100,2.83333333333333,4.66666666666667,0,0
2026-09-20T13:58:25.000Z,2026-09-20T14:00:05.000Z,100,2.33333333333333,4,0,0
2026-09-20T14:02:55.000Z,2026-09-20T14:04:35.000Z,100,2.83333333333333,4.5,0,0
2026-09-20T14:06:55.000Z,2026-09-20T14:08:45.000Z,110,2.33333333333333,4,0,0
2026-09-20T14:11:25.000Z,2026-09-20T14:13:15.000Z,110,2.66666666666667,4.5,0,0
2026-09-20T14:15:25.000Z,2026-09-20T14:17:15.000Z,110,2.16666666666667,4,0,0
2026-09-20T14:19:55.000Z,2026-09-20T14:21:45.000Z,110,2.66666666666667,4.5,0,0
2026-09-20T14:24:05.000Z,2026-09-20T14:25:45.000Z,100,2.33333333333333,4.16666666666667,0,0
2026-09-20T14:28:25.000Z,2026-09-20T14:30:15.000Z,110,2.66666666666667,4.33333333333333,0,0
2026-09-20T14:32:35.000Z,2026-09-20T14:34:15.000Z,100,2.33333333333333,4.16666666666667,0,0
2026-09-20T14:37:05.000Z,2026-09-20T14:38:55.000Z,110,2.83333333333333,4.5,0,0
2026-09-20T14:41:15.000Z,2026-09-20T14:42:55.000Z,100,2.33333333333333,4.16666666666667,0,0
2026-09-20T14:45:35.000Z,2026-09-20T14:47:25.000Z,110,2.66666666666667,4.33333333333333,0,0
2026-09-20T14:49:45.000Z,2026-09-20T14:51:25.000Z,100,2.33333333333333,4.16666666666667,0,0
2026-09-20T14:54:15.000Z,2026-09-20T14:55:55.000Z,100,2.83333333333333,4.5,0,0
2026-09-20T14:58:25.000Z,2026-09-20T14:59:55.000Z,90,2.5,4.16666666666667,0,0
2026-09-20T15:02:45.000Z,2026-09-20T15:04:25.000Z,100,2.83333333333333,4.33333333333333,0,0
2026-09-20T15:06:55.000Z,2026-09-20T15:08:25.000Z,90,2.5,4.16666666666667,0,0
2026-09-20T15:11:25.000Z,2026-09-20T15:12:45.000Z,80,3,4.5,0,0
2026-09-20T15:15:35.000Z,2026-09-20T15:16:55.000Z,80,2.83333333333333,4.16666666666667,0,0
2026-09-20T15:20:15.000Z,2026-09-20T15:21:05.000Z,50,3.33333333333333,4.66666666666667,0,0
2026-09-20T15:24:05.000Z,2026-09-20T15:25:35.000Z,90,3,3.83333333333333,0,0
2026-09-20T15:32:35.000Z,2026-09-20T15:34:05.000Z,90,7,8.5,0,0
2026-09-20T15:41:15.000Z,2026-09-20T15:42:35.000Z,80,7.16666666666667,8.66666666666667,0,0
2026-09-20T15:45:55.000Z,2026-09-20T15:46:15.000Z,20,3.33333333333333,4.66666666666667,0,0
2026-09-20T15:49:45.000Z,2026-09-20T15:51:15.000Z,90,3.5,3.83333333333333,0,0
2026-09-20T15:54:05.000Z,2026-09-20T15:55:05.000Z,60,2.83333333333333,4.33333333333333,0,0
2026-09-20T15:58:15.000Z,2026-09-20T15:59:45.000Z,90,3.16666666666667,4.16666666666667,0,0
2026-09-20T16:02:25.000Z,2026-09-20T16:03:55.000Z,90,2.66666666666667,4.16666666666667,0,0
2026-09-20T16:06:55.000Z,2026-09-20T16:08:25.000Z,90,3,4.5,0,0
2026-09-20T16:10:55.000Z,2026-09-20T16:12:25.000Z,90,2.5,4,0,0
2026-09-20T16:15:25.000Z,2026-09-20T16:16:55.000Z,90,3,4.5,0,0
2026-09-20T16:19:25.000Z,2026-09-20T16:21:05.000Z,100,2.5,4,0,0
2026-09-20T16:23:55.000Z,2026-09-20T16:25:35.000Z,100,2.83333333333333,4.5,0,0
2026-09-20T16:27:55.000Z,2026-09-20T16:29:45.000Z,110,2.33333333333333,4,0,0
2026-09-20T16:32:25.000Z,2026-09-20T16:34:05.000Z,100,2.66666666666667,4.5,0,0
2026-09-20T16:36:25.000Z,2026-09-20T16:38:15.000Z,110,2.33333333333333,4,0,0
2026-09-20T16:40:55.000Z,2026-09-20T16:42:45.000Z,110,2.66666666666667,4.5,0,0
2026-09-20T16:44:55.000Z,2026-09-20T16:46:45.000Z,110,2.16666666666667,4,0,0
2026-09-20T16:49:25.000Z,2026-09-20T16:51:15.000Z,110,2.66666666666667,4.5,0,0
2026-09-20T16:53:35.000Z,2026-09-20T16:55:15.000Z,100,2.33333333333333,4.16666666666667,0,0
2026-09-20T16:58:05.000Z,2026-09-20T16:59:45.000Z,100,2.83333333333333,4.5,0,0
2026-09-20T17:02:05.000Z,2026-09-20T17:03:55.000Z,110,2.33333333333333,4,0,0
2026-09-20T17:06:35.000Z,2026-09-20T17:08:25.000Z,110,2.66666666666667,4.5,0,0
2026-09-20T17:10:45.000Z,2026-09-20T17:12:25.000Z,100,2.33333333333333,4.16666666666667,0,0
2026-09-20T17:15:05.000Z,2026-09-20T17:16:55.000Z,110,2.66666666666667,4.33333333333333,0,0
2026-09-20T17:19:15.000Z,2026-09-20T17:20:55.000Z,100,2.33333333333333,4.16666666666667,0,0
2026-09-20T17:23:45.000Z,2026-09-20T17:25:25.000Z,100,2.83333333333333,4.5,0,0
2026-09-20T17:27:55.000Z,2026-09-20T17:29:25.000Z,90,2.5,4.16666666666667,0,0
2026-09-20T17:32:15.000Z,2026-09-20T17:33:55.000Z,100,2.83333333333333,4.33333333333333,0,0
2026-09-20T17:36:25.000Z,2026-09-20T17:37:55.000Z,90,2.5,4.16666666666667,0,0
2026-09-20T17:40:55.000Z,2026-09-20T17:42:25.000Z,90,3,4.5,0,0
2026-09-20T17:45:05.000Z,2026-09-20T17:46:35.000Z,90,2.66666666666667,4.16666666666667,0,0
2026-09-20T17:49:35.000Z,2026-09-20T17:50:55.000Z,80,3,4.5,0,0
2026-09-20T17:53:35.000Z,2026-09-20T17:55:05.000Z,90,2.66666666666667,4,0,0
2026-09-20T17:58:15.000Z,2026-09-20T17:59:15.000Z,60,3.16666666666667,4.66666666666667,0,0
2026-09-20T18:02:05.000Z,2026-09-20T18:03:35.000Z,90,2.83333333333333,3.83333333333333,0,0
2026-09-20T18:10:45.000Z,2026-09-20T18:12:05.000Z,80,7.16666666666667,8.66666666666667,0,0
2026-09-20T18:19:15.000Z,2026-09-20T18:20:45.000Z,90,7.16666666666667,8.5,0,0
2026-09-20T18:23:55.000Z,2026-09-20T18:24:25.000Z,30,3.16666666666667,4.66666666666667,0,0
2026-09-20T18:27:55.000Z,2026-09-20T18:29:15.000Z,80,3.5,4,0,0
2026-09-20T18:32:05.000Z,2026-09-20T18:33:15.000Z,70,2.83333333333333,4.16666666666667,0,0
2026-09-20T18:36:25.000Z,2026-09-20T18:37:55.000Z,90,3.16666666666667,4.33333333333333,0,0
2026-09-20T18:40:35.000Z,2026-09-20T18:41:55.000Z,80,2.66666666666667,4.16666666666667,0,0
2026-09-20T18:44:55.000Z,2026-09-20T18:46:25.000Z,90,3,4.33333333333333,0,0
2026-09-20T18:48:55.000Z,2026-09-20T18:50:35.000Z,100,2.5,4,0,0
2026-09-20T18:53:25.000Z,2026-09-20T18:55:05.000Z,100,2.83333333333333,4.5,0,0
2026-09-20T18:57:25.000Z,2026-09-20T18:59:15.000Z,110,2.33333333333333,4,0,0
2026-09-20T19:01:55.000Z,2026-09-20T19:03:35.000Z,100,2.66666666666667,4.5,0,0
2026-09-20T19:05:55.000Z,2026-09-20T19:07:45.000Z,110,2.33333333333333,4,0,0
2026-09-20T19:10:35.000Z,2026-09-20T19:12:15.000Z,100,2.83333333333333,4.66666666666667,0,0
2026-09-20T19:14:35.000Z,2026-09-20T19:16:15.000Z,100,2.33333333333333,4,0,0
2026-09-20T19:19:05.000Z,2026-09-20T19:20:45.000Z,100,2.83333333333333,4.5,0,0
2026-09-20T19:23:05.000Z,2026-09-20T19:24:55.000Z,110,2.33333333333333,4,0,0
2026-09-20T19:27:35.000Z,2026-09-20T19:29:25.000Z,110,2.66666666666667,4.5,0,0
2026-09-20T19:31:35.000Z,2026-09-20T19:33:25.000Z,110,2.16666666666667,4,0,0
2026-09-20T19:36:05.000Z,2026-09-20T19:37:55.000Z,110,2.66666666666667,4.5,0,0
2026-09-20T19:40:15.000Z,2026-09-20T19:41:55.000Z,100,2.33333333333333,4.16666666666667,0,0
2026-09-20T19:44:35.000Z,2026-09-20T19:46:25.000Z,110,2.66666666666667,4.33333333333333,0,0
2026-09-20T19:48:45.000Z,2026-09-20T19:50:25.000Z,100,2.33333333333333,4.16666666666667,0,0
2026-09-20T19:53:15.000Z,2026-09-20T19:55:05.000Z,110,2.83333333333333,4.5,0,0
2026-09-20T19:57:25.000Z,2026-09-20T19:59:05.000Z,100,2.33333333333333,4.16666666666667,0,0
2026-09-20T20:01:45.000Z,2026-09-20T20:03:35.000Z,110,2.66666666666667,4.33333333333333,0,0
2026-09-20T20:05:55.000Z,2026-09-20T20:07:35.000Z,100,2.33333333333333,4.16666666666667,0,0
2026-09-20T20:10:25.000Z,2026-09-20T20:12:05.000Z,100,2.83333333333333,4.5,0,0
2026-09-20T20:14:35.000Z,2026-09-20T20:16:05.000Z,90,2.5,4.16666666666667,0,0
2026-09-20T20:19:05.000Z,2026-09-20T20:20:25.000Z,80,3,4.5,0,0
2026-09-20T20:23:05.000Z,2026-09-20T20:24:35.000Z,90,2.66666666666667,4,0,0
2026-09-20T20:27:35.000Z,2026-09-20T20:28:55.000Z,80,3,4.5,0,0
2026-09-20T20:31:45.000Z,2026-09-20T20:33:05.000Z,80,2.83333333333333,4.16666666666667,0,0
2026-09-20T20:36:25.000Z,2026-09-20T20:37:15.000Z,50,3.33333333333333,4.66666666666667,0,0
2026-09-20T20:40:15.000Z,2026-09-20T20:41:45.000Z,90,3,3.83333333333333,0,0
2026-09-20T20:48:45.000Z,2026-09-20T20:50:15.000Z,90,7,8.5,0,0
2026-09-20T20:57:25.000Z,2026-09-20T20:58:45.000Z,80,7.16666666666667,8.66666666666667,0,0
2026-09-20T21:01:55.000Z,2026-09-20T21:02:35.000Z,40,3.16666666666667,4.5,0,0
2026-09-20T21:05:55.000Z,2026-09-20T21:07:25.000Z,90,3.33333333333333,4,0,0
2026-09-20T21:10:15.000Z,2026-09-20T21:11:25.000Z,70,2.83333333333333,4.33333333333333,0,0
2026-09-20T21:14:25.000Z,2026-09-20T21:15:55.000Z,90,3,4.16666666666667,0,0
2026-09-20T21:18:35.000Z,2026-09-20T21:20:05.000Z,90,2.66666666666667,4.16666666666667,0,0
2026-09-20T21:23:05.000Z,2026-09-20T21:24:35.000Z,90,3,4.5,0,0
2026-09-20T21:27:05.000Z,2026-09-20T21:28:45.000Z,100,2.5,4,0,0
2026-09-20T21:31:35.000Z,2026-09-20T21:33:05.000Z,90,2.83333333333333,4.5,0,0
2026-09-20T21:35:35.000Z,2026-09-20T21:37:15.000Z,100,2.5,4,0,0
2026-09-20T21:40:05.000Z,2026-09-20T21:41:45.000Z,100,2.83333333333333,4.5,0,0
2026-09-20T21:44:05.000Z,2026-09-20T21:45:55.000Z,110,2.33333333333333,4,0,0
2026-09-20T21:48:35.000Z,2026-09-20T21:50:15.000Z,100,2.66666666666667,4.5,0,0
2026-09-20T21:52:35.000Z,2026-09-20T21:54:25.000Z,110,2.33333333333333,4,0,0
2026-09-20T21:57:05.000Z,2026-09-20T21:58:55.000Z,110,2.66666666666667,4.5,0,0
2026-09-20T22:01:05.000Z,2026-09-20T22:02:55.000Z,110,2.16666666666667,4,0,0
2026-09-20T22:05:35.000Z,2026-09-20T22:07:25.000Z,110,2.66666666666667,4.5,0,0
2026-09-20T22:09:45.000Z,2026-09-20T22:11:25.000Z,100,2.33333333333333,4.16666666666667,0,0
2026-09-20T22:14:15.000Z,2026-09-20T22:16:05.000Z,110,2.83333333333333,4.5,0,0
2026-09-20T22:18:15.000Z,2026-09-20T22:20:05.000Z,110,2.16666666666667,4,0,0
2026-09-20T22:22:45.000Z,2026-09-20T22:24:35.000Z,110,2.66666666666667,4.5,0,0
2026-09-20T22:26:55.000Z,2026-09-20T22:28:35.000Z,100,2.33333333333333,4.16666666666667,0,0
2026-09-20T22:31:15.000Z,2026-09-20T22:33:05.000Z,110,2.66666666666667,4.33333333333333,0,0
2026-09-20T22:35:25.000Z,2026-09-20T22:37:05.000Z,100,2.33333333333333,4.16666666666667,0,0
2026-09-20T22:39:55.000Z,2026-09-20T22:41:35.000Z,100,2.83333333333333,4.5,0,0
2026-09-20T22:44:05.000Z,2026-09-20T22:45:35.000Z,90,2.5,4.16666666666667,0,0
2026-09-20T22:48:25.000Z,2026-09-20T22:50:05.000Z,100,2.83333333333333,4.33333333333333,0,0
2026-09-20T22:52:35.000Z,2026-09-20T22:54:05.000Z,90,2.5,4.16666666666667,0,0
2026-09-20T22:57:05.000Z,2026-09-20T22:58:35.000Z,90,3,4.5,0,0
2026-09-20T23:01:15.000Z,2026-09-20T23:02:45.000Z,90,2.66666666666667,4.16666666666667,0,0
2026-09-20T23:05:45.000Z,2026-09-20T23:06:55.000Z,70,3,4.5,0,0
2026-09-20T23:09:45.000Z,2026-09-20T23:11:15.000Z,90,2.83333333333333,4,0,0
2026-09-20T23:14:35.000Z,2026-09-20T23:15:15.000Z,40,3.33333333333333,4.83333333333333,0,0
2026-09-20T23:18:25.000Z,2026-09-20T23:19:45.000Z,80,3.16666666666667,3.83333333333333,0,0
2026-09-20T23:26:55.000Z,2026-09-20T23:28:25.000Z,90,7.16666666666667,8.5,0,0
2026-09-20T23:35:25.000Z,2026-09-20T23:36:55.000Z,90,7,8.5,0,0
2026-09-20T23:39:55.000Z,2026-09-20T23:40:45.000Z,50,3,4.5,0,0
2026-09-20T23:44:05.000Z,2026-09-20T23:45:25.000Z,80,3.33333333333333,4.16666666666667,0,0
2026-09-20T23:48:15.000Z,2026-09-20T23:49:25.000Z,70,2.83333333333333,4.16666666666667,0,0
2026-09-20T23:52:35.000Z,2026-09-20T23:54:05.000Z,90,3.16666666666667,4.33333333333333,0,0
2026-09-20T23:56:45.000Z,2026-09-20T23:58:05.000Z,80,2.66666666666667,4.16666666666667,0,0
2026-09-21T00:01:05.000Z,2026-09-21T00:02:35.000Z,90,3,4.33333333333333,0,0
2026-09-21T00:05:05.000Z,2026-09-21T00:06:45.000Z,100,2.5,4,0,0
2026-09-21T00:09:35.000Z,2026-09-21T00:11:15.000Z,100,2.83333333333333,4.5,0,0
2026-09-21T00:13:35.000Z,2026-09-21T00:15:25.000Z,110,2.33333333333333,4,0,0
2026-09-21T00:18:05.000Z,2026-09-21T00:19:45.000Z,100,2.66666666666667,4.5,0,0
2026-09-21T00:22:05.000Z,2026-09-21T00:23:55.000Z,110,2.33333333333333,4,0,0
2026-09-21T00:26:45.000Z,2026-09-21T00:28:25.000Z,100,2.83333333333333,4.66666666666667,0,0
2026-09-21T00:30:45.000Z,2026-09-21T00:32:25.000Z,100,2.33333333333333,4,0,0
2026-09-21T00:35:15.000Z,2026-09-21T00:36:55.000Z,100,2.83333333333333,4.5,0,0
2026-09-21T00:39:15.000Z,2026-09-21T00:41:05.000Z,110,2.33333333333333,4,0,0
2026-09-21T00:43:45.000Z,2026-09-21T00:45:35.000Z,110,2.66666666666667,4.5,0,0
2026-09-21T00:47:45.000Z,2026-09-21T00:49:35.000Z,110,2.16666666666667,4,0,0
2026-09-21T00:52:15.000Z,2026-09-21T00:54:05.000Z,110,2.66666666666667,4.5,0,0
2026-09-21T00:56:25.000Z,2026-09-21T00:58:05.000Z,100,2.33333333333333,4.16666666666667,0,0
2026-09-21T01:00:55.000Z,2026-09-21T01:02:35.000Z,100,2.83333333333333,4.5,0,0
2026-09-21T01:04:55.000Z,2026-09-21T01:06:35.000Z,100,2.33333333333333,4,0,0
2026-09-21T01:09:25.000Z,2026-09-21T01:11:05.000Z,100,2.83333333333333,4.5,0,0
2026-09-21T01:13:35.000Z,2026-09-21T01:15:05.000Z,90,2.5,4.16666666666667,0,0
2026-09-21T01:17:55.000Z,2026-09-21T01:19:45.000Z,110,2.83333333333333,4.33333333333333,0,0
2026-09-21T01:22:05.000Z,2026-09-21T01:23:45.000Z,100,2.33333333333333,4.16666666666667,0,0
2026-09-21T01:26:35.000Z,2026-09-21T01:28:05.000Z,90,2.83333333333333,4.5,0,0
2026-09-21T01:30:45.000Z,2026-09-21T01:32:15.000Z,90,2.66666666666667,4.16666666666667,0,0
2026-09-21T01:35:15.000Z,2026-09-21T01:36:35.000Z,80,3,4.5,0,0
2026-09-21T01:39:15.000Z,2026-09-21T01:40:45.000Z,90,2.66666666666667,4,0,0
2026-09-21T01:43:55.000Z,2026-09-21T01:45:05.000Z,70,3.16666666666667,4.66666666666667,0,0
2026-09-21T01:47:55.000Z,2026-09-21T01:49:15.000Z,80,2.83333333333333,4,0,0
2026-09-21T01:52:45.000Z,2026-09-21T01:53:15.000Z,30,3.5,4.83333333333333,0,0
2026-09-21T01:56:25.000Z,2026-09-21T01:57:55.000Z,90,3.16666666666667,3.66666666666667,0,0
2026-09-21T02:04:55.000Z,2026-09-21T02:06:25.000Z,90,7,8.5,0,0
2026-09-21T02:13:35.000Z,2026-09-21T02:14:55.000Z,80,7.16666666666667,8.66666666666667,0,0
2026-09-21T02:17:55.000Z,2026-09-21T02:18:55.000Z,60,3,4.33333333333333,0,0
2026-09-21T02:22:05.000Z,2026-09-21T02:23:35.000Z,90,3.16666666666667,4.16666666666667,0,0
2026-09-21T02:26:15.000Z,2026-09-21T02:27:35.000Z,80,2.66666666666667,4.16666666666667,0,0
2026-09-21T02:30:35.000Z,2026-09-21T02:32:05.000Z,90,3,4.33333333333333,0,0
2026-09-21T02:34:45.000Z,2026-09-21T02:36:15.000Z,90,2.66666666666667,4.16666666666667,0,0
2026-09-21T02:39:05.000Z,2026-09-21T02:40:45.000Z,100,2.83333333333333,4.33333333333333,0,0
2026-09-21T02:43:15.000Z,2026-09-21T02:44:55.000Z,100,2.5,4.16666666666667,0,0
2026-09-21T02:47:45.000Z,2026-09-21T02:49:15.000Z,90,2.83333333333333,4.5,0,0
2026-09-21T02:51:45.000Z,2026-09-21T02:53:25.000Z,100,2.5,4,0,0
2026-09-21T02:56:15.000Z,2026-09-21T02:57:55.000Z,100,2.83333333333333,4.5,0,0
2026-09-21T03:00:15.000Z,2026-09-21T03:02:05.000Z,110,2.33333333333333,4,0,0
2026-09-21T03:04:45.000Z,2026-09-21T03:06:25.000Z,100,2.66666666666667,4.5,0,0
2026-09-21T03:08:45.000Z,2026-09-21T03:10:35.000Z,110,2.33333333333333,4,0,0
2026-09-21T03:13:15.000Z,2026-09-21T03:15:05.000Z,110,2.66666666666667,4.5,0,0
2026-09-21T03:17:15.000Z,2026-09-21T03:19:05.000Z,110,2.16666666666667,4,0,0
2026-09-21T03:21:45.000Z,2026-09-21T03:23:35.000Z,110,2.66666666666667,4.5,0,0
2026-09-21T03:25:55.000Z,2026-09-21T03:27:35.000Z,100,2.33333333333333,4.16666666666667,0,0
2026-09-21T03:30:25.000Z,2026-09-21T03:32:15.000Z,110,2.83333333333333,4.5,0,0
2026-09-21T03:34:25.000Z,2026-09-21T03:36:15.000Z,110,2.16666666666667,4,0,0
2026-09-21T03:38:55.000Z,2026-09-21T03:40:45.000Z,110,2.66666666666667,4.5,0,0
2026-09-21T03:43:05.000Z,2026-09-21T03:44:45.000Z,100,2.33333333333333,4.16666666666667,0,0
2026-09-21T03:47:25.000Z,2026-09-21T03:49:15.000Z,110,2.66666666666667,4.33333333333333,0,0
2026-09-21T03:51:35.000Z,2026-09-21T03:53:15.000Z,100,2.33333333333333,4.16666666666667,0,0
2026-09-21T03:56:05.000Z,2026-09-21T03:57:45.000Z,100,2.83333333333333,4.5,0,0
2026-09-21T04:00:15.000Z,2026-09-21T04:01:45.000Z,90,2.5,4.16666666666667,0,0
2026-09-21T04:04:35.000Z,2026-09-21T04:06:15.000Z,100,2.83333333333333,4.33333333333333,0,0
2026-09-21T04:08:45.000Z,2026-09-21T04:10:15.000Z,90,2.5,4.16666666666667,0,0
2026-09-21T04:13:15.000Z,2026-09-21T04:14:45.000Z,90,3,4.5,0,0
2026-09-21T04:17:25.000Z,2026-09-21T04:18:55.000Z,90,2.66666666666667,4.16666666666667,0,0
2026-09-21T04:21:55.000Z,2026-09-21T04:23:05.000Z,70,3,4.5,0,0
2026-09-21T04:25:55.000Z,2026-09-21T04:27:25.000Z,90,2.83333333333333,4,0,0
2026-09-21T04:30:55.000Z,2026-09-21T04:31:15.000Z,20,3.5,5,0,0
2026-09-21T04:34:35.000Z,2026-09-21T04:35:55.000Z,80,3.33333333333333,3.66666666666667,0,0
2026-09-21T04:43:05.000Z,2026-09-21T04:44:35.000Z,90,7.16666666666667,8.5,0,0
2026-09-21T04:51:35.000Z,2026-09-21T04:53:05.000Z,90,7,8.5,0,0
2026-09-21T04:56:05.000Z,2026-09-21T04:56:55.000Z,50,3,4.5,0,0
2026-09-21T05:00:15.000Z,2026-09-21T05:01:35.000Z,80,3.33333333333333,4.16666666666667,0,0
2026-09-21T05:04:25.000Z,2026-09-21T05:05:45.000Z,80,2.83333333333333,4.16666666666667,0,0
2026-09-21T05:08:45.000Z,2026-09-21T05:10:15.000Z,90,3,4.33333333333333,0,0
2026-09-21T05:12:45.000Z,2026-09-21T05:14:25.000Z,100,2.5,4,0,0
2026-09-21T05:17:15.000Z,2026-09-21T05:18:45.000Z,90,2.83333333333333,4.5,0,0
2026-09-21T05:21:15.000Z,2026-09-21T05:22:55.000Z,100,2.5,4,0,0
2026-09-21T05:25:45.000Z,2026-09-21T05:27:25.000Z,100,2.83333333333333,4.5,0,0
2026-09-21T05:29:45.000Z,2026-09-21T05:31:35.000Z,110,2.33333333333333,4,0,0
2026-09-21T05:34:15.000Z,2026-09-21T05:35:55.000Z,100,2.66666666666667,4.5,0,0
2026-09-21T05:38:15.000Z,2026-09-21T05:40:05.000Z,110,2.33333333333333,4,0,0
2026-09-21T05:42:55.000Z,2026-09-21T05:44:35.000Z,100,2.83333333333333,4.66666666666667,0,0
2026-09-21T05:46:55.000Z,2026-09-21T05:48:35.000Z,100,2.33333333333333,4,0,0
2026-09-21T05:51:25.000Z,2026-09-21T05:53:05.000Z,100,2.83333333333333,4.5,0,0
2026-09-21T05:55:25.000Z,2026-09-21T05:57:15.000Z,110,2.33333333333333,4,0,0
2026-09-21T05:59:55.000Z,2026-09-21T06:01:45.000Z,110,2.66666666666667,4.5,0,0
2026-09-21T06:03:55.000Z,2026-09-21T06:05:45.000Z,110,2.16666666666667,4,0,0
2026-09-21T06:08:25.000Z,2026-09-21T06:10:15.000Z,110,2.66666666666667,4.5,0,0
2026-09-21T06:12:35.000Z,2026-09-21T06:14:15.000Z,100,2.33333333333333,4.16666666666667,0,0
2026-09-21T06:17:05.000Z,2026-09-21T06:18:45.000Z,100,2.83333333333333,4.5,0,0
2026-09-21T06:21:05.000Z,2026-09-21T06:22:45.000Z,100,2.33333333333333,4,0,0
2026-09-21T06:25:35.000Z,2026-09-21T06:27:15.000Z,100,2.83333333333333,4.5,0,0
2026-09-21T06:29:45.000Z,2026-09-21T06:31:15.000Z,90,2.5,4.16666666666667,0,0
2026-09-21T06:34:05.000Z,2026-09-21T06:35:45.000Z,100,2.83333333333333,4.33333333333333,0,0
2026-09-21T06:38:15.000Z,2026-09-21T06:39:55.000Z,100,2.5,4.16666666666667,0,0
2026-09-21T06:42:45.000Z,2026-09-21T06:44:15.000Z,90,2.83333333333333,4.5,0,0
2026-09-21T06:46:55.000Z,2026-09-21T06:48:25.000Z,90,2.66666666666667,4.16666666666667,0,0
2026-09-21T06:51:25.000Z,2026-09-21T06:52:45.000Z,80,3,4.5,0,0
2026-09-21T06:55:25.000Z,2026-09-21T06:56:55.000Z,90,2.66666666666667,4,0,0
2026-09-21T07:00:05.000Z,2026-09-21T07:01:05.000Z,60,3.16666666666667,4.66666666666667,0,0
2026-09-21T07:04:05.000Z,2026-09-21T07:05:25.000Z,80,3,4,0,0
2026-09-21T07:12:35.000Z,2026-09-21T07:14:05.000Z,90,7.16666666666667,8.5,0,0
2026-09-21T07:21:05.000Z,2026-09-21T07:22:35.000Z,90,7,8.5,0,0
2026-09-21T07:25:55.000Z,2026-09-21T07:26:05.000Z,10,3.33333333333333,4.83333333333333,0,0
2026-09-21T07:29:45.000Z,2026-09-21T07:31:05.000Z,80,3.66666666666667,3.83333333333333,0,0
2026-09-21T07:34:05.000Z,2026-09-21T07:35:05.000Z,60,3,4.33333333333333,0,0
2026-09-21T07:38:15.000Z,2026-09-21T07:39:45.000Z,90,3.16666666666667,4.16666666666667,0,0
2026-09-21T07:42:25.000Z,2026-09-21T07:43:45.000Z,80,2.66666666666667,4.16666666666667,0,0
2026-09-21T07:46:45.000Z,2026-09-21T07:48:15.000Z,90,3,4.33333333333333,0,0
2026-09-21T07:50:55.000Z,2026-09-21T07:52:25.000Z,90,2.66666666666667,4.16666666666667,0,0
2026-09-21T07:55:15.000Z,2026-09-21T07:56:55.000Z,100,2.83333333333333,4.33333333333333,0,0
2026-09-21T07:59:25.000Z,2026-09-21T08:01:05.000Z,100,2.5,4.16666666666667,0,0
2026-09-21T08:03:55.000Z,2026-09-21T08:05:25.000Z,90,2.83333333333333,4.5,0,0
2026-09-21T08:07:55.000Z,2026-09-21T08:09:35.000Z,100,2.5,4,0,0
2026-09-21T08:12:25.000Z,2026-09-21T08:14:05.000Z,100,2.83333333333333,4.5,0,0
2026-09-21T08:16:25.000Z,2026-09-21T08:18:15.000Z,110,2.33333333333333,4,0,0
2026-09-21T08:20:55.000Z,2026-09-21T08:22:35.000Z,100,2.66666666666667,4.5,0,0
2026-09-21T08:24:55.000Z,2026-09-21T08:26:45.000Z,110,2.33333333333333,4,0,0
2026-09-21T08:29:25.000Z,2026-09-21T08:31:15.000Z,110,2.66666666666667,4.5,0,0
2026-09-21T08:33:25.000Z,2026-09-21T08:35:15.000Z,110,2.16666666666667,4,0,0
2026-09-21T08:37:55.000Z,2026-09-21T08:39:45.000Z,110,2.66666666666667,4.5,0,0
2026-09-21T08:42:05.000Z,2026-09-21T08:43:45.000Z,100,2.33333333333333,4.16666666666667,0,0
2026-09-21T08:46:35.000Z,2026-09-21T08:48:25.000Z,110,2.83333333333333,4.5,0,0
2026-09-21T08:50:35.000Z,2026-09-21T08:52:25.000Z,110,2.16666666666667,4,0,0
2026-09-21T08:55:05.000Z,2026-09-21T08:56:55.000Z,110,2.66666666666667,4.5,0,0
2026-09-21T08:59:15.000Z,2026-09-21T09:00:55.000Z,100,2.33333333333333,4.16666666666667,0,0
2026-09-21T09:03:35.000Z,2026-09-21T09:05:25.000Z,110,2.66666666666667,4.33333333333333,0,0
2026-09-21T09:07:45.000Z,2026-09-21T09:09:25.000Z,100,2.33333333333333,4.16666666666667,0,0
2026-09-21T09:12:15.000Z,2026-09-21T09:13:55.000Z,100,2.83333333333333,4.5,0,0
2026-09-21T09:16:25.000Z,2026-09-21T09:17:55.000Z,90,2.5,4.16666666666667,0,0
2026-09-21T09:20:55.000Z,2026-09-21T09:22:25.000Z,90,3,4.5,0,0
2026-09-21T09:24:55.000Z,2026-09-21T09:26:25.000Z,90,2.5,4,0,0
2026-09-21T09:29:35.000Z,2026-09-21T09:30:45.000Z,70,3.16666666666667,4.66666666666667,0,0
2026-09-21T09:33:35.000Z,2026-09-21T09:35:05.000Z,90,2.83333333333333,4,0,0
2026-09-21T09:38:15.000Z,2026-09-21T09:39:05.000Z,50,3.16666666666667,4.66666666666667,0,0
2026-09-21T09:42:05.000Z,2026-09-21T09:43:35.000Z,90,3,3.83333333333333,0,0
2026-09-21T09:50:45.000Z,2026-09-21T09:52:05.000Z,80,7.16666666666667,8.66666666666667,0,0
2026-09-21T09:59:15.000Z,2026-09-21T10:00:45.000Z,90,7.16666666666667,8.5,0,0
2026-09-21T10:03:55.000Z,2026-09-21T10:04:25.000Z,30,3.16666666666667,4.66666666666667,0,0
2026-09-21T10:07:45.000Z,2026-09-21T10:09:15.000Z,90,3.33333333333333,3.83333333333333,0,0
2026-09-21T10:12:05.000Z,2026-09-21T10:13:15.000Z,70,2.83333333333333,4.33333333333333,0,0
2026-09-21T10:16:25.000Z,2026-09-21T10:17:45.000Z,80,3.16666666666667,4.33333333333333,0,0
2026-09-21T10:20:35.000Z,2026-09-21T10:21:55.000Z,80,2.83333333333333,4.16666666666667,0,0
2026-09-21T10:24:55.000Z,2026-09-21T10:26:25.000Z,90,3,4.33333333333333,0,0
2026-09-21T10:28:55.000Z,2026-09-21T10:30:35.000Z,100,2.5,4,0,0
2026-09-21T10:33:25.000Z,2026-09-21T10:34:55.000Z,90,2.83333333333333,4.5,0,0
2026-09-21T10:37:25.000Z,2026-09-21T10:39:05.000Z,100,2.5,4,0,0
2026-09-21T10:41:55.000Z,2026-09-21T10:43:35.000Z,100,2.83333333333333,4.5,0,0
2026-09-21T10:45:55.000Z,2026-09-21T10:47:45.000Z,110,2.33333333333333,4,0,0
2026-09-21T10:50:25.000Z,2026-09-21T10:52:05.000Z,100,2.66666666666667,4.5,0,0
2026-09-21T10:54:25.000Z,2026-09-21T10:56:15.000Z,110,2.33333333333333,4,0,0
2026-09-21T10:59:05.000Z,2026-09-21T11:00:45.000Z,100,2.83333333333333,4.66666666666667,0,0
2026-09-21T11:03:05.000Z,2026-09-21T11:04:45.000Z,100,2.33333333333333,4,0,0
2026-09-21T11:07:35.000Z,2026-09-21T11:09:15.000Z,100,2.83333333333333,4.5,0,0
2026-09-21T11:11:35.000Z,2026-09-21T11:13:25.000Z,110,2.33333333333333,4,0,0
2026-09-21T11:16:05.000Z,2026-09-21T11:17:55.000Z,110,2.66666666666667,4.5,0,0
2026-09-21T11:20:05.000Z,2026-09-21T11:21:55.000Z,110,2.16666666666667,4,0,0
2026-09-21T11:24:35.000Z,2026-09-21T11:26:25.000Z,110,2.66666666666667,4.5,0,0
2026-09-21T11:28:45.000Z,2026-09-21T11:30:25.000Z,100,2.33333333333333,4.16666666666667,0,0
2026-09-21T11:33:15.000Z,2026-09-21T11:34:55.000Z,100,2.83333333333333,4.5,0,0
2026-09-21T11:37:15.000Z,2026-09-21T11:38:55.000Z,100,2.33333333333333,4,0,0
2026-09-21T11:41:45.000Z,2026-09-21T11:43:25.000Z,100,2.83333333333333,4.5,0,0
2026-09-21T11:45:55.000Z,2026-09-21T11:47:25.000Z,90,2.5,4.16666666666667,0,0
2026-09-21T11:50:25.000Z,2026-09-21T11:51:55.000Z,90,3,4.5,0,0
2026-09-21T11:54:25.000Z,2026-09-21T11:56:05.000Z,100,2.5,4,0,0
2026-09-21T11:58:55.000Z,2026-09-21T12:00:25.000Z,90,2.83333333333333,4.5,0,0
2026-09-21T12:03:05.000Z,2026-09-21T12:04:35.000Z,90,2.66666666666667,4.16666666666667,0,0
2026-09-21T12:07:35.000Z,2026-09-21T12:08:55.000Z,80,3,4.5,0,0
2026-09-21T12:11:35.000Z,2026-09-21T12:13:05.000Z,90,2.66666666666667,4,0,0
2026-09-21T12:16:25.000Z,2026-09-21T12:17:15.000Z,50,3.33333333333333,4.83333333333333,0,0
2026-09-21T12:20:15.000Z,2026-09-21T12:21:35.000Z,80,3,3.83333333333333,0,0
2026-09-21T12:28:45.000Z,2026-09-21T12:30:15.000Z,90,7.16666666666667,8.5,0,0
2026-09-21T12:37:15.000Z,2026-09-21T12:38:45.000Z,90,7,8.5,0,0
2026-09-21T12:41:55.000Z,2026-09-21T12:42:35.000Z,40,3.16666666666667,4.66666666666667,0,0
2026-09-21T12:45:55.000Z,2026-09-21T12:47:25.000Z,90,3.33333333333333,4,0,0
2026-09-21T12:50:15.000Z,2026-09-21T12:51:15.000Z,60,2.83333333333333,4.33333333333333,0,0
2026-09-21T12:54:25.000Z,2026-09-21T12:55:55.000Z,90,3.16666666666667,4.16666666666667,0,0
2026-09-21T12:58:35.000Z,2026-09-21T13:00:05.000Z,90,2.66666666666667,4.16666666666667,0,0
2026-09-21T13:02:55.000Z,2026-09-21T13:04:25.000Z,90,2.83333333333333,4.33333333333333,0,0
2026-09-21T13:07:05.000Z,2026-09-21T13:08:35.000Z,90,2.66666666666667,4.16666666666667,0,0
2026-09-21T13:11:25.000Z,2026-09-21T13:13:05.000Z,100,2.83333333333333,4.33333333333333,0,0
2026-09-21T13:15:35.000Z,2026-09-21T13:17:15.000Z,100,2.5,4.16666666666667,0,0
2026-09-21T13:20:05.000Z,2026-09-21T13:21:35.000Z,90,2.83333333333333,4.5,0,0
2026-09-21T13:24:05.000Z,2026-09-21T13:25:45.000Z,100,2.5,4,0,0
2026-09-21T13:28:35.000Z,2026-09-21T13:30:15.000Z,100,2.83333333333333,4.5,0,0
2026-09-21T13:32:35.000Z,2026-09-21T13:34:25.000Z,110,2.33333333333333,4,0,0
2026-09-21T13:37:05.000Z,2026-09-21T13:38:45.000Z,100,2.66666666666667,4.5,0,0
2026-09-21T13:41:05.000Z,2026-09-21T13:42:55.000Z,110,2.33333333333333,4,0,0
2026-09-21T13:45:35.000Z,2026-09-21T13:47:25.000Z,110,2.66666666666667,4.5,0,0
2026-09-21T13:49:45.000Z,2026-09-21T13:51:25.000Z,100,2.33333333333333,4.16666666666667,0,0
2026-09-21T13:54:05.000Z,2026-09-21T13:55:55.000Z,110,2.66666666666667,4.33333333333333,0,0
2026-09-21T13:58:15.000Z,2026-09-21T13:59:55.000Z,100,2.33333333333333,4.16666666666667,0,0
2026-09-21T14:02:45.000Z,2026-09-21T14:04:35.000Z,110,2.83333333333333,4.5,0,0
2026-09-21T14:06:45.000Z,2026-09-21T14:08:35.000Z,110,2.16666666666667,4,0,0
2026-09-21T14:11:15.000Z,2026-09-21T14:13:05.000Z,110,2.66666666666667,4.5,0,0
2026-09-21T14:15:25.000Z,2026-09-21T14:17:05.000Z,100,2.33333333333333,4.16666666666667,0,0
2026-09-21T14:19:55.000Z,2026-09-21T14:21:35.000Z,100,2.83333333333333,4.5,0,0
2026-09-21T14:23:55.000Z,2026-09-21T14:25:35.000Z,100,2.33333333333333,4,0,0
2026-09-21T14:28:25.000Z,2026-09-21T14:30:05.000Z,100,2.83333333333333,4.5,0,0
2026-09-21T14:32:35.000Z,2026-09-21T14:34:05.000Z,90,2.5,4.16666666666667,0,0
2026-09-21T14:37:05.000Z,2026-09-21T14:38:35.000Z,90,3,4.5,0,0
2026-09-21T14:41:05.000Z,2026-09-21T14:42:35.000Z,90,2.5,4,0,0
2026-09-21T14:45:45.000Z,2026-09-21T14:46:55.000Z,70,3.16666666666667,4.66666666666667,0,0
2026-09-21T14:49:45.000Z,2026-09-21T14:51:15.000Z,90,2.83333333333333,4,0,0
2026-09-21T14:54:25.000Z,2026-09-21T14:55:15.000Z,50,3.16666666666667,4.66666666666667,0,0
2026-09-21T14:58:15.000Z,2026-09-21T14:59:45.000Z,90,3,3.83333333333333,0,0
2026-09-21T15:06:55.000Z,2026-09-21T15:08:15.000Z,80,7.16666666666667,8.66666666666667,0,0
2026-09-21T15:15:25.000Z,2026-09-21T15:16:55.000Z,90,7.16666666666667,8.5,0,0
2026-09-21T15:19:55.000Z,2026-09-21T15:20:35.000Z,40,3,4.5,0,0
2026-09-21T15:23:55.000Z,2026-09-21T15:25:25.000Z,90,3.33333333333333,4,0,0
2026-09-21T15:28:15.000Z,2026-09-21T15:29:25.000Z,70,2.83333333333333,4.33333333333333,0,0
2026-09-21T15:32:35.000Z,2026-09-21T15:34:05.000Z,90,3.16666666666667,4.33333333333333,0,0
2026-09-21T15:36:35.000Z,2026-09-21T15:38:05.000Z,90,2.5,4,0,0
2026-09-21T15:41:05.000Z,2026-09-21T15:42:35.000Z,90,3,4.5,0,0
2026-09-21T15:45:05.000Z,2026-09-21T15:46:45.000Z,100,2.5,4,0,0
2026-09-21T15:49:35.000Z,2026-09-21T15:51:15.000Z,100,2.83333333333333,4.5,0,0
2026-09-21T15:53:35.000Z,2026-09-21T15:55:15.000Z,100,2.33333333333333,4,0,0
2026-09-21T15:58:05.000Z,2026-09-21T15:59:45.000Z,100,2.83333333333333,4.5,0,0
2026-09-21T16:02:05.000Z,2026-09-21T16:03:55.000Z,110,2.33333333333333,4,0,0
2026-09-21T16:06:35.000Z,2026-09-21T16:08:25.000Z,110,2.66666666666667,4.5,0,0
2026-09-21T16:10:35.000Z,2026-09-21T16:12:25.000Z,110,2.16666666666667,4,0,0
2026-09-21T16:15:15.000Z,2026-09-21T16:16:55.000Z,100,2.83333333333333,4.66666666666667,0,0
2026-09-21T16:19:15.000Z,2026-09-21T16:20:55.000Z,100,2.33333333333333,4,0,0
2026-09-21T16:23:45.000Z,2026-09-21T16:25:25.000Z,100,2.83333333333333,4.5,0,0
2026-09-21T16:27:45.000Z,2026-09-21T16:29:35.000Z,110,2.33333333333333,4,0,0
2026-09-21T16:32:15.000Z,2026-09-21T16:34:05.000Z,110,2.66666666666667,4.5,0,0
2026-09-21T16:36:15.000Z,2026-09-21T16:38:05.000Z,110,2.16666666666667,4,0,0
2026-09-21T16:40:45.000Z,2026-09-21T16:42:35.000Z,110,2.66666666666667,4.5,0,0
2026-09-21T16:44:55.000Z,2026-09-21T16:46:35.000Z,100,2.33333333333333,4.16666666666667,0,0
2026-09-21T16:49:25.000Z,2026-09-21T16:51:05.000Z,100,2.83333333333333,4.5,0,0
2026-09-21T16:53:25.000Z,2026-09-21T16:55:05.000Z,100,2.33333333333333,4,0,0
2026-09-21T16:57:55.000Z,2026-09-21T16:59:35.000Z,100,2.83333333333333,4.5,0,0
2026-09-21T17:02:05.000Z,2026-09-21T17:03:35.000Z,90,2.5,4.16666666666667,0,0
2026-09-21T17:06:35.000Z,2026-09-21T17:08:05.000Z,90,3,4.5,0,0
2026-09-21T17:10:35.000Z,2026-09-21T17:12:15.000Z,100,2.5,4,0,0
2026-09-21T17:15:05.000Z,2026-09-21T17:16:35.000Z,90,2.83333333333333,4.5,0,0
2026-09-21T17:19:15.000Z,2026-09-21T17:20:45.000Z,90,2.66666666666667,4.16666666666667,0,0
2026-09-21T17:23:45.000Z,2026-09-21T17:24:55.000Z,70,3,4.5,0,0
2026-09-21T17:27:45.000Z,2026-09-21T17:29:15.000Z,90,2.83333333333333,4,0,0
2026-09-21T17:32:35.000Z,2026-09-21T17:33:15.000Z,40,3.33333333333333,4.83333333333333,0,0
2026-09-21T17:36:25.000Z,2026-09-21T17:37:45.000Z,80,3.16666666666667,3.83333333333333,0,0
2026-09-21T17:44:55.000Z,2026-09-21T17:46:25.000Z,90,7.16666666666667,8.5,0,0
2026-09-21T17:53:25.000Z,2026-09-21T17:54:55.000Z,90,7,8.5,0,0
2026-09-21T17:57:55.000Z,2026-09-21T17:58:45.000Z,50,3,4.5,0,0
2026-09-21T18:02:05.000Z,2026-09-21T18:03:35.000Z,90,3.33333333333333,4.16666666666667,0,0
2026-09-21T18:06:15.000Z,2026-09-21T18:07:35.000Z,80,2.66666666666667,4.16666666666667,0,0
2026-09-21T18:10:35.000Z,2026-09-21T18:12:05.000Z,90,3,4.33333333333333,0,0
2026-09-21T18:14:45.000Z,2026-09-21T18:16:15.000Z,90,2.66666666666667,4.16666666666667,0,0
2026-09-21T18:19:05.000Z,2026-09-21T18:20:45.000Z,100,2.83333333333333,4.33333333333333,0,0
2026-09-21T18:23:15.000Z,2026-09-21T18:24:45.000Z,90,2.5,4.16666666666667,0,0
2026-09-21T18:27:35.000Z,2026-09-21T18:29:15.000Z,100,2.83333333333333,4.33333333333333,0,0
2026-09-21T18:31:35.000Z,2026-09-21T18:33:25.000Z,110,2.33333333333333,4,0,0
2026-09-21T18:36:15.000Z,2026-09-21T18:37:55.000Z,100,2.83333333333333,4.66666666666667,0,0
2026-09-21T18:40:15.000Z,2026-09-21T18:41:55.000Z,100,2.33333333333333,4,0,0
2026-09-21T18:44:45.000Z,2026-09-21T18:46:25.000Z,100,2.83333333333333,4.5,0,0
2026-09-21T18:48:45.000Z,2026-09-21T18:50:35.000Z,110,2.33333333333333,4,0,0
2026-09-21T18:53:15.000Z,2026-09-21T18:55:05.000Z,110,2.66666666666667,4.5,0,0
2026-09-21T18:57:15.000Z,2026-09-21T18:59:05.000Z,110,2.16666666666667,4,0,0
2026-09-21T19:01:45.000Z,2026-09-21T19:03:35.000Z,110,2.66666666666667,4.5,0,0
2026-09-21T19:05:55.000Z,2026-09-21T19:07:35.000Z,100,2.33333333333333,4.16666666666667,0,0
2026-09-21T19:10:15.000Z,2026-09-21T19:12:05.000Z,110,2.66666666666667,4.33333333333333,0,0
2026-09-21T19:14:25.000Z,2026-09-21T19:16:05.000Z,100,2.33333333333333,4.16666666666667,0,0
2026-09-21T19:18:55.000Z,2026-09-21T19:20:45.000Z,110,2.83333333333333,4.5,0,0
2026-09-21T19:22:55.000Z,2026-09-21T19:24:45.000Z,110,2.16666666666667,4,0,0
2026-09-21T19:27:25.000Z,2026-09-21T19:29:15.000Z,110,2.66666666666667,4.5,0,0
2026-09-21T19:31:35.000Z,2026-09-21T19:33:15.000Z,100,2.33333333333333,4.16666666666667,0,0
2026-09-21T19:36:05.000Z,2026-09-21T19:37:45.000Z,100,2.83333333333333,4.5,0,0
2026-09-21T19:40:05.000Z,2026-09-21T19:41:45.000Z,100,2.33333333333333,4,0,0
2026-09-21T19:44:35.000Z,2026-09-21T19:46:15.000Z,100,2.83333333333333,4.5,0,0
2026-09-21T19:48:45.000Z,2026-09-21T19:50:15.000Z,90,2.5,4.16666666666667,0,0
2026-09-21T19:53:15.000Z,2026-09-21T19:54:35.000Z,80,3,4.5,0,0
2026-09-21T19:57:15.000Z,2026-09-21T19:58:45.000Z,90,2.66666666666667,4,0,0
2026-09-21T20:01:55.000Z,2026-09-21T20:03:05.000Z,70,3.16666666666667,4.66666666666667,0,0
2026-09-21T20:05:55.000Z,2026-09-21T20:07:25.000Z,90,2.83333333333333,4,0,0
2026-09-21T20:10:45.000Z,2026-09-21T20:11:15.000Z,30,3.33333333333333,4.83333333333333,0,0
2026-09-21T20:14:25.000Z,2026-09-21T20:15:55.000Z,90,3.16666666666667,3.66666666666667,0,0
2026-09-21T20:23:05.000Z,2026-09-21T20:24:25.000Z,80,7.16666666666667,8.66666666666667,0,0
2026-09-21T20:31:35.000Z,2026-09-21T20:33:05.000Z,90,7.16666666666667,8.5,0,0
2026-09-21T20:35:55.000Z,2026-09-21T20:36:55.000Z,60,2.83333333333333,4.33333333333333,0,0
2026-09-21T20:40:05.000Z,2026-09-21T20:41:35.000Z,90,3.16666666666667,4.16666666666667,0,0
2026-09-21T20:44:25.000Z,2026-09-21T20:45:35.000Z,70,2.83333333333333,4.33333333333333,0,0
2026-09-21T20:48:45.000Z,2026-09-21T20:50:15.000Z,90,3.16666666666667,4.33333333333333,0,0
2026-09-21T20:52:45.000Z,2026-09-21T20:54:15.000Z,90,2.5,4,0,0
2026-09-21T20:57:15.000Z,2026-09-21T20:58:45.000Z,90,3,4.5,0,0
2026-09-21T21:01:15.000Z,2026-09-21T21:02:55.000Z,100,2.5,4,0,0
2026-09-21T21:05:45.000Z,2026-09-21T21:07:25.000Z,100,2.83333333333333,4.5,0,0
2026-09-21T21:09:45.000Z,2026-09-21T21:11:25.000Z,100,2.33333333333333,4,0,0
2026-09-21T21:14:15.000Z,2026-09-21T21:15:55.000Z,100,2.83333333333333,4.5,0,0
2026-09-21T21:18:15.000Z,2026-09-21T21:20:05.000Z,110,2.33333333333333,4,0,0
2026-09-21T21:22:45.000Z,2026-09-21T21:24:35.000Z,110,2.66666666666667,4.5,0,0
2026-09-21T21:26:45.000Z,2026-09-21T21:28:35.000Z,110,2.16666666666667,4,0,0
2026-09-21T21:31:15.000Z,2026-09-21T21:33:05.000Z,110,2.66666666666667,4.5,0,0
2026-09-21T21:35:25.000Z,2026-09-21T21:37:05.000Z,100,2.33333333333333,4.16666666666667,0,0
2026-09-21T21:39:55.000Z,2026-09-21T21:41:35.000Z,100,2.83333333333333,4.5,0,0
2026-09-21T21:43:55.000Z,2026-09-21T21:45:45.000Z,110,2.33333333333333,4,0,0
2026-09-21T21:48:25.000Z,2026-09-21T21:50:15.000Z,110,2.66666666666667,4.5,0,0
2026-09-21T21:52:35.000Z,2026-09-21T21:54:15.000Z,100,2.33333333333333,4.16666666666667,0,0
2026-09-21T21:56:55.000Z,2026-09-21T21:58:45.000Z,110,2.66666666666667,4.33333333333333,0,0
2026-09-21T22:01:05.000Z,2026-09-21T22:02:45.000Z,100,2.33333333333333,4.16666666666667,0,0
2026-09-21T22:05:35.000Z,2026-09-21T22:07:15.000Z,100,2.83333333333333,4.5,0,0
2026-09-21T22:09:35.000Z,2026-09-21T22:11:15.000Z,100,2.33333333333333,4,0,0
2026-09-21T22:14:05.000Z,2026-09-21T22:15:45.000Z,100,2.83333333333333,4.5,0,0
2026-09-21T22:18:15.000Z,2026-09-21T22:19:45.000Z,90,2.5,4.16666666666667,0,0
2026-09-21T22:22:45.000Z,2026-09-21T22:24:15.000Z,90,3,4.5,0,0
2026-09-21T22:26:45.000Z,2026-09-21T22:28:25.000Z,100,2.5,4,0,0
2026-09-21T22:31:25.000Z,2026-09-21T22:32:45.000Z,80,3,4.66666666666667,0,0
2026-09-21T22:35:25.000Z,2026-09-21T22:36:55.000Z,90,2.66666666666667,4,0,0
2026-09-21T22:40:05.000Z,2026-09-21T22:41:05.000Z,60,3.16666666666667,4.66666666666667,0,0
2026-09-21T22:43:55.000Z,2026-09-21T22:45:25.000Z,90,2.83333333333333,3.83333333333333,0,0
2026-09-21T22:49:05.000Z,2026-09-21T22:49:15.000Z,10,3.66666666666667,5.16666666666667,0,0
2026-09-21T22:52:35.000Z,2026-09-21T22:53:55.000Z,80,3.33333333333333,3.5,0,0
2026-09-21T23:01:05.000Z,2026-09-21T23:02:35.000Z,90,7.16666666666667,8.5,0,0
2026-09-21T23:09:45.000Z,2026-09-21T23:11:05.000Z,80,7.16666666666667,8.66666666666667,0,0
2026-09-21T23:14:05.000Z,2026-09-21T23:15:05.000Z,60,3,4.33333333333333,0,0
2026-09-21T23:18:15.000Z,2026-09-21T23:19:45.000Z,90,3.16666666666667,4.16666666666667,0,0
2026-09-21T23:22:25.000Z,2026-09-21T23:23:45.000Z,80,2.66666666666667,4.16666666666667,0,0
2026-09-21T23:26:45.000Z,2026-09-21T23:28:15.000Z,90,3,4.33333333333333,0,0
2026-09-21T23:30:55.000Z,2026-09-21T23:32:25.000Z,90,2.66666666666667,4.16666666666667,0,0
2026-09-21T23:35:15.000Z,2026-09-21T23:36:55.000Z,100,2.83333333333333,4.33333333333333,0,0
2026-09-21T23:39:15.000Z,2026-09-21T23:40:55.000Z,100,2.33333333333333,4,0,0
2026-09-21T23:43:45.000Z,2026-09-21T23:45:25.000Z,100,2.83333333333333,4.5,0,0
2026-09-21T23:47:45.000Z,2026-09-21T23:49:35.000Z,110,2.33333333333333,4,0,0
2026-09-21T23:52:25.000Z,2026-09-21T23:54:05.000Z,100,2.83333333333333,4.66666666666667,0,0
2026-09-21T23:56:25.000Z,2026-09-21T23:58:05.000Z,100,2.33333333333333,4,0,0
2026-09-22T00:00:55.000Z,2026-09-22T00:02:35.000Z,100,2.83333333333333,4.5,0,0
2026-09-22T00:04:55.000Z,2026-09-22T00:06:45.000Z,110,2.33333333333333,4,0,0
2026-09-22T00:09:25.000Z,2026-09-22T00:11:15.000Z,110,2.66666666666667,4.5,0,0
2026-09-22T00:13:25.000Z,2026-09-22T00:15:15.000Z,110,2.16666666666667,4,0,0
2026-09-22T00:17:55.000Z,2026-09-22T00:19:45.000Z,110,2.66666666666667,4.5,0,0
2026-09-22T00:22:05.000Z,2026-09-22T00:23:45.000Z,100,2.33333333333333,4.16666666666667,0,0
2026-09-22T00:26:25.000Z,2026-09-22T00:28:15.000Z,110,2.66666666666667,4.33333333333333,0,0
2026-09-22T00:30:35.000Z,2026-09-22T00:32:15.000Z,100,2.33333333333333,4.16666666666667,0,0
2026-09-22T00:35:05.000Z,2026-09-22T00:36:55.000Z,110,2.83333333333333,4.5,0,0
2026-09-22T00:39:15.000Z,2026-09-22T00:40:55.000Z,100,2.33333333333333,4.16666666666667,0,0
2026-09-22T00:43:35.000Z,2026-09-22T00:45:25.000Z,110,2.66666666666667,4.33333333333333,0,0
2026-09-22T00:47:45.000Z,2026-09-22T00:49:25.000Z,100,2.33333333333333,4.16666666666667,0,0
2026-09-22T00:52:15.000Z,2026-09-22T00:53:55.000Z,100,2.83333333333333,4.5,0,0
2026-09-22T00:56:25.000Z,2026-09-22T00:57:55.000Z,90,2.5,4.16666666666667,0,0
2026-09-22T01:00:45.000Z,2026-09-22T01:02:25.000Z,100,2.83333333333333,4.33333333333333,0,0
2026-09-22T01:04:55.000Z,2026-09-22T01:06:25.000Z,90,2.5,4.16666666666667,0,0
2026-09-22T01:09:25.000Z,2026-09-22T01:10:45.000Z,80,3,4.5,0,0
2026-09-22T01:13:35.000Z,2026-09-22T01:14:55.000Z,80,2.83333333333333,4.16666666666667,0,0
2026-09-22T01:18:15.000Z,2026-09-22T01:19:05.000Z,50,3.33333333333333,4.66666666666667,0,0
2026-09-22T01:22:05.000Z,2026-09-22T01:23:35.000Z,90,3,3.83333333333333,0,0
2026-09-22T01:30:35.000Z,2026-09-22T01:32:05.000Z,90,7,8.5,0,0
2026-09-22T01:39:15.000Z,2026-09-22T01:40:35.000Z,80,7.16666666666667,8.66666666666667,0,0
2026-09-22T01:43:55.000Z,2026-09-22T01:44:15.000Z,20,3.33333333333333,4.66666666666667,0,0
2026-09-22T01:47:45.000Z,2026-09-22T01:49:15.000Z,90,3.5,3.83333333333333,0,0
2026-09-22T01:52:05.000Z,2026-09-22T01:53:05.000Z,60,2.83333333333333,4.33333333333333,0,0
2026-09-22T01:56:15.000Z,2026-09-22T01:57:45.000Z,90,3.16666666666667,4.16666666666667,0,0
2026-09-22T02:00:25.000Z,2026-09-22T02:01:55.000Z,90,2.66666666666667,4.16666666666667,0,0
2026-09-22T02:04:55.000Z,2026-09-22T02:06:25.000Z,90,3,4.5,0,0
2026-09-22T02:08:55.000Z,2026-09-22T02:10:25.000Z,90,2.5,4,0,0
2026-09-22T02:13:25.000Z,2026-09-22T02:14:55.000Z,90,3,4.5,0,0
2026-09-22T02:17:25.000Z,2026-09-22T02:19:05.000Z,100,2.5,4,0,0
2026-09-22T02:21:55.000Z,2026-09-22T02:23:35.000Z,100,2.83333333333333,4.5,0,0
2026-09-22T02:25:55.000Z,2026-09-22T02:27:35.000Z,100,2.33333333333333,4,0,0
2026-09-22T02:30:25.000Z,2026-09-22T02:32:05.000Z,100,2.83333333333333,4.5,0,0
2026-09-22T02:34:25.000Z,2026-09-22T02:36:15.000Z,110,2.33333333333333,4,0,0
2026-09-22T02:38:55.000Z,2026-09-22T02:40:45.000Z,110,2.66666666666667,4.5,0,0
2026-09-22T02:42:55.000Z,2026-09-22T02:44:45.000Z,110,2.16666666666667,4,0,0
2026-09-22T02:47:25.000Z,2026-09-22T02:49:15.000Z,110,2.66666666666667,4.5,0,0
2026-09-22T02:51:35.000Z,2026-09-22T02:53:15.000Z,100,2.33333333333333,4.16666666666667,0,0
2026-09-22T02:56:05.000Z,2026-09-22T02:57:45.000Z,100,2.83333333333333,4.5,0,0
2026-09-22T03:00:05.000Z,2026-09-22T03:01:55.000Z,110,2.33333333333333,4,0,0
2026-09-22T03:04:35.000Z,2026-09-22T03:06:25.000Z,110,2.66666666666667,4.5,0,0
2026-09-22T03:08:45.000Z,2026-09-22T03:10:25.000Z,100,2.33333333333333,4.16666666666667,0,0
2026-09-22T03:13:05.000Z,2026-09-22T03:14:55.000Z,110,2.66666666666667,4.33333333333333,0,0
2026-09-22T03:17:15.000Z,2026-09-22T03:18:55.000Z,100,2.33333333333333,4.16666666666667,0,0
2026-09-22T03:21:45.000Z,2026-09-22T03:23:25.000Z,100,2.83333333333333,4.5,0,0
2026-09-22T03:25:55.000Z,2026-09-22T03:27:25.000Z,90,2.5,4.16666666666667,0,0
2026-09-22T03:30:15.000Z,2026-09-22T03:31:55.000Z,100,2.83333333333333,4.33333333333333,0,0
2026-09-22T03:34:25.000Z,2026-09-22T03:35:55.000Z,90,2.5,4.16666666666667,0,0
2026-09-22T03:38:55.000Z,2026-09-22T03:40:25.000Z,90,3,4.5,0,0
2026-09-22T03:43:05.000Z,2026-09-22T03:44:35.000Z,90,2.66666666666667,4.16666666666667,0,0
2026-09-22T03:47:35.000Z,2026-09-22T03:48:55.000Z,80,3,4.5,0,0
2026-09-22T03:51:35.000Z,2026-09-22T03:53:05.000Z,90,2.66666666666667,4,0,0
2026-09-22T03:56:15.000Z,2026-09-22T03:57:15.000Z,60,3.16666666666667,4.66666666666667,0,0
2026-09-22T04:00:05.000Z,2026-09-22T04:01:35.000Z,90,2.83333333333333,3.83333333333333,0,0
2026-09-22T04:08:45.000Z,2026-09-22T04:10:05.000Z,80,7.16666666666667,8.66666666666667,0,0
2026-09-22T04:17:15.000Z,2026-09-22T04:18:45.000Z,90,7.16666666666667,8.5,0,0
2026-09-22T04:21:55.000Z,2026-09-22T04:22:25.000Z,30,3.16666666666667,4.66666666666667,0,0
2026-09-22T04:25:55.000Z,2026-09-22T04:27:15.000Z,80,3.5,4,0,0
2026-09-22T04:30:05.000Z,2026-09-22T04:31:15.000Z,70,2.83333333333333,4.16666666666667,0,0
2026-09-22T04:34:25.000Z,2026-09-22T04:35:55.000Z,90,3.16666666666667,4.33333333333333,0,0
2026-09-22T04:38:35.000Z,2026-09-22T04:39:55.000Z,80,2.66666666666667,4.16666666666667,0,0
2026-09-22T04:42:55.000Z,2026-09-22T04:44:25.000Z,90,3,4.33333333333333,0,0
2026-09-22T04:46:55.000Z,2026-09-22T04:48:35.000Z,100,2.5,4,0,0
2026-09-22T04:51:25.000Z,2026-09-22T04:53:05.000Z,100,2.83333333333333,4.5,0,0
2026-09-22T04:55:25.000Z,2026-09-22T04:57:15.000Z,110,2.33333333333333,4,0,0
2026-09-22T04:59:55.000Z,2026-09-22T05:01:35.000Z,100,2.66666666666667,4.5,0,0
2026-09-22T05:03:55.000Z,2026-09-22T05:05:45.000Z,110,2.33333333333333,4,0,0
2026-09-22T05:08:35.000Z,2026-09-22T05:10:15.000Z,100,2.83333333333333,4.66666666666667,0,0
2026-09-22T05:12:35.000Z,2026-09-22T05:14:15.000Z,100,2.33333333333333,4,0,0
2026-09-22T05:17:05.000Z,2026-09-22T05:18:45.000Z,100,2.83333333333333,4.5,0,0
2026-09-22T05:21:05.000Z,2026-09-22T05:22:55.000Z,110,2.33333333333333,4,0,0
2026-09-22T05:25:35.000Z,2026-09-22T05:27:25.000Z,110,2.66666666666667,4.5,0,0
2026-09-22T05:29:35.000Z,2026-09-22T05:31:25.000Z,110,2.16666666666667,4,0,0
2026-09-22T05:34:05.000Z,2026-09-22T05:35:55.000Z,110,2.66666666666667,4.5,0,0
2026-09-22T05:38:15.000Z,2026-09-22T05:39:55.000Z,100,2.33333333333333,4.16666666666667,0,0
2026-09-22T05:42:35.000Z,2026-09-22T05:44:25.000Z,110,2.66666666666667,4.33333333333333,0,0
2026-09-22T05:46:45.000Z,2026-09-22T05:48:25.000Z,100,2.33333333333333,4.16666666666667,0,0
2026-09-22T05:51:15.000Z,2026-09-22T05:53:05.000Z,110,2.83333333333333,4.5,0,0
2026-09-22T05:55:25.000Z,2026-09-22T05:57:05.000Z,100,2.33333333333333,4.16666666666667,0,0
2026-09-22T05:59:45.000Z,2026-09-22T06:01:35.000Z,110,2.66666666666667,4.33333333333333,0,0
2026-09-22T06:03:55.000Z,2026-09-22T06:05:35.000Z,100,2.33333333333333,4.16666666666667,0,0
2026-09-22T06:08:25.000Z,2026-09-22T06:10:05.000Z,100,2.83333333333333,4.5,0,0
2026-09-22T06:12:35.000Z,2026-09-22T06:14:05.000Z,90,2.5,4.16666666666667,0,0
2026-09-22T06:17:05.000Z,2026-09-22T06:18:25.000Z,80,3,4.5,0,0
2026-09-22T06:21:05.000Z,2026-09-22T06:22:35.000Z,90,2.66666666666667,4,0,0
2026-09-22T06:25:35.000Z,2026-09-22T06:26:55.000Z,80,3,4.5,0,0
2026-09-22T06:29:45.000Z,2026-09-22T06:31:05.000Z,80,2.83333333333333,4.16666666666667,0,0
2026-09-22T06:34:25.000Z,2026-09-22T06:35:15.000Z,50,3.33333333333333,4.66666666666667,0,0
2026-09-22T06:38:15.000Z,2026-09-22T06:39:45.000Z,90,3,3.83333333333333,0,0
2026-09-22T06:46:45.000Z,2026-09-22T06:48:15.000Z,90,7,8.5,0,0
2026-09-22T06:55:25.000Z,2026-09-22T06:56:45.000Z,80,7.16666666666667,8.66666666666667,0,0
2026-09-22T06:59:55.000Z,2026-09-22T07:00:35.000Z,40,3.16666666666667,4.5,0,0
2026-09-22T07:03:55.000Z,2026-09-22T07:05:25.000Z,90,3.33333333333333,4,0,0
2026-09-22T07:08:15.000Z,2026-09-22T07:09:25.000Z,70,2.83333333333333,4.33333333333333,0,0
2026-09-22T07:12:25.000Z,2026-09-22T07:13:55.000Z,90,3,4.16666666666667,0,0
2026-09-22T07:16:35.000Z,2026-09-22T07:18:05.000Z,90,2.66666666666667,4.16666666666667,0,0
2026-09-22T07:21:05.000Z,2026-09-22T07:22:35.000Z,90,3,4.5,0,0
2026-09-22T07:25:05.000Z,2026-09-22T07:26:45.000Z,100,2.5,4,0,0
2026-09-22T07:29:35.000Z,2026-09-22T07:31:05.000Z,90,2.83333333333333,4.5,0,0
2026-09-22T07:33:35.000Z,2026-09-22T07:35:15.000Z,100,2.5,4,0,0
2026-09-22T07:38:05.000Z,2026-09-22T07:39:45.000Z,100,2.83333333333333,4.5,0,0
2026-09-22T07:42:05.000Z,2026-09-22T07:43:55.000Z,110,2.33333333333333,4,0,0
2026-09-22T07:46:35.000Z,2026-09-22T07:48:15.000Z,100,2.66666666666667,4.5,0,0
2026-09-22T07:50:35.000Z,2026-09-22T07:52:25.000Z,110,2.33333333333333,4,0,0
2026-09-22T07:55:05.000Z,2026-09-22T07:56:55.000Z,110,2.66666666666667,4.5,0,0
2026-09-22T07:59:05.000Z,2026-09-22T08:00:55.000Z,110,2.16666666666667,4,0,0
2026-09-22T08:03:35.000Z,2026-09-22T08:05:25.000Z,110,2.66666666666667,4.5,0,0
2026-09-22T08:07:45.000Z,2026-09-22T08:09:25.000Z,100,2.33333333333333,4.16666666666667,0,0
2026-09-22T08:12:15.000Z,2026-09-22T08:13:55.000Z,100,2.83333333333333,4.5,0,0
2026-09-22T08:16:15.000Z,2026-09-22T08:18:05.000Z,110,2.33333333333333,4,0,0
2026-09-22T08:20:45.000Z,2026-09-22T08:22:35.000Z,110,2.66666666666667,4.5,0,0
2026-09-22T08:24:55.000Z,2026-09-22T08:26:35.000Z,100,2.33333333333333,4.16666666666667,0,0
2026-09-22T08:29:15.000Z,2026-09-22T08:31:05.000Z,110,2.66666666666667,4.33333333333333,0,0
2026-09-22T08:33:25.000Z,2026-09-22T08:35:05.000Z,100,2.33333333333333,4.16666666666667,0,0
2026-09-22T08:37:55.000Z,2026-09-22T08:39:35.000Z,100,2.83333333333333,4.5,0,0
2026-09-22T08:42:05.000Z,2026-09-22T08:43:35.000Z,90,2.5,4.16666666666667,0,0
2026-09-22T08:46:25.000Z,2026-09-22T08:48:05.000Z,100,2.83333333333333,4.33333333333333,0,0
2026-09-22T08:50:35.000Z,2026-09-22T08:52:05.000Z,90,2.5,4.16666666666667,0,0
2026-09-22T08:55:05.000Z,2026-09-22T08:56:35.000Z,90,3,4.5,0,0
2026-09-22T08:59:15.000Z,2026-09-22T09:00:45.000Z,90,2.66666666666667,4.16666666666667,0,0
2026-09-22T09:03:45.000Z,2026-09-22T09:04:55.000Z,70,3,4.5,0,0
2026-09-22T09:07:45.000Z,2026-09-22T09:09:15.000Z,90,2.83333333333333,4,0,0
2026-09-22T09:12:35.000Z,2026-09-22T09:13:15.000Z,40,3.33333333333333,4.83333333333333,0,0
2026-09-22T09:16:25.000Z,2026-09-22T09:17:45.000Z,80,3.16666666666667,3.83333333333333,0,0
2026-09-22T09:24:55.000Z,2026-09-22T09:26:25.000Z,90,7.16666666666667,8.5,0,0
2026-09-22T09:33:25.000Z,2026-09-22T09:34:55.000Z,90,7,8.5,0,0
2026-09-22T09:37:55.000Z,2026-09-22T09:38:45.000Z,50,3,4.5,0,0
2026-09-22T09:42:05.000Z,2026-09-22T09:43:25.000Z,80,3.33333333333333,4.16666666666667,0,0
2026-09-22T09:46:15.000Z,2026-09-22T09:47:25.000Z,70,2.83333333333333,4.16666666666667,0,0
2026-09-22T09:50:35.000Z,2026-09-22T09:52:05.000Z,90,3.16666666666667,4.33333333333333,0,0
2026-09-22T09:54:45.000Z,2026-09-22T09:56:05.000Z,80,2.66666666666667,4.16666666666667,0,0
2026-09-22T09:59:05.000Z,2026-09-22T10:00:35.000Z,90,3,4.33333333333333,0,0
2026-09-22T10:03:05.000Z,2026-09-22T10:04:45.000Z,100,2.5,4,0,0
2026-09-22T10:07:35.000Z,2026-09-22T10:09:15.000Z,100,2.83333333333333,4.5,0,0
2026-09-22T10:11:35.000Z,2026-09-22T10:13:25.000Z,110,2.33333333333333,4,0,0
2026-09-22T10:16:05.000Z,2026-09-22T10:17:45.000Z,100,2.66666666666667,4.5,0,0
2026-09-22T10:20:05.000Z,2026-09-22T10:21:55.000Z,110,2.33333333333333,4,0,0
2026-09-22T10:24:45.000Z,2026-09-22T10:26:25.000Z,100,2.83333333333333,4.66666666666667,0,0
2026-09-22T10:28:45.000Z,2026-09-22T10:30:25.000Z,100,2.33333333333333,4,0,0
2026-09-22T10:33:15.000Z,2026-09-22T10:34:55.000Z,100,2.83333333333333,4.5,0,0
2026-09-22T10:37:15.000Z,2026-09-22T10:39:05.000Z,110,2.33333333333333,4,0,0
2026-09-22T10:41:45.000Z,2026-09-22T10:43:35.000Z,110,2.66666666666667,4.5,0,0
2026-09-22T10:45:45.000Z,2026-09-22T10:47:35.000Z,110,2.16666666666667,4,0,0
2026-09-22T10:50:15.000Z,2026-09-22T10:52:05.000Z,110,2.66666666666667,4.5,0,0
2026-09-22T10:54:25.000Z,2026-09-22T10:56:05.000Z,100,2.33333333333333,4.16666666666667,0,0
2026-09-22T10:58:55.000Z,2026-09-22T11:00:35.000Z,100,2.83333333333333,4.5,0,0
2026-09-22T11:02:55.000Z,2026-09-22T11:04:35.000Z,100,2.33333333333333,4,0,0
2026-09-22T11:07:25.000Z,2026-09-22T11:09:05.000Z,100,2.83333333333333,4.5,0,0
2026-09-22T11:11:35.000Z,2026-09-22T11:13:05.000Z,90,2.5,4.16666666666667,0,0
2026-09-22T11:15:55.000Z,2026-09-22T11:17:45.000Z,110,2.83333333333333,4.33333333333333,0,0
2026-09-22T11:20:05.000Z,2026-09-22T11:21:45.000Z,100,2.33333333333333,4.16666666666667,0,0
2026-09-22T11:24:35.000Z,2026-09-22T11:26:05.000Z,90,2.83333333333333,4.5,0,0
2026-09-22T11:28:45.000Z,2026-09-22T11:30:15.000Z,90,2.66666666666667,4.16666666666667,0,0
2026-09-22T11:33:15.000Z,2026-09-22T11:34:35.000Z,80,3,4.5,0,0
2026-09-22T11:37:15.000Z,2026-09-22T11:38:45.000Z,90,2.66666666666667,4,0,0
2026-09-22T11:41:55.000Z,2026-09-22T11:43:05.000Z,70,3.16666666666667,4.66666666666667,0,0
2026-09-22T11:45:55.000Z,2026-09-22T11:47:15.000Z,80,2.83333333333333,4,0,0
2026-09-22T11:50:45.000Z,2026-09-22T11:51:15.000Z,30,3.5,4.83333333333333,0,0
2026-09-22T11:54:25.000Z,2026-09-22T11:55:55.000Z,90,3.16666666666667,3.66666666666667,0,0
2026-09-22T12:02:55.000Z,2026-09-22T12:04:25.000Z,90,7,8.5,0,0
2026-09-22T12:11:35.000Z,2026-09-22T12:12:55.000Z,80,7.16666666666667,8.66666666666667,0,0
2026-09-22T12:15:55.000Z,2026-09-22T12:16:55.000Z,60,3,4.33333333333333,0,0
2026-09-22T12:20:05.000Z,2026-09-22T12:21:35.000Z,90,3.16666666666667,4.16666666666667,0,0
2026-09-22T12:24:15.000Z,2026-09-22T12:25:35.000Z,80,2.66666666666667,4.16666666666667,0,0
2026-09-22T12:28:35.000Z,2026-09-22T12:30:05.000Z,90,3,4.33333333333333,0,0
2026-09-22T12:32:45.000Z,2026-09-22T12:34:15.000Z,90,2.66666666666667,4.16666666666667,0,0
2026-09-22T12:37:05.000Z,2026-09-22T12:38:45.000Z,100,2.83333333333333,4.33333333333333,0,0
2026-09-22T12:41:15.000Z,2026-09-22T12:42:55.000Z,100,2.5,4.16666666666667,0,0
2026-09-22T12:45:45.000Z,2026-09-22T12:47:15.000Z,90,2.83333333333333,4.5,0,0
2026-09-22T12:49:45.000Z,2026-09-22T12:51:25.000Z,100,2.5,4,0,0
2026-09-22T12:54:15.000Z,2026-09-22T12:55:55.000Z,100,2.83333333333333,4.5,0,0
2026-09-22T12:58:15.000Z,2026-09-22T13:00:05.000Z,110,2.33333333333333,4,0,0
2026-09-22T13:02:45.000Z,2026-09-22T13:04:25.000Z,100,2.66666666666667,4.5,0,0
2026-09-22T13:06:45.000Z,2026-09-22T13:08:35.000Z,110,2.33333333333333,4,0,0
2026-09-22T13:11:15.000Z,2026-09-22T13:13:05.000Z,110,2.66666666666667,4.5,0,0
2026-09-22T13:15:15.000Z,2026-09-22T13:17:05.000Z,110,2.16666666666667,4,0,0
2026-09-22T13:19:45.000Z,2026-09-22T13:21:35.000Z,110,2.66666666666667,4.5,0,0
2026-09-22T13:23:55.000Z,2026-09-22T13:25:35.000Z,100,2.33333333333333,4.16666666666667,0,0
2026-09-22T13:28:25.000Z,2026-09-22T13:30:15.000Z,110,2.83333333333333,4.5,0,0
2026-09-22T13:32:25.000Z,2026-09-22T13:34:15.000Z,110,2.16666666666667,4,0,0
2026-09-22T13:36:55.000Z,2026-09-22T13:38:45.000Z,110,2.66666666666667,4.5,0,0
2026-09-22T13:41:05.000Z,2026-09-22T13:42:45.000Z,100,2.33333333333333,4.16666666666667,0,0
2026-09-22T13:45:25.000Z,2026-09-22T13:47:15.000Z,110,2.66666666666667,4.33333333333333,0,0
2026-09-22T13:49:35.000Z,2026-09-22T13:51:15.000Z,100,2.33333333333333,4.16666666666667,0,0
2026-09-22T13:54:05.000Z,2026-09-22T13:55:45.000Z,100,2.83333333333333,4.5,0,0
2026-09-22T13:58:15.000Z,2026-09-22T13:59:45.000Z,90,2.5,4.16666666666667,0,0
2026-09-22T14:02:35.000Z,2026-09-22T14:04:15.000Z,100,2.83333333333333,4.33333333333333,0,0
2026-09-22T14:06:45.000Z,2026-09-22T14:08:15.000Z,90,2.5,4.16666666666667,0,0
2026-09-22T14:11:15.000Z,2026-09-22T14:12:45.000Z,90,3,4.5,0,0
2026-09-22T14:15:25.000Z,2026-09-22T14:16:55.000Z,90,2.66666666666667,4.16666666666667,0,0
2026-09-22T14:19:55.000Z,2026-09-22T14:21:05.000Z,70,3,4.5,0,0
2026-09-22T14:23:55.000Z,2026-09-22T14:25:25.000Z,90,2.83333333333333,4,0,0
2026-09-22T14:28:55.000Z,2026-09-22T14:29:15.000Z,20,3.5,5,0,0
2026-09-22T14:32:35.000Z,2026-09-22T14:33:55.000Z,80,3.33333333333333,3.66666666666667,0,0
2026-09-22T14:41:05.000Z,2026-09-22T14:42:35.000Z,90,7.16666666666667,8.5,0,0
2026-09-22T14:49:35.000Z,2026-09-22T14:51:05.000Z,90,7,8.5,0,0
2026-09-22T14:54:05.000Z,2026-09-22T14:54:55.000Z,50,3,4.5,0,0
2026-09-22T14:58:15.000Z,2026-09-22T14:59:35.000Z,80,3.33333333333333,4.16666666666667,0,0
2026-09-22T15:02:25.000Z,2026-09-22T15:03:45.000Z,80,2.83333333333333,4.16666666666667,0,0
2026-09-22T15:06:45.000Z,2026-09-22T15:08:15.000Z,90,3,4.33333333333333,0,0
2026-09-22T15:10:45.000Z,2026-09-22T15:12:25.000Z,100,2.5,4,0,0
2026-09-22T15:15:15.000Z,2026-09-22T15:16:45.000Z,90,2.83333333333333,4.5,0,0
2026-09-22T15:19:15.000Z,2026-09-22T15:20:55.000Z,100,2.5,4,0,0
2026-09-22T15:23:45.000Z,2026-09-22T15:25:25.000Z,100,2.83333333333333,4.5,0,0
2026-09-22T15:27:45.000Z,2026-09-22T15:29:35.000Z,110,2.33333333333333,4,0,0
2026-09-22T15:32:15.000Z,2026-09-22T15:33:55.000Z,100,2.66666666666667,4.5,0,0
2026-09-22T15:36:15.000Z,2026-09-22T15:38:05.000Z,110,2.33333333333333,4,0,0
2026-09-22T15:40:55.000Z,2026-09-22T15:42:35.000Z,100,2.83333333333333,4.66666666666667,0,0
2026-09-22T15:44:55.000Z,2026-09-22T15:46:35.000Z,100,2.33333333333333,4,0,0
2026-09-22T15:49:25.000Z,2026-09-22T15:51:05.000Z,100,2.83333333333333,4.5,0,0
2026-09-22T15:53:25.000Z,2026-09-22T15:55:15.000Z,110,2.33333333333333,4,0,0
2026-09-22T15:57:55.000Z,2026-09-22T15:59:45.000Z,110,2.66666666666667,4.5,0,0
2026-09-22T16:01:55.000Z,2026-09-22T16:03:45.000Z,110,2.16666666666667,4,0,0
2026-09-22T16:06:25.000Z,2026-09-22T16:08:15.000Z,110,2.66666666666667,4.5,0,0
2026-09-22T16:10:35.000Z,2026-09-22T16:12:15.000Z,100,2.33333333333333,4.16666666666667,0,0
2026-09-22T16:15:05.000Z,2026-09-22T16:16:45.000Z,100,2.83333333333333,4.5,0,0
2026-09-22T16:19:05.000Z,2026-09-22T16:20:45.000Z,100,2.33333333333333,4,0,0
2026-09-22T16:23:35.000Z,2026-09-22T16:25:15.000Z,100,2.83333333333333,4.5,0,0
2026-09-22T16:27:45.000Z,2026-09-22T16:29:15.000Z,90,2.5,4.16666666666667,0,0
2026-09-22T16:32:05.000Z,2026-09-22T16:33:45.000Z,100,2.83333333333333,4.33333333333333,0,0
2026-09-22T16:36:15.000Z,2026-09-22T16:37:55.000Z,100,2.5,4.16666666666667,0,0
2026-09-22T16:40:45.000Z,2026-09-22T16:42:15.000Z,90,2.83333333333333,4.5,0,0
2026-09-22T16:44:55.000Z,2026-09-22T16:46:25.000Z,90,2.66666666666667,4.16666666666667,0,0
2026-09-22T16:49:25.000Z,2026-09-22T16:50:45.000Z,80,3,4.5,0,0
2026-09-22T16:53:25.000Z,2026-09-22T16:54:55.000Z,90,2.66666666666667,4,0,0
2026-09-22T16:58:05.000Z,2026-09-22T16:59:05.000Z,60,3.16666666666667,4.66666666666667,0,0
2026-09-22T17:02:05.000Z,2026-09-22T17:03:25.000Z,80,3,4,0,0
2026-09-22T17:10:35.000Z,2026-09-22T17:12:05.000Z,90,7.16666666666667,8.5,0,0
2026-09-22T17:19:05.000Z,2026-09-22T17:20:35.000Z,90,7,8.5,0,0
2026-09-22T17:23:55.000Z,2026-09-22T17:24:05.000Z,10,3.33333333333333,4.83333333333333,0,0
2026-09-22T17:27:45.000Z,2026-09-22T17:29:05.000Z,80,3.66666666666667,3.83333333333333,0,0
2026-09-22T17:32:05.000Z,2026-09-22T17:33:05.000Z,60,3,4.33333333333333,0,0
2026-09-22T17:36:15.000Z,2026-09-22T17:37:45.000Z,90,3.16666666666667,4.16666666666667,0,0
2026-09-22T17:40:25.000Z,2026-09-22T17:41:45.000Z,80,2.66666666666667,4.16666666666667,0,0
2026-09-22T17:44:45.000Z,2026-09-22T17:46:15.000Z,90,3,4.33333333333333,0,0
2026-09-22T17:48:55.000Z,2026-09-22T17:50:25.000Z,90,2.66666666666667,4.16666666666667,0,0
2026-09-22T17:53:15.000Z,2026-09-22T17:54:55.000Z,100,2.83333333333333,4.33333333333333,0,0
2026-09-22T17:57:25.000Z,2026-09-22T17:59:05.000Z,100,2.5,4.16666666666667,0,0
2026-09-22T18:01:55.000Z,2026-09-22T18:03:25.000Z,90,2.83333333333333,4.5,0,0
2026-09-22T18:05:55.000Z,2026-09-22T18:07:35.000Z,100,2.5,4,0,0
2026-09-22T18:10:25.000Z,2026-09-22T18:12:05.000Z,100,2.83333333333333,4.5,0,0
2026-09-22T18:14:25.000Z,2026-09-22T18:16:15.000Z,110,2.33333333333333,4,0,0
2026-09-22T18:18:55.000Z,2026-09-22T18:20:35.000Z,100,2.66666666666667,4.5,0,0
2026-09-22T18:22:55.000Z,2026-09-22T18:24:45.000Z,110,2.33333333333333,4,0,0
2026-09-22T18:27:25.000Z,2026-09-22T18:29:15.000Z,110,2.66666666666667,4.5,0,0
2026-09-22T18:31:25.000Z,2026-09-22T18:33:15.000Z,110,2.16666666666667,4,0,0
2026-09-22T18:35:55.000Z,2026-09-22T18:37:45.000Z,110,2.66666666666667,4.5,0,0
2026-09-22T18:40:05.000Z,2026-09-22T18:41:45.000Z,100,2.33333333333333,4.16666666666667,0,0
2026-09-22T18:44:35.000Z,2026-09-22T18:46:25.000Z,110,2.83333333333333,4.5,0,0
2026-09-22T18:48:35.000Z,2026-09-22T18:50:25.000Z,110,2.16666666666667,4,0,0
2026-09-22T18:53:05.000Z,2026-09-22T18:54:55.000Z,110,2.66666666666667,4.5,0,0
2026-09-22T18:57:15.000Z,2026-09-22T18:58:55.000Z,100,2.33333333333333,4.16666666666667,0,0
2026-09-22T19:01:35.000Z,2026-09-22T19:03:25.000Z,110,2.66666666666667,4.33333333333333,0,0
2026-09-22T19:05:45.000Z,2026-09-22T19:07:25.000Z,100,2.33333333333333,4.16666666666667,0,0
2026-09-22T19:10:15.000Z,2026-09-22T19:11:55.000Z,100,2.83333333333333,4.5,0,0
2026-09-22T19:14:25.000Z,2026-09-22T19:15:55.000Z,90,2.5,4.16666666666667,0,0
2026-09-22T19:18:55.000Z,2026-09-22T19:20:25.000Z,90,3,4.5,0,0
2026-09-22T19:22:55.000Z,2026-09-22T19:24:25.000Z,90,2.5,4,0,0
2026-09-22T19:27:35.000Z,2026-09-22T19:28:45.000Z,70,3.16666666666667,4.66666666666667,0,0
2026-09-22T19:31:35.000Z,2026-09-22T19:33:05.000Z,90,2.83333333333333,4,0,0
2026-09-22T19:36:15.000Z,2026-09-22T19:37:05.000Z,50,3.16666666666667,4.66666666666667,0,0
2026-09-22T19:40:05.000Z,2026-09-22T19:41:35.000Z,90,3,3.83333333333333,0,0
2026-09-22T19:48:45.000Z,2026-09-22T19:50:05.000Z,80,7.16666666666667,8.66666666666667,0,0
2026-09-22T19:57:15.000Z,2026-09-22T19:58:45.000Z,90,7.16666666666667,8.5,0,0
2026-09-22T20:01:55.000Z,2026-09-22T20:02:25.000Z,30,3.16666666666667,4.66666666666667,0,0
2026-09-22T20:05:45.000Z,2026-09-22T20:07:15.000Z,90,3.33333333333333,3.83333333333333,0,0
2026-09-22T20:10:05.000Z,2026-09-22T20:11:15.000Z,70,2.83333333333333,4.33333333333333,0,0
2026-09-22T20:14:25.000Z,2026-09-22T20:15:45.000Z,80,3.16666666666667,4.33333333333333,0,0
2026-09-22T20:18:35.000Z,2026-09-22T20:19:55.000Z,80,2.83333333333333,4.16666666666667,0,0
2026-09-22T20:22:55.000Z,2026-09-22T20:24:25.000Z,90,3,4.33333333333333,0,0
2026-09-22T20:26:55.000Z,2026-09-22T20:28:35.000Z,100,2.5,4,0,0
2026-09-22T20:31:25.000Z,2026-09-22T20:32:55.000Z,90,2.83333333333333,4.5,0,0
2026-09-22T20:35:25.000Z,2026-09-22T20:37:05.000Z,100,2.5,4,0,0
2026-09-22T20:39:55.000Z,2026-09-22T20:41:35.000Z,100,2.83333333333333,4.5,0,0
2026-09-22T20:43:55.000Z,2026-09-22T20:45:45.000Z,110,2.33333333333333,4,0,0
2026-09-22T20:48:25.000Z,2026-09-22T20:50:05.000Z,100,2.66666666666667,4.5,0,0
2026-09-22T20:52:25.000Z,2026-09-22T20:54:15.000Z,110,2.33333333333333,4,0,0
2026-09-22T20:57:05.000Z,2026-09-22T20:58:45.000Z,100,2.83333333333333,4.66666666666667,0,0
2026-09-22T21:01:05.000Z,2026-09-22T21:02:45.000Z,100,2.33333333333333,4,0,0
2026-09-22T21:05:35.000Z,2026-09-22T21:07:15.000Z,100,2.83333333333333,4.5,0,0
2026-09-22T21:09:35.000Z,2026-09-22T21:11:25.000Z,110,2.33333333333333,4,0,0
2026-09-22T21:14:05.000Z,2026-09-22T21:15:55.000Z,110,2.66666666666667,4.5,0,0
2026-09-22T21:18:05.000Z,2026-09-22T21:19:55.000Z,110,2.16666666666667,4,0,0
2026-09-22T21:22:35.000Z,2026-09-22T21:24:25.000Z,110,2.66666666666667,4.5,0,0
2026-09-22T21:26:45.000Z,2026-09-22T21:28:25.000Z,100,2.33333333333333,4.16666666666667,0,0
2026-09-22T21:31:15.000Z,2026-09-22T21:32:55.000Z,100,2.83333333333333,4.5,0,0
2026-09-22T21:35:15.000Z,2026-09-22T21:36:55.000Z,100,2.33333333333333,4,0,0
2026-09-22T21:39:45.000Z,2026-09-22T21:41:25.000Z,100,2.83333333333333,4.5,0,0
2026-09-22T21:43:55.000Z,2026-09-22T21:45:25.000Z,90,2.5,4.16666666666667,0,0
2026-09-22T21:48:25.000Z,2026-09-22T21:49:55.000Z,90,3,4.5,0,0
2026-09-22T21:52:25.000Z,2026-09-22T21:54:05.000Z,100,2.5,4,0,0
2026-09-22T21:56:55.000Z,2026-09-22T21:58:25.000Z,90,2.83333333333333,4.5,0,0
2026-09-22T22:01:05.000Z,2026-09-22T22:02:35.000Z,90,2.66666666666667,4.16666666666667,0,0
2026-09-22T22:05:35.000Z,2026-09-22T22:06:55.000Z,80,3,4.5,0,0
2026-09-22T22:09:35.000Z,2026-09-22T22:11:05.000Z,90,2.66666666666667,4,0,0
2026-09-22T22:14:25.000Z,2026-09-22T22:15:15.000Z,50,3.33333333333333,4.83333333333333,0,0
2026-09-22T22:18:15.000Z,2026-09-22T22:19:35.000Z,80,3,3.83333333333333,0,0
2026-09-22T22:26:45.000Z,2026-09-22T22:28:15.000Z,90,7.16666666666667,8.5,0,0
2026-09-22T22:35:15.000Z,2026-09-22T22:36:45.000Z,90,7,8.5,0,0
2026-09-22T22:39:55.000Z,2026-09-22T22:40:35.000Z,40,3.16666666666667,4.66666666666667,0,0
2026-09-22T22:43:55.000Z,2026-09-22T22:45:25.000Z,90,3.33333333333333,4,0,0
2026-09-22T22:48:15.000Z,2026-09-22T22:49:15.000Z,60,2.83333333333333,4.33333333333333,0,0
2026-09-22T22:52:25.000Z,2026-09-22T22:53:55.000Z,90,3.16666666666667,4.16666666666667,0,0
2026-09-22T22:56:35.000Z,2026-09-22T22:57:55.000Z,80,2.66666666666667,4.16666666666667,0,0
2026-09-22T23:00:55.000Z,2026-09-22T23:02:25.000Z,90,3,4.33333333333333,0,0
2026-09-22T23:05:05.000Z,2026-09-22T23:06:35.000Z,90,2.66666666666667,4.16666666666667,0,0
2026-09-22T23:09:25.000Z,2026-09-22T23:11:05.000Z,100,2.83333333333333,4.33333333333333,0,0
2026-09-22T23:13:35.000Z,2026-09-22T23:15:15.000Z,100,2.5,4.16666666666667,0,0
2026-09-22T23:18:05.000Z,2026-09-22T23:19:35.000Z,90,2.83333333333333,4.5,0,0
2026-09-22T23:22:05.000Z,2026-09-22T23:23:45.000Z,100,2.5,4,0,0
2026-09-22T23:26:35.000Z,2026-09-22T23:28:15.000Z,100,2.83333333333333,4.5,0,0
2026-09-22T23:30:35.000Z,2026-09-22T23:32:25.000Z,110,2.33333333333333,4,0,0
2026-09-22T23:35:05.000Z,2026-09-22T23:36:45.000Z,100,2.66666666666667,4.5,0,0
2026-09-22T23:39:05.000Z,2026-09-22T23:40:55.000Z,110,2.33333333333333,4,0,0
2026-09-22T23:43:35.000Z,2026-09-22T23:45:25.000Z,110,2.66666666666667,4.5,0,0
2026-09-22T23:47:35.000Z,2026-09-22T23:49:25.000Z,110,2.16666666666667,4,0,0
2026-09-22T23:52:05.000Z,2026-09-22T23:53:55.000Z,110,2.66666666666667,4.5,0,0
2026-09-22T23:56:15.000Z,2026-09-22T23:57:55.000Z,100,2.33333333333333,4.16666666666667,0,0
2026-09-23T00:00:45.000Z,2026-09-23T00:02:35.000Z,110,2.83333333333333,4.5,0,0
2026-09-23T00:04:45.000Z,2026-09-23T00:06:35.000Z,110,2.16666666666667,4,0,0
2026-09-23T00:09:15.000Z,2026-09-23T00:11:05.000Z,110,2.66666666666667,4.5,0,0
2026-09-23T00:13:25.000Z,2026-09-23T00:15:05.000Z,100,2.33333333333333,4.16666666666667,0,0
2026-09-23T00:17:55.000Z,2026-09-23T00:19:35.000Z,100,2.83333333333333,4.5,0,0
2026-09-23T00:21:55.000Z,2026-09-23T00:23:35.000Z,100,2.33333333333333,4,0,0
2026-09-23T00:26:25.000Z,2026-09-23T00:28:05.000Z,100,2.83333333333333,4.5,0,0
2026-09-23T00:30:35.000Z,2026-09-23T00:32:05.000Z,90,2.5,4.16666666666667,0,0
2026-09-23T00:35:05.000Z,2026-09-23T00:36:35.000Z,90,3,4.5,0,0
2026-09-23T00:39:05.000Z,2026-09-23T00:40:35.000Z,90,2.5,4,0,0
2026-09-23T00:43:45.000Z,2026-09-23T00:44:55.000Z,70,3.16666666666667,4.66666666666667,0,0
2026-09-23T00:47:45.000Z,2026-09-23T00:49:15.000Z,90,2.83333333333333,4,0,0
2026-09-23T00:52:25.000Z,2026-09-23T00:53:15.000Z,50,3.16666666666667,4.66666666666667,0,0
2026-09-23T00:56:15.000Z,2026-09-23T00:57:45.000Z,90,3,3.83333333333333,0,0
2026-09-23T01:04:55.000Z,2026-09-23T01:06:15.000Z,80,7.16666666666667,8.66666666666667,0,0
2026-09-23T01:13:25.000Z,2026-09-23T01:14:55.000Z,90,7.16666666666667,8.5,0,0
2026-09-23T01:17:55.000Z,2026-09-23T01:18:35.000Z,40,3,4.5,0,0
2026-09-23T01:21:55.000Z,2026-09-23T01:23:25.000Z,90,3.33333333333333,4,0,0
2026-09-23T01:26:15.000Z,2026-09-23T01:27:25.000Z,70,2.83333333333333,4.33333333333333,0,0
2026-09-23T01:30:35.000Z,2026-09-23T01:32:05.000Z,90,3.16666666666667,4.33333333333333,0,0
2026-09-23T01:34:35.000Z,2026-09-23T01:36:05.000Z,90,2.5,4,0,0
2026-09-23T01:39:05.000Z,2026-09-23T01:40:35.000Z,90,3,4.5,0,0
2026-09-23T01:43:05.000Z,2026-09-23T01:44:45.000Z,100,2.5,4,0,0
2026-09-23T01:47:35.000Z,2026-09-23T01:49:15.000Z,100,2.83333333333333,4.5,0,0
2026-09-23T01:51:35.000Z,2026-09-23T01:53:15.000Z,100,2.33333333333333,4,0,0
2026-09-23T01:56:05.000Z,2026-09-23T01:57:45.000Z,100,2.83333333333333,4.5,0,0
2026-09-23T02:00:05.000Z,2026-09-23T02:01:55.000Z,110,2.33333333333333,4,0,0
2026-09-23T02:04:35.000Z,2026-09-23T02:06:25.000Z,110,2.66666666666667,4.5,0,0
2026-09-23T02:08:35.000Z,2026-09-23T02:10:25.000Z,110,2.16666666666667,4,0,0
2026-09-23T02:13:05.000Z,2026-09-23T02:14:55.000Z,110,2.66666666666667,4.5,0,0
2026-09-23T02:17:15.000Z,2026-09-23T02:18:55.000Z,100,2.33333333333333,4.16666666666667,0,0
2026-09-23T02:21:45.000Z,2026-09-23T02:23:25.000Z,100,2.83333333333333,4.5,0,0
2026-09-23T02:25:45.000Z,2026-09-23T02:27:35.000Z,110,2.33333333333333,4,0,0
2026-09-23T02:30:15.000Z,2026-09-23T02:32:05.000Z,110,2.66666666666667,4.5,0,0
2026-09-23T02:34:15.000Z,2026-09-23T02:36:05.000Z,110,2.16666666666667,4,0,0
2026-09-23T02:38:45.000Z,2026-09-23T02:40:35.000Z,110,2.66666666666667,4.5,0,0
2026-09-23T02:42:55.000Z,2026-09-23T02:44:35.000Z,100,2.33333333333333,4.16666666666667,0,0
2026-09-23T02:47:25.000Z,2026-09-23T02:49:05.000Z,100,2.83333333333333,4.5,0,0
2026-09-23T02:51:25.000Z,2026-09-23T02:53:05.000Z,100,2.33333333333333,4,0,0
2026-09-23T02:55:55.000Z,2026-09-23T02:57:35.000Z,100,2.83333333333333,4.5,0,0
2026-09-23T03:00:05.000Z,2026-09-23T03:01:35.000Z,90,2.5,4.16666666666667,0,0
2026-09-23T03:04:35.000Z,2026-09-23T03:06:05.000Z,90,3,4.5,0,0
2026-09-23T03:08:35.000Z,2026-09-23T03:10:15.000Z,100,2.5,4,0,0
2026-09-23T03:13:05.000Z,2026-09-23T03:14:35.000Z,90,2.83333333333333,4.5,0,0
2026-09-23T03:17:15.000Z,2026-09-23T03:18:45.000Z,90,2.66666666666667,4.16666666666667,0,0
2026-09-23T03:21:45.000Z,2026-09-23T03:22:55.000Z,70,3,4.5,0,0
2026-09-23T03:25:45.000Z,2026-09-23T03:27:15.000Z,90,2.83333333333333,4,0,0
2026-09-23T03:30:35.000Z,2026-09-23T03:31:15.000Z,40,3.33333333333333,4.83333333333333,0,0
2026-09-23T03:34:25.000Z,2026-09-23T03:35:45.000Z,80,3.16666666666667,3.83333333333333,0,0
2026-09-23T03:42:55.000Z,2026-09-23T03:44:25.000Z,90,7.16666666666667,8.5,0,0
2026-09-23T03:51:25.000Z,2026-09-23T03:52:55.000Z,90,7,8.5,0,0
2026-09-23T03:55:55.000Z,2026-09-23T03:56:45.000Z,50,3,4.5,0,0
2026-09-23T04:00:05.000Z,2026-09-23T04:01:35.000Z,90,3.33333333333333,4.16666666666667,0,0
2026-09-23T04:04:15.000Z,2026-09-23T04:05:35.000Z,80,2.66666666666667,4.16666666666667,0,0
2026-09-23T04:08:35.000Z,2026-09-23T04:10:05.000Z,90,3,4.33333333333333,0,0
2026-09-23T04:12:45.000Z,2026-09-23T04:14:15.000Z,90,2.66666666666667,4.16666666666667,0,0
2026-09-23T04:17:05.000Z,2026-09-23T04:18:45.000Z,100,2.83333333333333,4.33333333333333,0,0
2026-09-23T04:21:15.000Z,2026-09-23T04:22:45.000Z,90,2.5,4.16666666666667,0,0
2026-09-23T04:25:35.000Z,2026-09-23T04:27:15.000Z,100,2.83333333333333,4.33333333333333,0,0
2026-09-23T04:29:35.000Z,2026-09-23T04:31:25.000Z,110,2.33333333333333,4,0,0
2026-09-23T04:34:15.000Z,2026-09-23T04:35:55.000Z,100,2.83333333333333,4.66666666666667,0,0
2026-09-23T04:38:15.000Z,2026-09-23T04:39:55.000Z,100,2.33333333333333,4,0,0
2026-09-23T04:42:45.000Z,2026-09-23T04:44:25.000Z,100,2.83333333333333,4.5,0,0
2026-09-23T04:46:45.000Z,2026-09-23T04:48:35.000Z,110,2.33333333333333,4,0,0
2026-09-23T04:51:15.000Z,2026-09-23T04:52:55.000Z,100,2.66666666666667,4.5,0,0
2026-09-23T04:55:15.000Z,2026-09-23T04:57:05.000Z,110,2.33333333333333,4,0,0
2026-09-23T04:59:45.000Z,2026-09-23T05:01:35.000Z,110,2.66666666666667,4.5,0,0
2026-09-23T05:03:55.000Z,2026-09-23T05:05:35.000Z,100,2.33333333333333,4.16666666666667,0,0
2026-09-23T05:08:15.000Z,2026-09-23T05:10:05.000Z,110,2.66666666666667,4.33333333333333,0,0
2026-09-23T05:12:25.000Z,2026-09-23T05:14:05.000Z,100,2.33333333333333,4.16666666666667,0,0
2026-09-23T05:16:55.000Z,2026-09-23T05:18:45.000Z,110,2.83333333333333,4.5,0,0
2026-09-23T05:20:55.000Z,2026-09-23T05:22:45.000Z,110,2.16666666666667,4,0,0
2026-09-23T05:25:25.000Z,2026-09-23T05:27:15.000Z,110,2.66666666666667,4.5,0,0
2026-09-23T05:29:35.000Z,2026-09-23T05:31:15.000Z,100,2.33333333333333,4.16666666666667,0,0
2026-09-23T05:34:05.000Z,2026-09-23T05:35:45.000Z,100,2.83333333333333,4.5,0,0
2026-09-23T05:38:05.000Z,2026-09-23T05:39:45.000Z,100,2.33333333333333,4,0,0
2026-09-23T05:42:35.000Z,2026-09-23T05:44:15.000Z,100,2.83333333333333,4.5,0,0
2026-09-23T05:46:45.000Z,2026-09-23T05:48:15.000Z,90,2.5,4.16666666666667,0,0
2026-09-23T05:51:15.000Z,2026-09-23T05:52:35.000Z,80,3,4.5,0,0
2026-09-23T05:55:15.000Z,2026-09-23T05:56:45.000Z,90,2.66666666666667,4,0,0
2026-09-23T05:59:55.000Z,2026-09-23T06:01:05.000Z,70,3.16666666666667,4.66666666666667,0,0
2026-09-23T06:03:55.000Z,2026-09-23T06:05:25.000Z,90,2.83333333333333,4,0,0
2026-09-23T06:08:45.000Z,2026-09-23T06:09:15.000Z,30,3.33333333333333,4.83333333333333,0,0
2026-09-23T06:12:25.000Z,2026-09-23T06:13:55.000Z,90,3.16666666666667,3.66666666666667,0,0
2026-09-23T06:21:05.000Z,2026-09-23T06:22:25.000Z,80,7.16666666666667,8.66666666666667,0,0
2026-09-23T06:29:35.000Z,2026-09-23T06:31:05.000Z,90,7.16666666666667,8.5,0,0
2026-09-23T06:33:55.000Z,2026-09-23T06:34:55.000Z,60,2.83333333333333,4.33333333333333,0,0
2026-09-23T06:38:05.000Z,2026-09-23T06:39:35.000Z,90,3.16666666666667,4.16666666666667,0,0
2026-09-23T06:42:25.000Z,2026-09-23T06:43:35.000Z,70,2.83333333333333,4.33333333333333,0,0
2026-09-23T06:46:45.000Z,2026-09-23T06:48:15.000Z,90,3.16666666666667,4.33333333333333,0,0
2026-09-23T06:50:45.000Z,2026-09-23T06:52:15.000Z,90,2.5,4,0,0
2026-09-23T06:55:15.000Z,2026-09-23T06:56:45.000Z,90,3,4.5,0,0
2026-09-23T06:59:15.000Z,2026-09-23T07:00:55.000Z,100,2.5,4,0,0
2026-09-23T07:03:45.000Z,2026-09-23T07:05:25.000Z,100,2.83333333333333,4.5,0,0
2026-09-23T07:07:45.000Z,2026-09-23T07:09:25.000Z,100,2.33333333333333,4,0,0
2026-09-23T07:12:15.000Z,2026-09-23T07:13:55.000Z,100,2.83333333333333,4.5,0,0
2026-09-23T07:16:15.000Z,2026-09-23T07:18:05.000Z,110,2.33333333333333,4,0,0
2026-09-23T07:20:45.000Z,2026-09-23T07:22:35.000Z,110,2.66666666666667,4.5,0,0
2026-09-23T07:24:45.000Z,2026-09-23T07:26:35.000Z,110,2.16666666666667,4,0,0
2026-09-23T07:29:15.000Z,2026-09-23T07:31:05.000Z,110,2.66666666666667,4.5,0,0
2026-09-23T07:33:25.000Z,2026-09-23T07:35:05.000Z,100,2.33333333333333,4.16666666666667,0,0
2026-09-23T07:37:55.000Z,2026-09-23T07:39:35.000Z,100,2.83333333333333,4.5,0,0
2026-09-23T07:41:55.000Z,2026-09-23T07:43:45.000Z,110,2.33333333333333,4,0,0
2026-09-23T07:46:25.000Z,2026-09-23T07:48:15.000Z,110,2.66666666666667,4.5,0,0
2026-09-23T07:50:35.000Z,2026-09-23T07:52:15.000Z,100,2.33333333333333,4.16666666666667,0,0
2026-09-23T07:54:55.000Z,2026-09-23T07:56:45.000Z,110,2.66666666666667,4.33333333333333,0,0
2026-09-23T07:59:05.000Z,2026-09-23T08:00:45.000Z,100,2.33333333333333,4.16666666666667,0,0
2026-09-23T08:03:35.000Z,2026-09-23T08:05:15.000Z,100,2.83333333333333,4.5,0,0
2026-09-23T08:07:35.000Z,2026-09-23T08:09:15.000Z,100,2.33333333333333,4,0,0
2026-09-23T08:12:05.000Z,2026-09-23T08:13:45.000Z,100,2.83333333333333,4.5,0,0
2026-09-23T08:16:15.000Z,2026-09-23T08:17:45.000Z,90,2.5,4.16666666666667,0,0
2026-09-23T08:20:45.000Z,2026-09-23T08:22:15.000Z,90,3,4.5,0,0
2026-09-23T08:24:45.000Z,2026-09-23T08:26:25.000Z,100,2.5,4,0,0
2026-09-23T08:29:25.000Z,2026-09-23T08:30:45.000Z,80,3,4.66666666666667,0,0
2026-09-23T08:33:25.000Z,2026-09-23T08:34:55.000Z,90,2.66666666666667,4,0,0
2026-09-23T08:38:05.000Z,2026-09-23T08:39:05.000Z,60,3.16666666666667,4.66666666666667,0,0
2026-09-23T08:41:55.000Z,2026-09-23T08:43:25.000Z,90,2.83333333333333,3.83333333333333,0,0
2026-09-23T08:46:55.000Z,2026-09-23T08:47:15.000Z,20,3.5,5,0,0
2026-09-23T08:50:35.000Z,2026-09-23T08:51:55.000Z,80,3.33333333333333,3.66666666666667,0,0
2026-09-23T08:59:05.000Z,2026-09-23T09:00:35.000Z,90,7.16666666666667,8.5,0,0
2026-09-23T09:07:45.000Z,2026-09-23T09:09:05.000Z,80,7.16666666666667,8.66666666666667,0,0
2026-09-23T09:12:05.000Z,2026-09-23T09:13:05.000Z,60,3,4.33333333333333,0,0
2026-09-23T09:16:15.000Z,2026-09-23T09:17:45.000Z,90,3.16666666666667,4.16666666666667,0,0
2026-09-23T09:20:25.000Z,2026-09-23T09:21:45.000Z,80,2.66666666666667,4.16666666666667,0,0
2026-09-23T09:24:45.000Z,2026-09-23T09:26:15.000Z,90,3,4.33333333333333,0,0
2026-09-23T09:28:55.000Z,2026-09-23T09:30:25.000Z,90,2.66666666666667,4.16666666666667,0,0
2026-09-23T09:33:15.000Z,2026-09-23T09:34:55.000Z,100,2.83333333333333,4.33333333333333,0,0
2026-09-23T09:37:15.000Z,2026-09-23T09:38:55.000Z,100,2.33333333333333,4,0,0
2026-09-23T09:41:45.000Z,2026-09-23T09:43:25.000Z,100,2.83333333333333,4.5,0,0
2026-09-23T09:45:45.000Z,2026-09-23T09:47:35.000Z,110,2.33333333333333,4,0,0
2026-09-23T09:50:25.000Z,2026-09-23T09:52:05.000Z,100,2.83333333333333,4.66666666666667,0,0
2026-09-23T09:54:25.000Z,2026-09-23T09:56:05.000Z,100,2.33333333333333,4,0,0
2026-09-23T09:58:55.000Z,2026-09-23T10:00:35.000Z,100,2.83333333333333,4.5,0,0
2026-09-23T10:02:55.000Z,2026-09-23T10:04:45.000Z,110,2.33333333333333,4,0,0
2026-09-23T10:07:25.000Z,2026-09-23T10:09:15.000Z,110,2.66666666666667,4.5,0,0
2026-09-23T10:11:25.000Z,2026-09-23T10:13:15.000Z,110,2.16666666666667,4,0,0
2026-09-23T10:15:55.000Z,2026-09-23T10:17:45.000Z,110,2.66666666666667,4.5,0,0
2026-09-23T10:20:05.000Z,2026-09-23T10:21:45.000Z,100,2.33333333333333,4.16666666666667,0,0
2026-09-23T10:24:25.000Z,2026-09-23T10:26:15.000Z,110,2.66666666666667,4.33333333333333,0,0
2026-09-23T10:28:35.000Z,2026-09-23T10:30:15.000Z,100,2.33333333333333,4.16666666666667,0,0
2026-09-23T10:33:05.000Z,2026-09-23T10:34:55.000Z,110,2.83333333333333,4.5,0,0
2026-09-23T10:37:15.000Z,2026-09-23T10:38:55.000Z,100,2.33333333333333,4.16666666666667,0,0
2026-09-23T10:41:35.000Z,2026-09-23T10:43:25.000Z,110,2.66666666666667,4.33333333333333,0,0
2026-09-23T10:45:45.000Z,2026-09-23T10:47:25.000Z,100,2.33333333333333,4.16666666666667,0,0
2026-09-23T10:50:15.000Z,2026-09-23T10:51:55.000Z,100,2.83333333333333,4.5,0,0
2026-09-23T10:54:25.000Z,2026-09-23T10:55:55.000Z,90,2.5,4.16666666666667,0,0
2026-09-23T10:58:45.000Z,2026-09-23T11:00:25.000Z,100,2.83333333333333,4.33333333333333,0,0
2026-09-23T11:02:55.000Z,2026-09-23T11:04:25.000Z,90,2.5,4.16666666666667,0,0
2026-09-23T11:07:25.000Z,2026-09-23T11:08:45.000Z,80,3,4.5,0,0
2026-09-23T11:11:25.000Z,2026-09-23T11:12:55.000Z,90,2.66666666666667,4,0,0
2026-09-23T11:16:15.000Z,2026-09-23T11:17:05.000Z,50,3.33333333333333,4.83333333333333,0,0
2026-09-23T11:20:05.000Z,2026-09-23T11:21:35.000Z,90,3,3.83333333333333,0,0
2026-09-23T11:28:35.000Z,2026-09-23T11:30:05.000Z,90,7,8.5,0,0
2026-09-23T11:37:15.000Z,2026-09-23T11:38:35.000Z,80,7.16666666666667,8.66666666666667,0,0
2026-09-23T11:41:55.000Z,2026-09-23T11:42:15.000Z,20,3.33333333333333,4.66666666666667,0,0
2026-09-23T11:45:45.000Z,2026-09-23T11:47:15.000Z,90,3.5,3.83333333333333,0,0
2026-09-23T11:50:05.000Z,2026-09-23T11:51:05.000Z,60,2.83333333333333,4.33333333333333,0,0
2026-09-23T11:54:15.000Z,2026-09-23T11:55:45.000Z,90,3.16666666666667,4.16666666666667,0,0
2026-09-23T11:58:25.000Z,2026-09-23T11:59:55.000Z,90,2.66666666666667,4.16666666666667,0,0
2026-09-23T12:02:55.000Z,2026-09-23T12:04:25.000Z,90,3,4.5,0,0
2026-09-23T12:06:55.000Z,2026-09-23T12:08:25.000Z,90,2.5,4,0,0
2026-09-23T12:11:25.000Z,2026-09-23T12:12:55.000Z,90,3,4.5,0,0
2026-09-23T12:15:25.000Z,2026-09-23T12:17:05.000Z,100,2.5,4,0,0
2026-09-23T12:19:55.000Z,2026-09-23T12:21:35.000Z,100,2.83333333333333,4.5,0,0
2026-09-23T12:23:55.000Z,2026-09-23T12:25:35.000Z,100,2.33333333333333,4,0,0
2026-09-23T12:28:25.000Z,2026-09-23T12:30:05.000Z,100,2.83333333333333,4.5,0,0
2026-09-23T12:32:25.000Z,2026-09-23T12:34:15.000Z,110,2.33333333333333,4,0,0
2026-09-23T12:36:55.000Z,2026-09-23T12:38:45.000Z,110,2.66666666666667,4.5,0,0
2026-09-23T12:40:55.000Z,2026-09-23T12:42:45.000Z,110,2.16666666666667,4,0,0
2026-09-23T12:45:25.000Z,2026-09-23T12:47:15.000Z,110,2.66666666666667,4.5,0,0
2026-09-23T12:49:35.000Z,2026-09-23T12:51:15.000Z,100,2.33333333333333,4.16666666666667,0,0
2026-09-23T12:54:05.000Z,2026-09-23T12:55:45.000Z,100,2.83333333333333,4.5,0,0
2026-09-23T12:58:05.000Z,2026-09-23T12:59:55.000Z,110,2.33333333333333,4,0,0
2026-09-23T13:02:35.000Z,2026-09-23T13:04:25.000Z,110,2.66666666666667,4.5,0,0
2026-09-23T13:06:45.000Z,2026-09-23T13:08:25.000Z,100,2.33333333333333,4.16666666666667,0,0
2026-09-23T13:11:05.000Z,2026-09-23T13:12:55.000Z,110,2.66666666666667,4.33333333333333,0,0
2026-09-23T13:15:15.000Z,2026-09-23T13:16:55.000Z,100,2.33333333333333,4.16666666666667,0,0
2026-09-23T13:19:45.000Z,2026-09-23T13:21:25.000Z,100,2.83333333333333,4.5,0,0
2026-09-23T13:23:55.000Z,2026-09-23T13:25:25.000Z,90,2.5,4.16666666666667,0,0
2026-09-23T13:28:15.000Z,2026-09-23T13:29:55.000Z,100,2.83333333333333,4.33333333333333,0,0
2026-09-23T13:32:25.000Z,2026-09-23T13:33:55.000Z,90,2.5,4.16666666666667,0,0
2026-09-23T13:36:55.000Z,2026-09-23T13:38:25.000Z,90,3,4.5,0,0
2026-09-23T13:41:05.000Z,2026-09-23T13:42:35.000Z,90,2.66666666666667,4.16666666666667,0,0
2026-09-23T13:45:35.000Z,2026-09-23T13:46:55.000Z,80,3,4.5,0,0
2026-09-23T13:49:35.000Z,2026-09-23T13:51:05.000Z,90,2.66666666666667,4,0,0
2026-09-23T13:54:15.000Z,2026-09-23T13:55:15.000Z,60,3.16666666666667,4.66666666666667,0,0
2026-09-23T13:58:05.000Z,2026-09-23T13:59:35.000Z,90,2.83333333333333,3.83333333333333,0,0
2026-09-23T14:06:45.000Z,2026-09-23T14:08:05.000Z,80,7.16666666666667,8.66666666666667,0,0
2026-09-23T14:15:15.000Z,2026-09-23T14:16:45.000Z,90,7.16666666666667,8.5,0,0
2026-09-23T14:19:55.000Z,2026-09-23T14:20:25.000Z,30,3.16666666666667,4.66666666666667,0,0
2026-09-23T14:23:55.000Z,2026-09-23T14:25:15.000Z,80,3.5,4,0,0
2026-09-23T14:28:05.000Z,2026-09-23T14:29:15.000Z,70,2.83333333333333,4.16666666666667,0,0
2026-09-23T14:32:25.000Z,2026-09-23T14:33:55.000Z,90,3.16666666666667,4.33333333333333,0,0
2026-09-23T14:36:35.000Z,2026-09-23T14:37:55.000Z,80,2.66666666666667,4.16666666666667,0,0
2026-09-23T14:40:55.000Z,2026-09-23T14:42:25.000Z,90,3,4.33333333333333,0,0
2026-09-23T14:44:55.000Z,2026-09-23T14:46:35.000Z,100,2.5,4,0,0
2026-09-23T14:49:25.000Z,2026-09-23T14:51:05.000Z,100,2.83333333333333,4.5,0,0
2026-09-23T14:53:25.000Z,2026-09-23T14:55:15.000Z,110,2.33333333333333,4,0,0
2026-09-23T14:57:55.000Z,2026-09-23T14:59:35.000Z,100,2.66666666666667,4.5,0,0
2026-09-23T15:01:55.000Z,2026-09-23T15:03:45.000Z,110,2.33333333333333,4,0,0
2026-09-23T15:06:35.000Z,2026-09-23T15:08:15.000Z,100,2.83333333333333,4.66666666666667,0,0
2026-09-23T15:10:35.000Z,2026-09-23T15:12:15.000Z,100,2.33333333333333,4,0,0
2026-09-23T15:15:05.000Z,2026-09-23T15:16:45.000Z,100,2.83333333333333,4.5,0,0
2026-09-23T15:19:05.000Z,2026-09-23T15:20:55.000Z,110,2.33333333333333,4,0,0
2026-09-23T15:23:35.000Z,2026-09-23T15:25:25.000Z,110,2.66666666666667,4.5,0,0
2026-09-23T15:27:35.000Z,2026-09-23T15:29:25.000Z,110,2.16666666666667,4,0,0
2026-09-23T15:32:05.000Z,2026-09-23T15:33:55.000Z,110,2.66666666666667,4.5,0,0
2026-09-23T15:36:15.000Z,2026-09-23T15:37:55.000Z,100,2.33333333333333,4.16666666666667,0,0
2026-09-23T15:40:35.000Z,2026-09-23T15:42:25.000Z,110,2.66666666666667,4.33333333333333,0,0
2026-09-23T15:44:45.000Z,2026-09-23T15:46:25.000Z,100,2.33333333333333,4.16666666666667,0,0
2026-09-23T15:49:15.000Z,2026-09-23T15:51:05.000Z,110,2.83333333333333,4.5,0,0
2026-09-23T15:53:25.000Z,2026-09-23T15:55:05.000Z,100,2.33333333333333,4.16666666666667,0,0
2026-09-23T15:57:45.000Z,2026-09-23T15:59:35.000Z,110,2.66666666666667,4.33333333333333,0,0
2026-09-23T16:01:55.000Z,2026-09-23T16:03:35.000Z,100,2.33333333333333,4.16666666666667,0,0
2026-09-23T16:06:25.000Z,2026-09-23T16:08:05.000Z,100,2.83333333333333,4.5,0,0
2026-09-23T16:10:35.000Z,2026-09-23T16:12:05.000Z,90,2.5,4.16666666666667,0,0
2026-09-23T16:14:55.000Z,2026-09-23T16:16:25.000Z,90,2.83333333333333,4.33333333333333,0,0
2026-09-23T16:19:05.000Z,2026-09-23T16:20:35.000Z,90,2.66666666666667,4.16666666666667,0,0
2026-09-23T16:23:35.000Z,2026-09-23T16:24:55.000Z,80,3,4.5,0,0
2026-09-23T16:27:45.000Z,2026-09-23T16:29:05.000Z,80,2.83333333333333,4.16666666666667,0,0
2026-09-23T16:32:25.000Z,2026-09-23T16:33:15.000Z,50,3.33333333333333,4.66666666666667,0,0
2026-09-23T16:36:15.000Z,2026-09-23T16:37:45.000Z,90,3,3.83333333333333,0,0
2026-09-23T16:44:45.000Z,2026-09-23T16:46:15.000Z,90,7,8.5,0,0
2026-09-23T16:53:25.000Z,2026-09-23T16:54:45.000Z,80,7.16666666666667,8.66666666666667,0,0
2026-09-23T16:57:55.000Z,2026-09-23T16:58:35.000Z,40,3.16666666666667,4.5,0,0
2026-09-23T17:01:55.000Z,2026-09-23T17:03:25.000Z,90,3.33333333333333,4,0,0
2026-09-23T17:06:15.000Z,2026-09-23T17:07:25.000Z,70,2.83333333333333,4.33333333333333,0,0
2026-09-23T17:10:25.000Z,2026-09-23T17:11:55.000Z,90,3,4.16666666666667,0,0
2026-09-23T17:14:35.000Z,2026-09-23T17:16:05.000Z,90,2.66666666666667,4.16666666666667,0,0
2026-09-23T17:18:55.000Z,2026-09-23T17:20:35.000Z,100,2.83333333333333,4.33333333333333,0,0
2026-09-23T17:23:05.000Z,2026-09-23T17:24:45.000Z,100,2.5,4.16666666666667,0,0
2026-09-23T17:27:35.000Z,2026-09-23T17:29:05.000Z,90,2.83333333333333,4.5,0,0
2026-09-23T17:31:35.000Z,2026-09-23T17:33:15.000Z,100,2.5,4,0,0
2026-09-23T17:36:05.000Z,2026-09-23T17:37:45.000Z,100,2.83333333333333,4.5,0,0
2026-09-23T17:40:05.000Z,2026-09-23T17:41:55.000Z,110,2.33333333333333,4,0,0
2026-09-23T17:44:35.000Z,2026-09-23T17:46:15.000Z,100,2.66666666666667,4.5,0,0
2026-09-23T17:48:35.000Z,2026-09-23T17:50:25.000Z,110,2.33333333333333,4,0,0
2026-09-23T17:53:05.000Z,2026-09-23T17:54:55.000Z,110,2.66666666666667,4.5,0,0
2026-09-23T17:57:05.000Z,2026-09-23T17:58:55.000Z,110,2.16666666666667,4,0,0
2026-09-23T18:01:35.000Z,2026-09-23T18:03:25.000Z,110,2.66666666666667,4.5,0,0
2026-09-23T18:05:45.000Z,2026-09-23T18:07:25.000Z,100,2.33333333333333,4.16666666666667,0,0
2026-09-23T18:10:15.000Z,2026-09-23T18:11:55.000Z,100,2.83333333333333,4.5,0,0
2026-09-23T18:14:15.000Z,2026-09-23T18:16:05.000Z,110,2.33333333333333,4,0,0
2026-09-23T18:18:45.000Z,2026-09-23T18:20:35.000Z,110,2.66666666666667,4.5,0,0
2026-09-23T18:22:55.000Z,2026-09-23T18:24:35.000Z,100,2.33333333333333,4.16666666666667,0,0
2026-09-23T18:27:15.000Z,2026-09-23T18:29:05.000Z,110,2.66666666666667,4.33333333333333,0,0
2026-09-23T18:31:25.000Z,2026-09-23T18:33:05.000Z,100,2.33333333333333,4.16666666666667,0,0
2026-09-23T18:35:55.000Z,2026-09-23T18:37:35.000Z,100,2.83333333333333,4.5,0,0
2026-09-23T18:40:05.000Z,2026-09-23T18:41:35.000Z,90,2.5,4.16666666666667,0,0
2026-09-23T18:44:25.000Z,2026-09-23T18:46:05.000Z,100,2.83333333333333,4.33333333333333,0,0
2026-09-23T18:48:35.000Z,2026-09-23T18:50:05.000Z,90,2.5,4.16666666666667,0,0
2026-09-23T18:53:05.000Z,2026-09-23T18:54:35.000Z,90,3,4.5,0,0
2026-09-23T18:57:15.000Z,2026-09-23T18:58:45.000Z,90,2.66666666666667,4.16666666666667,0,0
2026-09-23T19:01:45.000Z,2026-09-23T19:02:55.000Z,70,3,4.5,0,0
2026-09-23T19:05:45.000Z,2026-09-23T19:07:15.000Z,90,2.83333333333333,4,0,0
2026-09-23T19:10:35.000Z,2026-09-23T19:11:15.000Z,40,3.33333333333333,4.83333333333333,0,0
2026-09-23T19:14:25.000Z,2026-09-23T19:15:45.000Z,80,3.16666666666667,3.83333333333333,0,0
2026-09-23T19:22:55.000Z,2026-09-23T19:24:25.000Z,90,7.16666666666667,8.5,0,0
2026-09-23T19:31:25.000Z,2026-09-23T19:32:55.000Z,90,7,8.5,0,0
2026-09-23T19:35:55.000Z,2026-09-23T19:36:45.000Z,50,3,4.5,0,0
2026-09-23T19:40:05.000Z,2026-09-23T19:41:25.000Z,80,3.33333333333333,4.16666666666667,0,0
2026-09-23T19:44:15.000Z,2026-09-23T19:45:25.000Z,70,2.83333333333333,4.16666666666667,0,0
2026-09-23T19:48:35.000Z,2026-09-23T19:50:05.000Z,90,3.16666666666667,4.33333333333333,0,0
2026-09-23T19:52:45.000Z,2026-09-23T19:54:05.000Z,80,2.66666666666667,4.16666666666667,0,0
2026-09-23T19:57:05.000Z,2026-09-23T19:58:35.000Z,90,3,4.33333333333333,0,0
2026-09-23T20:01:05.000Z,2026-09-23T20:02:45.000Z,100,2.5,4,0,0
2026-09-23T20:05:35.000Z,2026-09-23T20:07:15.000Z,100,2.83333333333333,4.5,0,0
2026-09-23T20:09:35.000Z,2026-09-23T20:11:25.000Z,110,2.33333333333333,4,0,0
2026-09-23T20:14:05.000Z,2026-09-23T20:15:45.000Z,100,2.66666666666667,4.5,0,0
2026-09-23T20:18:05.000Z,2026-09-23T20:19:55.000Z,110,2.33333333333333,4,0,0
2026-09-23T20:22:45.000Z,2026-09-23T20:24:25.000Z,100,2.83333333333333,4.66666666666667,0,0
2026-09-23T20:26:45.000Z,2026-09-23T20:28:25.000Z,100,2.33333333333333,4,0,0
2026-09-23T20:31:15.000Z,2026-09-23T20:32:55.000Z,100,2.83333333333333,4.5,0,0
2026-09-23T20:35:15.000Z,2026-09-23T20:37:05.000Z,110,2.33333333333333,4,0,0
2026-09-23T20:39:45.000Z,2026-09-23T20:41:35.000Z,110,2.66666666666667,4.5,0,0
2026-09-23T20:43:45.000Z,2026-09-23T20:45:35.000Z,110,2.16666666666667,4,0,0
2026-09-23T20:48:15.000Z,2026-09-23T20:50:05.000Z,110,2.66666666666667,4.5,0,0
2026-09-23T20:52:25.000Z,2026-09-23T20:54:05.000Z,100,2.33333333333333,4.16666666666667,0,0
2026-09-23T20:56:45.000Z,2026-09-23T20:58:35.000Z,110,2.66666666666667,4.33333333333333,0,0
2026-09-23T21:00:55.000Z,2026-09-23T21:02:35.000Z,100,2.33333333333333,4.16666666666667,0,0
2026-09-23T21:05:25.000Z,2026-09-23T21:07:05.000Z,100,2.83333333333333,4.5,0,0
2026-09-23T21:09:35.000Z,2026-09-23T21:11:05.000Z,90,2.5,4.16666666666667,0,0
2026-09-23T21:13:55.000Z,2026-09-23T21:15:45.000Z,110,2.83333333333333,4.33333333333333,0,0
2026-09-23T21:18:05.000Z,2026-09-23T21:19:45.000Z,100,2.33333333333333,4.16666666666667,0,0
2026-09-23T21:22:35.000Z,2026-09-23T21:24:05.000Z,90,2.83333333333333,4.5,0,0
2026-09-23T21:26:45.000Z,2026-09-23T21:28:15.000Z,90,2.66666666666667,4.16666666666667,0,0
2026-09-23T21:31:15.000Z,2026-09-23T21:32:35.000Z,80,3,4.5,0,0
2026-09-23T21:35:15.000Z,2026-09-23T21:36:45.000Z,90,2.66666666666667,4,0,0
2026-09-23T21:39:55.000Z,2026-09-23T21:41:05.000Z,70,3.16666666666667,4.66666666666667,0,0
2026-09-23T21:43:55.000Z,2026-09-23T21:45:15.000Z,80,2.83333333333333,4,0,0
2026-09-23T21:48:45.000Z,2026-09-23T21:49:15.000Z,30,3.5,4.83333333333333,0,0
2026-09-23T21:52:25.000Z,2026-09-23T21:53:55.000Z,90,3.16666666666667,3.66666666666667,0,0
2026-09-23T22:00:55.000Z,2026-09-23T22:02:25.000Z,90,7,8.5,0,0
2026-09-23T22:09:35.000Z,2026-09-23T22:10:55.000Z,80,7.16666666666667,8.66666666666667,0,0
2026-09-23T22:13:55.000Z,2026-09-23T22:14:55.000Z,60,3,4.33333333333333,0,0
2026-09-23T22:18:05.000Z,2026-09-23T22:19:35.000Z,90,3.16666666666667,4.16666666666667,0,0
2026-09-23T22:22:15.000Z,2026-09-23T22:23:35.000Z,80,2.66666666666667,4.16666666666667,0,0
2026-09-23T22:26:35.000Z,2026-09-23T22:28:05.000Z,90,3,4.33333333333333,0,0
2026-09-23T22:30:45.000Z,2026-09-23T22:32:15.000Z,90,2.66666666666667,4.16666666666667,0,0
2026-09-23T22:35:05.000Z,2026-09-23T22:36:45.000Z,100,2.83333333333333,4.33333333333333,0,0
2026-09-23T22:39:15.000Z,2026-09-23T22:40:55.000Z,100,2.5,4.16666666666667,0,0
2026-09-23T22:43:45.000Z,2026-09-23T22:45:15.000Z,90,2.83333333333333,4.5,0,0
2026-09-23T22:47:45.000Z,2026-09-23T22:49:25.000Z,100,2.5,4,0,0
2026-09-23T22:52:15.000Z,2026-09-23T22:53:55.000Z,100,2.83333333333333,4.5,0,0
2026-09-23T22:56:15.000Z,2026-09-23T22:58:05.000Z,110,2.33333333333333,4,0,0
2026-09-23T23:00:45.000Z,2026-09-23T23:02:25.000Z,100,2.66666666666667,4.5,0,0
2026-09-23T23:04:45.000Z,2026-09-23T23:06:35.000Z,110,2.33333333333333,4,0,0
2026-09-23T23:09:15.000Z,2026-09-23T23:11:05.000Z,110,2.66666666666667,4.5,0,0
2026-09-23T23:13:15.000Z,2026-09-23T23:15:05.000Z,110,2.16666666666667,4,0,0
2026-09-23T23:17:45.000Z,2026-09-23T23:19:35.000Z,110,2.66666666666667,4.5,0,0
2026-09-23T23:21:55.000Z,2026-09-23T23:23:35.000Z,100,2.33333333333333,4.16666666666667,0,0
2026-09-23T23:26:25.000Z,2026-09-23T23:28:15.000Z,110,2.83333333333333,4.5,0,0
2026-09-23T23:30:25.000Z,2026-09-23T23:32:15.000Z,110,2.16666666666667,4,0,0
2026-09-23T23:34:55.000Z,2026-09-23T23:36:45.000Z,110,2.66666666666667,4.5,0,0
2026-09-23T23:39:05.000Z,2026-09-23T23:40:45.000Z,100,2.33333333333333,4.16666666666667,0,0
2026-09-23T23:43:25.000Z,2026-09-23T23:45:15.000Z,110,2.66666666666667,4.33333333333333,0,0
2026-09-23T23:47:35.000Z,2026-09-23T23:49:15.000Z,100,2.33333333333333,4.16666666666667,0,0
2026-09-23T23:52:05.000Z,2026-09-23T23:53:45.000Z,100,2.83333333333333,4.5,0,0
2026-09-23T23:56:15.000Z,2026-09-23T23:57:45.000Z,90,2.5,4.16666666666667,0,0
2026-09-24T00:00:35.000Z,2026-09-24T00:02:15.000Z,100,2.83333333333333,4.33333333333333,0,0
2026-09-24T00:04:45.000Z,2026-09-24T00:06:15.000Z,90,2.5,4.16666666666667,0,0
2026-09-24T00:09:15.000Z,2026-09-24T00:10:45.000Z,90,3,4.5,0,0
2026-09-24T00:13:25.000Z,2026-09-24T00:14:55.000Z,90,2.66666666666667,4.16666666666667,0,0
2026-09-24T00:17:55.000Z,2026-09-24T00:19:05.000Z,70,3,4.5,0,0
2026-09-24T00:21:55.000Z,2026-09-24T00:23:25.000Z,90,2.83333333333333,4,0,0
2026-09-24T00:26:55.000Z,2026-09-24T00:27:15.000Z,20,3.5,5,0,0
2026-09-24T00:30:35.000Z,2026-09-24T00:31:55.000Z,80,3.33333333333333,3.66666666666667,0,0
2026-09-24T00:39:05.000Z,2026-09-24T00:40:35.000Z,90,7.16666666666667,8.5,0,0
2026-09-24T00:47:35.000Z,2026-09-24T00:49:05.000Z,90,7,8.5,0,0
2026-09-24T00:52:05.000Z,2026-09-24T00:52:55.000Z,50,3,4.5,0,0
2026-09-24T00:56:15.000Z,2026-09-24T00:57:35.000Z,80,3.33333333333333,4.16666666666667,0,0
2026-09-24T01:00:25.000Z,2026-09-24T01:01:45.000Z,80,2.83333333333333,4.16666666666667,0,0
2026-09-24T01:04:45.000Z,2026-09-24T01:06:15.000Z,90,3,4.33333333333333,0,0
2026-09-24T01:08:45.000Z,2026-09-24T01:10:25.000Z,100,2.5,4,0,0
2026-09-24T01:13:15.000Z,2026-09-24T01:14:45.000Z,90,2.83333333333333,4.5,0,0
2026-09-24T01:17:15.000Z,2026-09-24T01:18:55.000Z,100,2.5,4,0,0
2026-09-24T01:21:45.000Z,2026-09-24T01:23:25.000Z,100,2.83333333333333,4.5,0,0
2026-09-24T01:25:45.000Z,2026-09-24T01:27:35.000Z,110,2.33333333333333,4,0,0
2026-09-24T01:30:15.000Z,2026-09-24T01:31:55.000Z,100,2.66666666666667,4.5,0,0
2026-09-24T01:34:15.000Z,2026-09-24T01:36:05.000Z,110,2.33333333333333,4,0,0
2026-09-24T01:38:55.000Z,2026-09-24T01:40:35.000Z,100,2.83333333333333,4.66666666666667,0,0
2026-09-24T01:42:55.000Z,2026-09-24T01:44:35.000Z,100,2.33333333333333,4,0,0
2026-09-24T01:47:25.000Z,2026-09-24T01:49:05.000Z,100,2.83333333333333,4.5,0,0
2026-09-24T01:51:25.000Z,2026-09-24T01:53:15.000Z,110,2.33333333333333,4,0,0
2026-09-24T01:55:55.000Z,2026-09-24T01:57:45.000Z,110,2.66666666666667,4.5,0,0
2026-09-24T01:59:55.000Z,2026-09-24T02:01:45.000Z,110,2.16666666666667,4,0,0
2026-09-24T02:04:25.000Z,2026-09-24T02:06:15.000Z,110,2.66666666666667,4.5,0,0
2026-09-24T02:08:35.000Z,2026-09-24T02:10:15.000Z,100,2.33333333333333,4.16666666666667,0,0
2026-09-24T02:13:05.000Z,2026-09-24T02:14:45.000Z,100,2.83333333333333,4.5,0,0
2026-09-24T02:17:05.000Z,2026-09-24T02:18:45.000Z,100,2.33333333333333,4,0,0
2026-09-24T02:21:35.000Z,2026-09-24T02:23:15.000Z,100,2.83333333333333,4.5,0,0
2026-09-24T02:25:45.000Z,2026-09-24T02:27:15.000Z,90,2.5,4.16666666666667,0,0
2026-09-24T02:30:05.000Z,2026-09-24T02:31:45.000Z,100,2.83333333333333,4.33333333333333,0,0
2026-09-24T02:34:15.000Z,2026-09-24T02:35:55.000Z,100,2.5,4.16666666666667,0,0
2026-09-24T02:38:45.000Z,2026-09-24T02:40:15.000Z,90,2.83333333333333,4.5,0,0
2026-09-24T02:42:55.000Z,2026-09-24T02:44:25.000Z,90,2.66666666666667,4.16666666666667,0,0
2026-09-24T02:47:25.000Z,2026-09-24T02:48:45.000Z,80,3,4.5,0,0
2026-09-24T02:51:25.000Z,2026-09-24T02:52:55.000Z,90,2.66666666666667,4,0,0
2026-09-24T02:56:05.000Z,2026-09-24T02:57:05.000Z,60,3.16666666666667,4.66666666666667,0,0
2026-09-24T03:00:05.000Z,2026-09-24T03:01:25.000Z,80,3,4,0,0
2026-09-24T03:08:35.000Z,2026-09-24T03:10:05.000Z,90,7.16666666666667,8.5,0,0
2026-09-24T03:17:05.000Z,2026-09-24T03:18:35.000Z,90,7,8.5,0,0
2026-09-24T03:21:55.000Z,2026-09-24T03:22:05.000Z,10,3.33333333333333,4.83333333333333,0,0
2026-09-24T03:25:45.000Z,2026-09-24T03:27:05.000Z,80,3.66666666666667,3.83333333333333,0,0
2026-09-24T03:30:05.000Z,2026-09-24T03:31:05.000Z,60,3,4.33333333333333,0,0
2026-09-24T03:34:15.000Z,2026-09-24T03:35:45.000Z,90,3.16666666666667,4.16666666666667,0,0
2026-09-24T03:38:25.000Z,2026-09-24T03:39:45.000Z,80,2.66666666666667,4.16666666666667,0,0
2026-09-24T03:42:45.000Z,2026-09-24T03:44:15.000Z,90,3,4.33333333333333,0,0
2026-09-24T03:46:55.000Z,2026-09-24T03:48:25.000Z,90,2.66666666666667,4.16666666666667,0,0
2026-09-24T03:51:15.000Z,2026-09-24T03:52:55.000Z,100,2.83333333333333,4.33333333333333,0,0
2026-09-24T03:55:25.000Z,2026-09-24T03:57:05.000Z,100,2.5,4.16666666666667,0,0
2026-09-24T03:59:55.000Z,2026-09-24T04:01:25.000Z,90,2.83333333333333,4.5,0,0
2026-09-24T04:03:55.000Z,2026-09-24T04:05:35.000Z,100,2.5,4,0,0
2026-09-24T04:08:25.000Z,2026-09-24T04:10:05.000Z,100,2.83333333333333,4.5,0,0
2026-09-24T04:12:25.000Z,2026-09-24T04:14:15.000Z,110,2.33333333333333,4,0,0
2026-09-24T04:16:55.000Z,2026-09-24T04:18:35.000Z,100,2.66666666666667,4.5,0,0
2026-09-24T04:20:55.000Z,2026-09-24T04:22:45.000Z,110,2.33333333333333,4,0,0
2026-09-24T04:25:25.000Z,2026-09-24T04:27:15.000Z,110,2.66666666666667,4.5,0,0
2026-09-24T04:29:25.000Z,2026-09-24T04:31:15.000Z,110,2.16666666666667,4,0,0
2026-09-24T04:33:55.000Z,2026-09-24T04:35:45.000Z,110,2.66666666666667,4.5,0,0
2026-09-24T04:38:05.000Z,2026-09-24T04:39:45.000Z,100,2.33333333333333,4.16666666666667,0,0
2026-09-24T04:42:35.000Z,2026-09-24T04:44:25.000Z,110,2.83333333333333,4.5,0,0
2026-09-24T04:46:35.000Z,2026-09-24T04:48:25.000Z,110,2.16666666666667,4,0,0
2026-09-24T04:51:05.000Z,2026-09-24T04:52:55.000Z,110,2.66666666666667,4.5,0,0
2026-09-24T04:55:15.000Z,2026-09-24T04:56:55.000Z,100,2.33333333333333,4.16666666666667,0,0
2026-09-24T04:59:35.000Z,2026-09-24T05:01:25.000Z,110,2.66666666666667,4.33333333333333,0,0
2026-09-24T05:03:45.000Z,2026-09-24T05:05:25.000Z,100,2.33333333333333,4.16666666666667,0,0
2026-09-24T05:08:15.000Z,2026-09-24T05:09:55.000Z,100,2.83333333333333,4.5,0,0
2026-09-24T05:12:25.000Z,2026-09-24T05:13:55.000Z,90,2.5,4.16666666666667,0,0
2026-09-24T05:16:55.000Z,2026-09-24T05:18:25.000Z,90,3,4.5,0,0
2026-09-24T05:20:55.000Z,2026-09-24T05:22:25.000Z,90,2.5,4,0,0
2026-09-24T05:25:35.000Z,2026-09-24T05:26:45.000Z,70,3.16666666666667,4.66666666666667,0,0
2026-09-24T05:29:35.000Z,2026-09-24T05:31:05.000Z,90,2.83333333333333,4,0,0
2026-09-24T05:34:15.000Z,2026-09-24T05:35:05.000Z,50,3.16666666666667,4.66666666666667,0,0
2026-09-24T05:38:05.000Z,2026-09-24T05:39:35.000Z,90,3,3.83333333333333,0,0
2026-09-24T05:46:45.000Z,2026-09-24T05:48:05.000Z,80,7.16666666666667,8.66666666666667,0,0
2026-09-24T05:55:15.000Z,2026-09-24T05:56:45.000Z,90,7.16666666666667,8.5,0,0
2026-09-24T05:59:55.000Z,2026-09-24T06:00:25.000Z,30,3.16666666666667,4.66666666666667,0,0
2026-09-24T06:03:45.000Z,2026-09-24T06:05:15.000Z,90,3.33333333333333,3.83333333333333,0,0
2026-09-24T06:08:05.000Z,2026-09-24T06:09:15.000Z,70,2.83333333333333,4.33333333333333,0,0
2026-09-24T06:12:25.000Z,2026-09-24T06:13:45.000Z,80,3.16666666666667,4.33333333333333,0,0
2026-09-24T06:16:35.000Z,2026-09-24T06:17:55.000Z,80,2.83333333333333,4.16666666666667,0,0
2026-09-24T06:20:55.000Z,2026-09-24T06:22:25.000Z,90,3,4.33333333333333,0,0
2026-09-24T06:24:55.000Z,2026-09-24T06:26:35.000Z,100,2.5,4,0,0
2026-09-24T06:29:25.000Z,2026-09-24T06:30:55.000Z,90,2.83333333333333,4.5,0,0
2026-09-24T06:33:25.000Z,2026-09-24T06:35:05.000Z,100,2.5,4,0,0
2026-09-24T06:37:55.000Z,2026-09-24T06:39:35.000Z,100,2.83333333333333,4.5,0,0
2026-09-24T06:41:55.000Z,2026-09-24T06:43:45.000Z,110,2.33333333333333,4,0,0
2026-09-24T06:46:25.000Z,2026-09-24T06:48:05.000Z,100,2.66666666666667,4.5,0,0
2026-09-24T06:50:25.000Z,2026-09-24T06:52:15.000Z,110,2.33333333333333,4,0,0
2026-09-24T06:55:05.000Z,2026-09-24T06:56:45.000Z,100,2.83333333333333,4.66666666666667,0,0
2026-09-24T06:59:05.000Z,2026-09-24T07:00:45.000Z,100,2.33333333333333,4,0,0
2026-09-24T07:03:35.000Z,2026-09-24T07:05:15.000Z,100,2.83333333333333,4.5,0,0
2026-09-24T07:07:35.000Z,2026-09-24T07:09:25.000Z,110,2.33333333333333,4,0,0
2026-09-24T07:12:05.000Z,2026-09-24T07:13:55.000Z,110,2.66666666666667,4.5,0,0
2026-09-24T07:16:05.000Z,2026-09-24T07:17:55.000Z,110,2.16666666666667,4,0,0
2026-09-24T07:20:35.000Z,2026-09-24T07:22:25.000Z,110,2.66666666666667,4.5,0,0
2026-09-24T07:24:45.000Z,2026-09-24T07:26:25.000Z,100,2.33333333333333,4.16666666666667,0,0
2026-09-24T07:29:15.000Z,2026-09-24T07:30:55.000Z,100,2.83333333333333,4.5,0,0
2026-09-24T07:33:15.000Z,2026-09-24T07:34:55.000Z,100,2.33333333333333,4,0,0
2026-09-24T07:37:45.000Z,2026-09-24T07:39:25.000Z,100,2.83333333333333,4.5,0,0
2026-09-24T07:41:55.000Z,2026-09-24T07:43:25.000Z,90,2.5,4.16666666666667,0,0
2026-09-24T07:46:25.000Z,2026-09-24T07:47:55.000Z,90,3,4.5,0,0
2026-09-24T07:50:25.000Z,2026-09-24T07:52:05.000Z,100,2.5,4,0,0
2026-09-24T07:54:55.000Z,2026-09-24T07:56:25.000Z,90,2.83333333333333,4.5,0,0
2026-09-24T07:59:05.000Z,2026-09-24T08:00:35.000Z,90,2.66666666666667,4.16666666666667,0,0
2026-09-24T08:03:35.000Z,2026-09-24T08:04:55.000Z,80,3,4.5,0,0
2026-09-24T08:07:35.000Z,2026-09-24T08:09:05.000Z,90,2.66666666666667,4,0,0
2026-09-24T08:12:25.000Z,2026-09-24T08:13:15.000Z,50,3.33333333333333,4.83333333333333,0,0
2026-09-24T08:16:15.000Z,2026-09-24T08:17:35.000Z,80,3,3.83333333333333,0,0
2026-09-24T08:24:45.000Z,2026-09-24T08:26:15.000Z,90,7.16666666666667,8.5,0,0
2026-09-24T08:33:15.000Z,2026-09-24T08:34:45.000Z,90,7,8.5,0,0
2026-09-24T08:37:55.000Z,2026-09-24T08:38:35.000Z,40,3.16666666666667,4.66666666666667,0,0
2026-09-24T08:41:55.000Z,2026-09-24T08:43:25.000Z,90,3.33333333333333,4,0,0
2026-09-24T08:46:15.000Z,2026-09-24T08:47:15.000Z,60,2.83333333333333,4.33333333333333,0,0
2026-09-24T08:50:25.000Z,2026-09-24T08:51:55.000Z,90,3.16666666666667,4.16666666666667,0,0
2026-09-24T08:54:35.000Z,2026-09-24T08:55:55.000Z,80,2.66666666666667,4.16666666666667,0,0
2026-09-24T08:58:55.000Z,2026-09-24T09:00:25.000Z,90,3,4.33333333333333,0,0
2026-09-24T09:03:05.000Z,2026-09-24T09:04:35.000Z,90,2.66666666666667,4.16666666666667,0,0
2026-09-24T09:07:25.000Z,2026-09-24T09:09:05.000Z,100,2.83333333333333,4.33333333333333,0,0
2026-09-24T09:11:35.000Z,2026-09-24T09:13:15.000Z,100,2.5,4.16666666666667,0,0
2026-09-24T09:16:05.000Z,2026-09-24T09:17:35.000Z,90,2.83333333333333,4.5,0,0
2026-09-24T09:20:05.000Z,2026-09-24T09:21:45.000Z,100,2.5,4,0,0
2026-09-24T09:24:35.000Z,2026-09-24T09:26:15.000Z,100,2.83333333333333,4.5,0,0
2026-09-24T09:28:35.000Z,2026-09-24T09:30:25.000Z,110,2.33333333333333,4,0,0
2026-09-24T09:33:05.000Z,2026-09-24T09:34:45.000Z,100,2.66666666666667,4.5,0,0
2026-09-24T09:37:05.000Z,2026-09-24T09:38:55.000Z,110,2.33333333333333,4,0,0
2026-09-24T09:41:35.000Z,2026-09-24T09:43:25.000Z,110,2.66666666666667,4.5,0,0
2026-09-24T09:45:35.000Z,2026-09-24T09:47:25.000Z,110,2.16666666666667,4,0,0
2026-09-24T09:50:05.000Z,2026-09-24T09:51:55.000Z,110,2.66666666666667,4.5,0,0
2026-09-24T09:54:15.000Z,2026-09-24T09:55:55.000Z,100,2.33333333333333,4.16666666666667,0,0
2026-09-24T09:58:45.000Z,2026-09-24T10:00:35.000Z,110,2.83333333333333,4.5,0,0
2026-09-24T10:02:45.000Z,2026-09-24T10:04:35.000Z,110,2.16666666666667,4,0,0
2026-09-24T10:07:15.000Z,2026-09-24T10:09:05.000Z,110,2.66666666666667,4.5,0,0
2026-09-24T10:11:25.000Z,2026-09-24T10:13:05.000Z,100,2.33333333333333,4.16666666666667,0,0
2026-09-24T10:15:55.000Z,2026-09-24T10:17:35.000Z,100,2.83333333333333,4.5,0,0
2026-09-24T10:19:55.000Z,2026-09-24T10:21:35.000Z,100,2.33333333333333,4,0,0
2026-09-24T10:24:25.000Z,2026-09-24T10:26:05.000Z,100,2.83333333333333,4.5,0,0
2026-09-24T10:28:35.000Z,2026-09-24T10:30:05.000Z,90,2.5,4.16666666666667,0,0
2026-09-24T10:33:05.000Z,2026-09-24T10:34:35.000Z,90,3,4.5,0,0
2026-09-24T10:37:05.000Z,2026-09-24T10:38:35.000Z,90,2.5,4,0,0
2026-09-24T10:41:45.000Z,2026-09-24T10:42:55.000Z,70,3.16666666666667,4.66666666666667,0,0
2026-09-24T10:45:45.000Z,2026-09-24T10:47:15.000Z,90,2.83333333333333,4,0,0
2026-09-24T10:50:25.000Z,2026-09-24T10:51:15.000Z,50,3.16666666666667,4.66666666666667,0,0
2026-09-24T10:54:15.000Z,2026-09-24T10:55:45.000Z,90,3,3.83333333333333,0,0
2026-09-24T11:02:55.000Z,2026-09-24T11:04:15.000Z,80,7.16666666666667,8.66666666666667,0,0
2026-09-24T11:11:25.000Z,2026-09-24T11:12:55.000Z,90,7.16666666666667,8.5,0,0
2026-09-24T11:15:55.000Z,2026-09-24T11:16:35.000Z,40,3,4.5,0,0
2026-09-24T11:19:55.000Z,2026-09-24T11:21:25.000Z,90,3.33333333333333,4,0,0
2026-09-24T11:24:15.000Z,2026-09-24T11:25:25.000Z,70,2.83333333333333,4.33333333333333,0,0
2026-09-24T11:28:35.000Z,2026-09-24T11:30:05.000Z,90,3.16666666666667,4.33333333333333,0,0
2026-09-24T11:32:35.000Z,2026-09-24T11:34:05.000Z,90,2.5,4,0,0
2026-09-24T11:37:05.000Z,2026-09-24T11:38:35.000Z,90,3,4.5,0,0
2026-09-24T11:41:05.000Z,2026-09-24T11:42:45.000Z,100,2.5,4,0,0
2026-09-24T11:45:35.000Z,2026-09-24T11:47:15.000Z,100,2.83333333333333,4.5,0,0
2026-09-24T11:49:35.000Z,2026-09-24T11:51:15.000Z,100,2.33333333333333,4,0,0
2026-09-24T11:54:05.000Z,2026-09-24T11:55:45.000Z,100,2.83333333333333,4.5,0,0
2026-09-24T11:58:05.000Z,2026-09-24T11:59:55.000Z,110,2.33333333333333,4,0,0
2026-09-24T12:02:35.000Z,2026-09-24T12:04:15.000Z,100,2.66666666666667,4.5,0,0
2026-09-24T12:06:35.000Z,2026-09-24T12:08:25.000Z,110,2.33333333333333,4,0,0
2026-09-24T12:11:05.000Z,2026-09-24T12:12:55.000Z,110,2.66666666666667,4.5,0,0
2026-09-24T12:15:15.000Z,2026-09-24T12:16:55.000Z,100,2.33333333333333,4.16666666666667,0,0
2026-09-24T12:19:45.000Z,2026-09-24T12:21:25.000Z,100,2.83333333333333,4.5,0,0
2026-09-24T12:23:45.000Z,2026-09-24T12:25:35.000Z,110,2.33333333333333,4,0,0
2026-09-24T12:28:15.000Z,2026-09-24T12:30:05.000Z,110,2.66666666666667,4.5,0,0
2026-09-24T12:32:15.000Z,2026-09-24T12:34:05.000Z,110,2.16666666666667,4,0,0
2026-09-24T12:36:45.000Z,2026-09-24T12:38:35.000Z,110,2.66666666666667,4.5,0,0
2026-09-24T12:40:55.000Z,2026-09-24T12:42:35.000Z,100,2.33333333333333,4.16666666666667,0,0
2026-09-24T12:45:25.000Z,2026-09-24T12:47:05.000Z,100,2.83333333333333,4.5,0,0
2026-09-24T12:49:25.000Z,2026-09-24T12:51:05.000Z,100,2.33333333333333,4,0,0
2026-09-24T12:53:55.000Z,2026-09-24T12:55:35.000Z,100,2.83333333333333,4.5,0,0
2026-09-24T12:58:05.000Z,2026-09-24T12:59:35.000Z,90,2.5,4.16666666666667,0,0
2026-09-24T13:02:35.000Z,2026-09-24T13:04:05.000Z,90,3,4.5,0,0
2026-09-24T13:06:35.000Z,2026-09-24T13:08:15.000Z,100,2.5,4,0,0
2026-09-24T13:11:05.000Z,2026-09-24T13:12:35.000Z,90,2.83333333333333,4.5,0,0
2026-09-24T13:15:15.000Z,2026-09-24T13:16:45.000Z,90,2.66666666666667,4.16666666666667,0,0
2026-09-24T13:19:45.000Z,2026-09-24T13:20:55.000Z,70,3,4.5,0,0
2026-09-24T13:23:45.000Z,2026-09-24T13:25:15.000Z,90,2.83333333333333,4,0,0
2026-09-24T13:28:35.000Z,2026-09-24T13:29:15.000Z,40,3.33333333333333,4.83333333333333,0,0
2026-09-24T13:32:25.000Z,2026-09-24T13:33:45.000Z,80,3.16666666666667,3.83333333333333,0,0
2026-09-24T13:40:55.000Z,2026-09-24T13:42:25.000Z,90,7.16666666666667,8.5,0,0
2026-09-24T13:49:25.000Z,2026-09-24T13:50:55.000Z,90,7,8.5,0,0
2026-09-24T13:53:55.000Z,2026-09-24T13:54:45.000Z,50,3,4.5,0,0
2026-09-24T13:58:05.000Z,2026-09-24T13:59:35.000Z,90,3.33333333333333,4.16666666666667,0,0
2026-09-24T14:02:15.000Z,2026-09-24T14:03:35.000Z,80,2.66666666666667,4.16666666666667,0,0
2026-09-24T14:06:35.000Z,2026-09-24T14:08:05.000Z,90,3,4.33333333333333,0,0
2026-09-24T14:10:45.000Z,2026-09-24T14:12:15.000Z,90,2.66666666666667,4.16666666666667,0,0
2026-09-24T14:15:05.000Z,2026-09-24T14:16:45.000Z,100,2.83333333333333,4.33333333333333,0,0
2026-09-24T14:19:15.000Z,2026-09-24T14:20:45.000Z,90,2.5,4.16666666666667,0,0
2026-09-24T14:23:35.000Z,2026-09-24T14:25:15.000Z,100,2.83333333333333,4.33333333333333,0,0
2026-09-24T14:27:35.000Z,2026-09-24T14:29:25.000Z,110,2.33333333333333,4,0,0
2026-09-24T14:32:15.000Z,2026-09-24T14:33:55.000Z,100,2.83333333333333,4.66666666666667,0,0
2026-09-24T14:36:15.000Z,2026-09-24T14:37:55.000Z,100,2.33333333333333,4,0,0
2026-09-24T14:40:45.000Z,2026-09-24T14:42:25.000Z,100,2.83333333333333,4.5,0,0
2026-09-24T14:44:45.000Z,2026-09-24T14:46:35.000Z,110,2.33333333333333,4,0,0
2026-09-24T14:49:15.000Z,2026-09-24T14:50:55.000Z,100,2.66666666666667,4.5,0,0
2026-09-24T14:53:15.000Z,2026-09-24T14:55:05.000Z,110,2.33333333333333,4,0,0
2026-09-24T14:57:45.000Z,2026-09-24T14:59:35.000Z,110,2.66666666666667,4.5,0,0
2026-09-24T15:01:55.000Z,2026-09-24T15:03:35.000Z,100,2.33333333333333,4.16666666666667,0,0
2026-09-24T15:06:15.000Z,2026-09-24T15:08:05.000Z,110,2.66666666666667,4.33333333333333,0,0
2026-09-24T15:10:25.000Z,2026-09-24T15:12:05.000Z,100,2.33333333333333,4.16666666666667,0,0
2026-09-24T15:14:55.000Z,2026-09-24T15:16:45.000Z,110,2.83333333333333,4.5,0,0
2026-09-24T15:18:55.000Z,2026-09-24T15:20:45.000Z,110,2.16666666666667,4,0,0
2026-09-24T15:23:25.000Z,2026-09-24T15:25:15.000Z,110,2.66666666666667,4.5,0,0
2026-09-24T15:27:35.000Z,2026-09-24T15:29:15.000Z,100,2.33333333333333,4.16666666666667,0,0
2026-09-24T15:32:05.000Z,2026-09-24T15:33:45.000Z,100,2.83333333333333,4.5,0,0
2026-09-24T15:36:05.000Z,2026-09-24T15:37:45.000Z,100,2.33333333333333,4,0,0
2026-09-24T15:40:35.000Z,2026-09-24T15:42:15.000Z,100,2.83333333333333,4.5,0,0
2026-09-24T15:44:45.000Z,2026-09-24T15:46:15.000Z,90,2.5,4.16666666666667,0,0
2026-09-24T15:49:15.000Z,2026-09-24T15:50:35.000Z,80,3,4.5,0,0
2026-09-24T15:53:15.000Z,2026-09-24T15:54:45.000Z,90,2.66666666666667,4,0,0
2026-09-24T15:57:55.000Z,2026-09-24T15:59:05.000Z,70,3.16666666666667,4.66666666666667,0,0
2026-09-24T16:01:55.000Z,2026-09-24T16:03:25.000Z,90,2.83333333333333,4,0,0
2026-09-24T16:06:45.000Z,2026-09-24T16:07:15.000Z,30,3.33333333333333,4.83333333333333,0,0
2026-09-24T16:10:25.000Z,2026-09-24T16:11:55.000Z,90,3.16666666666667,3.66666666666667,0,0
2026-09-24T16:19:05.000Z,2026-09-24T16:20:25.000Z,80,7.16666666666667,8.66666666666667,0,0
2026-09-24T16:27:35.000Z,2026-09-24T16:29:05.000Z,90,7.16666666666667,8.5,0,0
2026-09-24T16:31:55.000Z,2026-09-24T16:32:55.000Z,60,2.83333333333333,4.33333333333333,0,0
2026-09-24T16:36:05.000Z,2026-09-24T16:37:35.000Z,90,3.16666666666667,4.16666666666667,0,0
2026-09-24T16:40:25.000Z,2026-09-24T16:41:35.000Z,70,2.83333333333333,4.33333333333333,0,0
2026-09-24T16:44:45.000Z,2026-09-24T16:46:15.000Z,90,3.16666666666667,4.33333333333333,0,0
2026-09-24T16:48:45.000Z,2026-09-24T16:50:15.000Z,90,2.5,4,0,0
2026-09-24T16:53:15.000Z,2026-09-24T16:54:45.000Z,90,3,4.5,0,0
2026-09-24T16:57:15.000Z,2026-09-24T16:58:55.000Z,100,2.5,4,0,0
2026-09-24T17:01:45.000Z,2026-09-24T17:03:25.000Z,100,2.83333333333333,4.5,0,0
2026-09-24T17:05:45.000Z,2026-09-24T17:07:25.000Z,100,2.33333333333333,4,0,0
2026-09-24T17:10:15.000Z,2026-09-24T17:11:55.000Z,100,2.83333333333333,4.5,0,0
2026-09-24T17:14:15.000Z,2026-09-24T17:16:05.000Z,110,2.33333333333333,4,0,0
2026-09-24T17:18:45.000Z,2026-09-24T17:20:35.000Z,110,2.66666666666667,4.5,0,0
2026-09-24T17:22:45.000Z,2026-09-24T17:24:35.000Z,110,2.16666666666667,4,0,0
2026-09-24T17:27:15.000Z,2026-09-24T17:29:05.000Z,110,2.66666666666667,4.5,0,0
2026-09-24T17:31:25.000Z,2026-09-24T17:33:05.000Z,100,2.33333333333333,4.16666666666667,0,0
2026-09-24T17:35:55.000Z,2026-09-24T17:37:35.000Z,100,2.83333333333333,4.5,0,0
2026-09-24T17:39:55.000Z,2026-09-24T17:41:45.000Z,110,2.33333333333333,4,0,0
2026-09-24T17:44:25.000Z,2026-09-24T17:46:15.000Z,110,2.66666666666667,4.5,0,0
2026-09-24T17:48:35.000Z,2026-09-24T17:50:15.000Z,100,2.33333333333333,4.16666666666667,0,0
2026-09-24T17:52:55.000Z,2026-09-24T17:54:45.000Z,110,2.66666666666667,4.33333333333333,0,0
2026-09-24T17:57:05.000Z,2026-09-24T17:58:45.000Z,100,2.33333333333333,4.16666666666667,0,0
2026-09-24T18:01:35.000Z,2026-09-24T18:03:15.000Z,100,2.83333333333333,4.5,0,0
2026-09-24T18:05:35.000Z,2026-09-24T18:07:15.000Z,100,2.33333333333333,4,0,0
2026-09-24T18:10:05.000Z,2026-09-24T18:11:45.000Z,100,2.83333333333333,4.5,0,0
2026-09-24T18:14:15.000Z,2026-09-24T18:15:45.000Z,90,2.5,4.16666666666667,0,0
2026-09-24T18:18:45.000Z,2026-09-24T18:20:15.000Z,90,3,4.5,0,0
2026-09-24T18:22:45.000Z,2026-09-24T18:24:25.000Z,100,2.5,4,0,0
2026-09-24T18:27:25.000Z,2026-09-24T18:28:45.000Z,80,3,4.66666666666667,0,0
2026-09-24T18:31:25.000Z,2026-09-24T18:32:55.000Z,90,2.66666666666667,4,0,0
2026-09-24T18:36:05.000Z,2026-09-24T18:37:05.000Z,60,3.16666666666667,4.66666666666667,0,0
2026-09-24T18:39:55.000Z,2026-09-24T18:41:25.000Z,90,2.83333333333333,3.83333333333333,0,0
2026-09-24T18:44:55.000Z,2026-09-24T18:45:15.000Z,20,3.5,5,0,0
2026-09-24T18:48:35.000Z,2026-09-24T18:49:55.000Z,80,3.33333333333333,3.66666666666667,0,0
2026-09-24T18:57:05.000Z,2026-09-24T18:58:35.000Z,90,7.16666666666667,8.5,0,0
2026-09-24T19:05:35.000Z,2026-09-24T19:07:05.000Z,90,7,8.5,0,0
2026-09-24T19:10:05.000Z,2026-09-24T19:11:05.000Z,60,3,4.5,0,0
2026-09-24T19:14:15.000Z,2026-09-24T19:15:45.000Z,90,3.16666666666667,4.16666666666667,0,0
2026-09-24T19:18:25.000Z,2026-09-24T19:19:45.000Z,80,2.66666666666667,4.16666666666667,0,0
2026-09-24T19:22:45.000Z,2026-09-24T19:24:15.000Z,90,3,4.33333333333333,0,0
2026-09-24T19:26:55.000Z,2026-09-24T19:28:25.000Z,90,2.66666666666667,4.16666666666667,0,0
2026-09-24T19:31:15.000Z,2026-09-24T19:32:55.000Z,100,2.83333333333333,4.33333333333333,0,0
2026-09-24T19:35:15.000Z,2026-09-24T19:36:55.000Z,100,2.33333333333333,4,0,0
2026-09-24T19:39:45.000Z,2026-09-24T19:41:25.000Z,100,2.83333333333333,4.5,0,0
2026-09-24T19:43:45.000Z,2026-09-24T19:45:35.000Z,110,2.33333333333333,4,0,0
2026-09-24T19:48:25.000Z,2026-09-24T19:50:05.000Z,100,2.83333333333333,4.66666666666667,0,0
2026-09-24T19:52:25.000Z,2026-09-24T19:54:05.000Z,100,2.33333333333333,4,0,0
2026-09-24T19:56:55.000Z,2026-09-24T19:58:35.000Z,100,2.83333333333333,4.5,0,0
2026-09-24T20:00:55.000Z,2026-09-24T20:02:45.000Z,110,2.33333333333333,4,0,0
2026-09-24T20:05:25.000Z,2026-09-24T20:07:15.000Z,110,2.66666666666667,4.5,0,0
2026-09-24T20:09:25.000Z,2026-09-24T20:11:15.000Z,110,2.16666666666667,4,0,0
2026-09-24T20:13:55.000Z,2026-09-24T20:15:45.000Z,110,2.66666666666667,4.5,0,0
2026-09-24T20:18:05.000Z,2026-09-24T20:19:45.000Z,100,2.33333333333333,4.16666666666667,0,0
2026-09-24T20:22:25.000Z,2026-09-24T20:24:15.000Z,110,2.66666666666667,4.33333333333333,0,0
2026-09-24T20:26:35.000Z,2026-09-24T20:28:15.000Z,100,2.33333333333333,4.16666666666667,0,0
2026-09-24T20:31:05.000Z,2026-09-24T20:32:55.000Z,110,2.83333333333333,4.5,0,0
2026-09-24T20:35:15.000Z,2026-09-24T20:36:55.000Z,100,2.33333333333333,4.16666666666667,0,0
2026-09-24T20:39:35.000Z,2026-09-24T20:41:25.000Z,110,2.66666666666667,4.33333333333333,0,0
2026-09-24T20:43:45.000Z,2026-09-24T20:45:25.000Z,100,2.33333333333333,4.16666666666667,0,0
2026-09-24T20:48:15.000Z,2026-09-24T20:49:55.000Z,100,2.83333333333333,4.5,0,0
2026-09-24T20:52:25.000Z,2026-09-24T20:53:55.000Z,90,2.5,4.16666666666667,0,0
2026-09-24T20:56:45.000Z,2026-09-24T20:58:25.000Z,100,2.83333333333333,4.33333333333333,0,0
2026-09-24T21:00:55.000Z,2026-09-24T21:02:25.000Z,90,2.5,4.16666666666667,0,0
2026-09-24T21:05:25.000Z,2026-09-24T21:06:45.000Z,80,3,4.5,0,0
2026-09-24T21:09:25.000Z,2026-09-24T21:10:55.000Z,90,2.66666666666667,4,0,0
2026-09-24T21:14:05.000Z,2026-09-24T21:15:05.000Z,60,3.16666666666667,4.66666666666667,0,0
2026-09-24T21:18:05.000Z,2026-09-24T21:19:35.000Z,90,3,4,0,0
2026-09-24T21:26:35.000Z,2026-09-24T21:28:05.000Z,90,7,8.5,0,0
2026-09-24T21:35:15.000Z,2026-09-24T21:36:35.000Z,80,7.16666666666667,8.66666666666667,0,0
2026-09-24T21:39:55.000Z,2026-09-24T21:40:15.000Z,20,3.33333333333333,4.66666666666667,0,0
2026-09-24T21:43:45.000Z,2026-09-24T21:45:15.000Z,90,3.5,3.83333333333333,0,0
2026-09-24T21:48:05.000Z,2026-09-24T21:49:05.000Z,60,2.83333333333333,4.33333333333333,0,0
2026-09-24T21:52:15.000Z,2026-09-24T21:53:45.000Z,90,3.16666666666667,4.16666666666667,0,0
2026-09-24T21:56:25.000Z,2026-09-24T21:57:55.000Z,90,2.66666666666667,4.16666666666667,0,0
2026-09-24T22:00:55.000Z,2026-09-24T22:02:25.000Z,90,3,4.5,0,0
2026-09-24T22:04:55.000Z,2026-09-24T22:06:25.000Z,90,2.5,4,0,0
2026-09-24T22:09:25.000Z,2026-09-24T22:10:55.000Z,90,3,4.5,0,0
2026-09-24T22:13:25.000Z,2026-09-24T22:15:05.000Z,100,2.5,4,0,0
2026-09-24T22:17:55.000Z,2026-09-24T22:19:35.000Z,100,2.83333333333333,4.5,0,0
2026-09-24T22:21:55.000Z,2026-09-24T22:23:35.000Z,100,2.33333333333333,4,0,0
2026-09-24T22:26:25.000Z,2026-09-24T22:28:05.000Z,100,2.83333333333333,4.5,0,0
2026-09-24T22:30:25.000Z,2026-09-24T22:32:15.000Z,110,2.33333333333333,4,0,0
2026-09-24T22:34:55.000Z,2026-09-24T22:36:45.000Z,110,2.66666666666667,4.5,0,0
2026-09-24T22:38:55.000Z,2026-09-24T22:40:45.000Z,110,2.16666666666667,4,0,0
2026-09-24T22:43:25.000Z,2026-09-24T22:45:15.000Z,110,2.66666666666667,4.5,0,0
2026-09-24T22:47:35.000Z,2026-09-24T22:49:15.000Z,100,2.33333333333333,4.16666666666667,0,0
2026-09-24T22:52:05.000Z,2026-09-24T22:53:45.000Z,100,2.83333333333333,4.5,0,0
2026-09-24T22:56:05.000Z,2026-09-24T22:57:55.000Z,110,2.33333333333333,4,0,0
2026-09-24T23:00:35.000Z,2026-09-24T23:02:25.000Z,110,2.66666666666667,4.5,0,0
2026-09-24T23:04:45.000Z,2026-09-24T23:06:25.000Z,100,2.33333333333333,4.16666666666667,0,0
2026-09-24T23:09:05.000Z,2026-09-24T23:10:55.000Z,110,2.66666666666667,4.33333333333333,0,0
2026-09-24T23:13:15.000Z,2026-09-24T23:14:55.000Z,100,2.33333333333333,4.16666666666667,0,0
2026-09-24T23:17:45.000Z,2026-09-24T23:19:25.000Z,100,2.83333333333333,4.5,0,0
2026-09-24T23:21:55.000Z,2026-09-24T23:23:25.000Z,90,2.5,4.16666666666667,0,0
2026-09-24T23:26:15.000Z,2026-09-24T23:27:55.000Z,100,2.83333333333333,4.33333333333333,0,0
2026-09-24T23:30:25.000Z,2026-09-24T23:31:55.000Z,90,2.5,4.16666666666667,0,0
2026-09-24T23:34:55.000Z,2026-09-24T23:36:25.000Z,90,3,4.5,0,0
2026-09-24T23:39:05.000Z,2026-09-24T23:40:35.000Z,90,2.66666666666667,4.16666666666667,0,0
2026-09-24T23:43:35.000Z,2026-09-24T23:44:55.000Z,80,3,4.5,0,0
2026-09-24T23:47:35.000Z,2026-09-24T23:49:05.000Z,90,2.66666666666667,4,0,0
2026-09-24T23:52:15.000Z,2026-09-24T23:53:15.000Z,60,3.16666666666667,4.66666666666667,0,0
2026-09-24T23:56:05.000Z,2026-09-24T23:57:35.000Z,90,2.83333333333333,3.83333333333333,0,0
