start_utc,end_utc,duration_s,gap_from_previous_min,start_interval_min,left_censored,right_censored
2026-09-18T00:00:00.000Z,2026-09-18T00:00:45.000Z,45,NaN,NaN,1,0
2026-09-18T00:03:45.000Z,2026-09-18T00:05:15.000Z,90,3,NaN,0,0
2026-09-18T00:09:55.000Z,2026-09-18T00:11:35.000Z,100,4.66666666666667,6.16666666666667,0,0
2026-09-18T00:14:25.000Z,2026-09-18T00:16:05.000Z,100,2.83333333333333,4.5,0,0
2026-09-18T00:16:15.000Z,2026-09-18T00:17:55.000Z,100,0.166666666666667,1.83333333333333,0,0
2026-09-18T00:20:45.000Z,2026-09-18T00:22:25.000Z,100,2.83333333333333,4.5,0,0
2026-09-18T00:27:05.000Z,2026-09-18T00:28:35.000Z,90,4.66666666666667,6.33333333333333,0,0
2026-09-18T00:31:45.000Z,2026-09-18T00:32:55.000Z,70,3.16666666666667,4.66666666666667,0,0
2026-09-18T00:33:15.000Z,2026-09-18T00:35:05.000Z,110,0.333333333333333,1.5,0,0
2026-09-18T00:37:45.000Z,2026-09-18T00:39:35.000Z,110,2.66666666666667,4.5,0,0
2026-09-18T00:44:15.000Z,2026-09-18T00:45:45.000Z,90,4.66666666666667,6.5,0,0
2026-09-18T00:50:25.000Z,2026-09-18T00:52:15.000Z,110,4.66666666666667,6.16666666666667,0,0
2026-09-18T00:54:55.000Z,2026-09-18T00:56:45.000Z,110,2.66666666666667,4.5,0,0
2026-09-18T01:01:25.000Z,2026-09-18T01:02:45.000Z,80,4.66666666666667,6.5,0,0
2026-09-18T01:07:35.000Z,2026-09-18T01:09:15.000Z,100,4.83333333333333,6.16666666666667,0,0
2026-09-18T01:11:55.000Z,2026-09-18T01:13:45.000Z,110,2.66666666666667,4.33333333333333,0,0
2026-09-18T01:14:15.000Z,2026-09-18T01:15:25.000Z,70,0.5,2.33333333333333,0,0
2026-09-18T01:18:25.000Z,2026-09-18T01:19:55.000Z,90,3,4.16666666666667,0,0
2026-09-18T01:24:45.000Z,2026-09-18T01:26:15.000Z,90,4.83333333333333,6.33333333333333,0,0
2026-09-18T01:29:05.000Z,2026-09-18T01:30:45.000Z,100,2.83333333333333,4.33333333333333,0,0
2026-09-18T01:31:05.000Z,2026-09-18T01:32:45.000Z,100,0.333333333333333,2,0,0
2026-09-18T01:35:35.000Z,2026-09-18T01:37:05.000Z,90,2.83333333333333,4.5,0,0
2026-09-18T01:41:55.000Z,2026-09-18T01:43:25.000Z,90,4.83333333333333,6.33333333333333,0,0
2026-09-18T01:46:25.000Z,2026-09-18T01:47:45.000Z,80,3,4.5,0,0
2026-09-18T01:48:05.000Z,2026-09-18T01:49:55.000Z,110,0.333333333333333,1.66666666666667,0,0
2026-09-18T01:52:35.000Z,2026-09-18T01:54:15.000Z,100,2.66666666666667,4.5,0,0
2026-09-18T01:59:05.000Z,2026-09-18T02:00:25.000Z,80,4.83333333333333,6.5,0,0
2026-09-18T02:05:05.000Z,2026-09-18T02:06:55.000Z,110,4.66666666666667,6,0,0
2026-09-18T02:09:35.000Z,2026-09-18T02:11:25.000Z,110,2.66666666666667,4.5,0,0
2026-09-18T02:16:05.000Z,2026-09-18T02:17:35.000Z,90,4.66666666666667,6.5,0,0
2026-09-18T02:22:15.000Z,2026-09-18T02:24:05.000Z,110,4.66666666666667,6.16666666666667,0,0
2026-09-18T02:26:45.000Z,2026-09-18T02:28:35.000Z,110,2.66666666666667,4.5,0,0
2026-09-18T02:29:05.000Z,2026-09-18T02:30:05.000Z,60,0.5,2.33333333333333,0,0
2026-09-18T02:33:15.000Z,2026-09-18T02:34:45.000Z,90,3.16666666666667,4.16666666666667,0,0
2026-09-18T02:39:25.000Z,2026-09-18T02:41:05.000Z,100,4.66666666666667,6.16666666666667,0,0
2026-09-18T02:43:55.000Z,2026-09-18T02:45:35.000Z,100,2.83333333333333,4.5,0,0
2026-09-18T02:45:55.000Z,2026-09-18T02:47:25.000Z,90,0.333333333333333,2,0,0
2026-09-18T02:50:15.000Z,2026-09-18T02:51:55.000Z,100,2.83333333333333,4.33333333333333,0,0
2026-09-18T02:56:35.000Z,2026-09-18T02:58:05.000Z,90,4.66666666666667,6.33333333333333,0,0
2026-09-18T03:01:05.000Z,2026-09-18T03:02:35.000Z,90,3,4.5,0,0
2026-09-18T03:02:55.000Z,2026-09-18T03:04:35.000Z,100,0.333333333333333,1.83333333333333,0,0
2026-09-18T03:07:25.000Z,2026-09-18T03:09:05.000Z,100,2.83333333333333,4.5,0,0
2026-09-18T03:13:45.000Z,2026-09-18T03:15:15.000Z,90,4.66666666666667,6.33333333333333,0,0
2026-09-18T03:18:35.000Z,2026-09-18T03:19:15.000Z,40,3.33333333333333,4.83333333333333,0,0
2026-09-18T03:19:55.000Z,2026-09-18T03:21:45.000Z,110,0.666666666666667,1.33333333333333,0,0
2026-09-18T03:24:25.000Z,2026-09-18T03:26:15.000Z,110,2.66666666666667,4.5,0,0
2026-09-18T03:30:55.000Z,2026-09-18T03:32:25.000Z,90,4.66666666666667,6.5,0,0
2026-09-18T03:37:05.000Z,2026-09-18T03:38:45.000Z,100,4.66666666666667,6.16666666666667,0,0
2026-09-18T03:41:35.000Z,2026-09-18T03:43:15.000Z,100,2.83333333333333,4.5,0,0
2026-09-18T03:43:55.000Z,2026-09-18T03:44:45.000Z,50,0.666666666666667,2.33333333333333,0,0
2026-09-18T03:48:05.000Z,2026-09-18T03:49:25.000Z,80,3.33333333333333,4.16666666666667,0,0
2026-09-18T03:54:15.000Z,2026-09-18T03:55:55.000Z,100,4.83333333333333,6.16666666666667,0,0
2026-09-18T03:58:35.000Z,2026-09-18T04:00:25.000Z,110,2.66666666666667,4.33333333333333,0,0
2026-09-18T04:00:45.000Z,2026-09-18T04:02:05.000Z,80,0.333333333333333,2.16666666666667,0,0
2026-09-18T04:05:05.000Z,2026-09-18T04:06:35.000Z,90,3,4.33333333333333,0,0
2026-09-18T04:11:25.000Z,2026-09-18T04:12:55.000Z,90,4.83333333333333,6.33333333333333,0,0
2026-09-18T04:15:55.000Z,2026-09-18T04:17:25.000Z,90,3,4.5,0,0
2026-09-18T04:17:35.000Z,2026-09-18T04:19:25.000Z,110,0.166666666666667,1.66666666666667,0,0
2026-09-18T04:22:05.000Z,2026-09-18T04:23:45.000Z,100,2.66666666666667,4.5,0,0
2026-09-18T04:28:35.000Z,2026-09-18T04:30:05.000Z,90,4.83333333333333,6.5,0,0
2026-09-18T04:33:15.000Z,2026-09-18T04:34:05.000Z,50,3.16666666666667,4.66666666666667,0,0
2026-09-18T04:34:45.000Z,2026-09-18T04:36:25.000Z,100,0.666666666666667,1.5,0,0
2026-09-18T04:39:15.000Z,2026-09-18T04:40:55.000Z,100,2.83333333333333,4.5,0,0
2026-09-18T04:45:35.000Z,2026-09-18T04:47:05.000Z,90,4.66666666666667,6.33333333333333,0,0
2026-09-18T04:51:45.000Z,2026-09-18T04:53:35.000Z,110,4.66666666666667,6.16666666666667,0,0
2026-09-18T04:56:15.000Z,2026-09-18T04:58:05.000Z,110,2.66666666666667,4.5,0,0
2026-09-18T04:58:55.000Z,2026-09-18T04:59:25.000Z,30,0.833333333333333,2.66666666666667,0,0
2026-09-18T05:02:45.000Z,2026-09-18T05:04:15.000Z,90,3.33333333333333,3.83333333333333,0,0
2026-09-18T05:08:55.000Z,2026-09-18T05:10:35.000Z,100,4.66666666666667,6.16666666666667,0,0
2026-09-18T05:13:25.000Z,2026-09-18T05:15:15.000Z,110,2.83333333333333,4.5,0,0
2026-09-18T05:15:25.000Z,2026-09-18T05:16:55.000Z,90,0.166666666666667,2,0,0
2026-09-18T05:19:55.000Z,2026-09-18T05:21:25.000Z,90,3,4.5,0,0
2026-09-18T05:26:05.000Z,2026-09-18T05:27:45.000Z,100,4.66666666666667,6.16666666666667,0,0
2026-09-18T05:30:35.000Z,2026-09-18T05:32:05.000Z,90,2.83333333333333,4.5,0,0
2026-09-18T05:32:25.000Z,2026-09-18T05:34:05.000Z,100,0.333333333333333,1.83333333333333,0,0
2026-09-18T05:36:55.000Z,2026-09-18T05:38:35.000Z,100,2.83333333333333,4.5,0,0
2026-09-18T05:43:15.000Z,2026-09-18T05:44:45.000Z,90,4.66666666666667,6.33333333333333,0,0
2026-09-18T05:47:55.000Z,2026-09-18T05:49:05.000Z,70,3.16666666666667,4.66666666666667,0,0
2026-09-18T05:49:25.000Z,2026-09-18T05:51:15.000Z,110,0.333333333333333,1.5,0,0
2026-09-18T05:53:55.000Z,2026-09-18T05:55:45.000Z,110,2.66666666666667,4.5,0,0
2026-09-18T06:00:25.000Z,2026-09-18T06:01:55.000Z,90,4.66666666666667,6.5,0,0
2026-09-18T06:06:35.000Z,2026-09-18T06:08:25.000Z,110,4.66666666666667,6.16666666666667,0,0
2026-09-18T06:11:05.000Z,2026-09-18T06:12:55.000Z,110,2.66666666666667,4.5,0,0
2026-09-18T06:17:35.000Z,2026-09-18T06:18:55.000Z,80,4.66666666666667,6.5,0,0
2026-09-18T06:23:45.000Z,2026-09-18T06:25:25.000Z,100,4.83333333333333,6.16666666666667,0,0
2026-09-18T06:28:05.000Z,2026-09-18T06:29:55.000Z,110,2.66666666666667,4.33333333333333,0,0
2026-09-18T06:30:15.000Z,2026-09-18T06:31:35.000Z,80,0.333333333333333,2.16666666666667,0,0
2026-09-18T06:34:35.000Z,2026-09-18T06:36:05.000Z,90,3,4.33333333333333,0,0
2026-09-18T06:40:55.000Z,2026-09-18T06:42:25.000Z,90,4.83333333333333,6.33333333333333,0,0
2026-09-18T06:45:15.000Z,2026-09-18T06:46:55.000Z,100,2.83333333333333,4.33333333333333,0,0
2026-09-18T06:47:15.000Z,2026-09-18T06:48:55.000Z,100,0.333333333333333,2,0,0
2026-09-18T06:51:45.000Z,2026-09-18T06:53:15.000Z,90,2.83333333333333,4.5,0,0
2026-09-18T06:58:05.000Z,2026-09-18T06:59:35.000Z,90,4.83333333333333,6.33333333333333,0,0
2026-09-18T07:02:35.000Z,2026-09-18T07:03:55.000Z,80,3,4.5,0,0
2026-09-18T07:04:15.000Z,2026-09-18T07:06:05.000Z,110,0.333333333333333,1.66666666666667,0,0
2026-09-18T07:08:45.000Z,2026-09-18T07:10:25.000Z,100,2.66666666666667,4.5,0,0
2026-09-18T07:15:15.000Z,2026-09-18T07:16:35.000Z,80,4.83333333333333,6.5,0,0
2026-09-18T07:21:15.000Z,2026-09-18T07:23:05.000Z,110,4.66666666666667,6,0,0
2026-09-18T07:25:45.000Z,2026-09-18T07:27:35.000Z,110,2.66666666666667,4.5,0,0
2026-09-18T07:32:15.000Z,2026-09-18T07:33:45.000Z,90,4.66666666666667,6.5,0,0
2026-09-18T07:38:25.000Z,2026-09-18T07:40:15.000Z,110,4.66666666666667,6.16666666666667,0,0
2026-09-18T07:42:55.000Z,2026-09-18T07:44:45.000Z,110,2.66666666666667,4.5,0,0
2026-09-18T07:45:05.000Z,2026-09-18T07:46:15.000Z,70,0.333333333333333,2.16666666666667,0,0
2026-09-18T07:49:25.000Z,2026-09-18T07:50:55.000Z,90,3.16666666666667,4.33333333333333,0,0
2026-09-18T07:55:35.000Z,2026-09-18T07:57:15.000Z,100,4.66666666666667,6.16666666666667,0,0
2026-09-18T08:00:05.000Z,2026-09-18T08:01:45.000Z,100,2.83333333333333,4.5,0,0
2026-09-18T08:02:05.000Z,2026-09-18T08:03:35.000Z,90,0.333333333333333,2,0,0
2026-09-18T08:06:25.000Z,2026-09-18T08:08:05.000Z,100,2.83333333333333,4.33333333333333,0,0
2026-09-18T08:12:45.000Z,2026-09-18T08:14:15.000Z,90,4.66666666666667,6.33333333333333,0,0
2026-09-18T08:17:15.000Z,2026-09-18T08:18:45.000Z,90,3,4.5,0,0
2026-09-18T08:19:05.000Z,2026-09-18T08:20:45.000Z,100,0.333333333333333,1.83333333333333,0,0
2026-09-18T08:23:35.000Z,2026-09-18T08:25:15.000Z,100,2.83333333333333,4.5,0,0
2026-09-18T08:29:55.000Z,2026-09-18T08:31:25.000Z,90,4.66666666666667,6.33333333333333,0,0
2026-09-18T08:34:55.000Z,2026-09-18T08:35:15.000Z,20,3.5,5,0,0
2026-09-18T08:36:05.000Z,2026-09-18T08:37:55.000Z,110,0.833333333333333,1.16666666666667,0,0
2026-09-18T08:40:35.000Z,2026-09-18T08:42:25.000Z,110,2.66666666666667,4.5,0,0
2026-09-18T08:47:05.000Z,2026-09-18T08:48:35.000Z,90,4.66666666666667,6.5,0,0
2026-09-18T08:53:15.000Z,2026-09-18T08:54:55.000Z,100,4.66666666666667,6.16666666666667,0,0
2026-09-18T08:57:45.000Z,2026-09-18T08:59:25.000Z,100,2.83333333333333,4.5,0,0
2026-09-18T09:00:05.000Z,2026-09-18T09:00:55.000Z,50,0.666666666666667,2.33333333333333,0,0
2026-09-18T09:04:15.000Z,2026-09-18T09:05:35.000Z,80,3.33333333333333,4.16666666666667,0,0
2026-09-18T09:10:25.000Z,2026-09-18T09:12:05.000Z,100,4.83333333333333,6.16666666666667,0,0
2026-09-18T09:14:45.000Z,2026-09-18T09:16:35.000Z,110,2.66666666666667,4.33333333333333,0,0
2026-09-18T09:16:45.000Z,2026-09-18T09:18:25.000Z,100,0.166666666666667,2,0,0
2026-09-18T09:21:15.000Z,2026-09-18T09:22:45.000Z,90,2.83333333333333,4.5,0,0
2026-09-18T09:27:35.000Z,2026-09-18T09:29:05.000Z,90,4.83333333333333,6.33333333333333,0,0
2026-09-18T09:32:05.000Z,2026-09-18T09:33:25.000Z,80,3,4.5,0,0
2026-09-18T09:33:45.000Z,2026-09-18T09:35:35.000Z,110,0.333333333333333,1.66666666666667,0,0
2026-09-18T09:38:15.000Z,2026-09-18T09:39:55.000Z,100,2.66666666666667,4.5,0,0
2026-09-18T09:44:45.000Z,2026-09-18T09:46:15.000Z,90,4.83333333333333,6.5,0,0
2026-09-18T09:49:25.000Z,2026-09-18T09:50:15.000Z,50,3.16666666666667,4.66666666666667,0,0
2026-09-18T09:50:55.000Z,2026-09-18T09:52:35.000Z,100,0.666666666666667,1.5,0,0
2026-09-18T09:55:25.000Z,2026-09-18T09:57:05.000Z,100,2.83333333333333,4.5,0,0
2026-09-18T10:01:55.000Z,2026-09-18T10:03:15.000Z,80,4.83333333333333,6.5,0,0
2026-09-18T10:07:55.000Z,2026-09-18T10:09:45.000Z,110,4.66666666666667,6,0,0
2026-09-18T10:12:25.000Z,2026-09-18T10:14:15.000Z,110,2.66666666666667,4.5,0,0
2026-09-18T10:14:55.000Z,2026-09-18T10:15:35.000Z,40,0.666666666666667,2.5,0,0
2026-09-18T10:18:55.000Z,2026-09-18T10:20:25.000Z,90,3.33333333333333,4,0,0
2026-09-18T10:25:05.000Z,2026-09-18T10:26:45.000Z,100,4.66666666666667,6.16666666666667,0,0
2026-09-18T10:29:35.000Z,2026-09-18T10:31:15.000Z,100,2.83333333333333,4.5,0,0
2026-09-18T10:31:35.000Z,2026-09-18T10:33:05.000Z,90,0.333333333333333,2,0,0
2026-09-18T10:36:05.000Z,2026-09-18T10:37:35.000Z,90,3,4.5,0,0
2026-09-18T10:42:15.000Z,2026-09-18T10:43:55.000Z,100,4.66666666666667,6.16666666666667,0,0
2026-09-18T10:46:45.000Z,2026-09-18T10:48:15.000Z,90,2.83333333333333,4.5,0,0
2026-09-18T10:48:35.000Z,2026-09-18T10:50:15.000Z,100,0.333333333333333,1.83333333333333,0,0
2026-09-18T10:53:05.000Z,2026-09-18T10:54:45.000Z,100,2.83333333333333,4.5,0,0
2026-09-18T10:59:25.000Z,2026-09-18T11:00:55.000Z,90,4.66666666666667,6.33333333333333,0,0
2026-09-18T11:04:05.000Z,2026-09-18T11:05:05.000Z,60,3.16666666666667,4.66666666666667,0,0
2026-09-18T11:05:35.000Z,2026-09-18T11:07:25.000Z,110,0.5,1.5,0,0
2026-09-18T11:10:05.000Z,2026-09-18T11:11:55.000Z,110,2.66666666666667,4.5,0,0
2026-09-18T11:16:35.000Z,2026-09-18T11:18:05.000Z,90,4.66666666666667,6.5,0,0
2026-09-18T11:22:45.000Z,2026-09-18T11:24:35.000Z,110,4.66666666666667,6.16666666666667,0,0
2026-09-18T11:27:15.000Z,2026-09-18T11:29:05.000Z,110,2.66666666666667,4.5,0,0
2026-09-18T11:29:55.000Z,2026-09-18T11:30:15.000Z,20,0.833333333333333,2.66666666666667,0,0
2026-09-18T11:33:45.000Z,2026-09-18T11:35:05.000Z,80,3.5,3.83333333333333,0,0
2026-09-18T11:39:55.000Z,2026-09-18T11:41:35.000Z,100,4.83333333333333,6.16666666666667,0,0
2026-09-18T11:44:15.000Z,2026-09-18T11:46:05.000Z,110,2.66666666666667,4.33333333333333,0,0
2026-09-18T11:46:25.000Z,2026-09-18T11:47:45.000Z,80,0.333333333333333,2.16666666666667,0,0
2026-09-18T11:50:45.000Z,2026-09-18T11:52:15.000Z,90,3,4.33333333333333,0,0
2026-09-18T11:57:05.000Z,2026-09-18T11:58:35.000Z,90,4.83333333333333,6.33333333333333,0,0
2026-09-18T12:01:35.000Z,2026-09-18T12:03:05.000Z,90,3,4.5,0,0
2026-09-18T12:03:25.000Z,2026-09-18T12:05:05.000Z,100,0.333333333333333,1.83333333333333,0,0
2026-09-18T12:07:55.000Z,2026-09-18T12:09:25.000Z,90,2.83333333333333,4.5,0,0
2026-09-18T12:14:15.000Z,2026-09-18T12:15:45.000Z,90,4.83333333333333,6.33333333333333,0,0
2026-09-18T12:18:45.000Z,2026-09-18T12:19:55.000Z,70,3,4.5,0,0
2026-09-18T12:20:25.000Z,2026-09-18T12:22:15.000Z,110,0.5,1.66666666666667,0,0
2026-09-18T12:24:55.000Z,2026-09-18T12:26:35.000Z,100,2.66666666666667,4.5,0,0
2026-09-18T12:31:25.000Z,2026-09-18T12:32:45.000Z,80,4.83333333333333,6.5,0,0
2026-09-18T12:37:25.000Z,2026-09-18T12:39:15.000Z,110,4.66666666666667,6,0,0
2026-09-18T12:41:55.000Z,2026-09-18T12:43:45.000Z,110,2.66666666666667,4.5,0,0
2026-09-18T12:48:25.000Z,2026-09-18T12:49:55.000Z,90,4.66666666666667,6.5,0,0
2026-09-18T12:54:35.000Z,2026-09-18T12:56:25.000Z,110,4.66666666666667,6.16666666666667,0,0
2026-09-18T12:59:05.000Z,2026-09-18T13:00:55.000Z,110,2.66666666666667,4.5,0,0
2026-09-18T13:01:15.000Z,2026-09-18T13:02:35.000Z,80,0.333333333333333,2.16666666666667,0,0
2026-09-18T13:05:35.000Z,2026-09-18T13:07:05.000Z,90,3,4.33333333333333,0,0
2026-09-18T13:11:45.000Z,2026-09-18T13:13:25.000Z,100,4.66666666666667,6.16666666666667,0,0
2026-09-18T13:16:15.000Z,2026-09-18T13:17:55.000Z,100,2.83333333333333,4.5,0,0
2026-09-18T13:18:05.000Z,2026-09-18T13:19:45.000Z,100,0.166666666666667,1.83333333333333,0,0
2026-09-18T13:22:35.000Z,2026-09-18T13:24:15.000Z,100,2.83333333333333,4.5,0,0
2026-09-18T13:28:55.000Z,2026-09-18T13:30:25.000Z,90,4.66666666666667,6.33333333333333,0,0
2026-09-18T13:33:35.000Z,2026-09-18T13:34:45.000Z,70,3.16666666666667,4.66666666666667,0,0
2026-09-18T13:35:15.000Z,2026-09-18T13:36:55.000Z,100,0.5,1.66666666666667,0,0
2026-09-18T13:39:45.000Z,2026-09-18T13:41:25.000Z,100,2.83333333333333,4.5,0,0
2026-09-18T13:46:05.000Z,2026-09-18T13:47:35.000Z,90,4.66666666666667,6.33333333333333,0,0
2026-09-18T13:52:15.000Z,2026-09-18T13:54:05.000Z,110,4.66666666666667,6.16666666666667,0,0
2026-09-18T13:56:45.000Z,2026-09-18T13:58:35.000Z,110,2.66666666666667,4.5,0,0
2026-09-18T14:03:15.000Z,2026-09-18T14:04:45.000Z,90,4.66666666666667,6.5,0,0
2026-09-18T14:09:25.000Z,2026-09-18T14:11:05.000Z,100,4.66666666666667,6.16666666666667,0,0
2026-09-18T14:13:55.000Z,2026-09-18T14:15:35.000Z,100,2.83333333333333,4.5,0,0
2026-09-18T14:16:05.000Z,2026-09-18T14:17:15.000Z,70,0.5,2.16666666666667,0,0
2026-09-18T14:20:25.000Z,2026-09-18T14:21:45.000Z,80,3.16666666666667,4.33333333333333,0,0
2026-09-18T14:26:35.000Z,2026-09-18T14:28:15.000Z,100,4.83333333333333,6.16666666666667,0,0
2026-09-18T14:30:55.000Z,2026-09-18T14:32:45.000Z,110,2.66666666666667,4.33333333333333,0,0
2026-09-18T14:32:55.000Z,2026-09-18T14:34:35.000Z,100,0.166666666666667,2,0,0
2026-09-18T14:37:25.000Z,2026-09-18T14:38:55.000Z,90,2.83333333333333,4.5,0,0
2026-09-18T14:43:45.000Z,2026-09-18T14:45:15.000Z,90,4.83333333333333,6.33333333333333,0,0
2026-09-18T14:48:15.000Z,2026-09-18T14:49:35.000Z,80,3,4.5,0,0
2026-09-18T14:49:55.000Z,2026-09-18T14:51:45.000Z,110,0.333333333333333,1.66666666666667,0,0
2026-09-18T14:54:25.000Z,2026-09-18T14:56:05.000Z,100,2.66666666666667,4.5,0,0
2026-09-18T15:00:55.000Z,2026-09-18T15:02:25.000Z,90,4.83333333333333,6.5,0,0
2026-09-18T15:05:45.000Z,2026-09-18T15:06:15.000Z,30,3.33333333333333,4.83333333333333,0,0
2026-09-18T15:07:05.000Z,2026-09-18T15:08:45.000Z,100,0.833333333333333,1.33333333333333,0,0
2026-09-18T15:11:35.000Z,2026-09-18T15:13:15.000Z,100,2.83333333333333,4.5,0,0
2026-09-18T15:18:05.000Z,2026-09-18T15:19:25.000Z,80,4.83333333333333,6.5,0,0
2026-09-18T15:24:05.000Z,2026-09-18T15:25:55.000Z,110,4.66666666666667,6,0,0
2026-09-18T15:28:35.000Z,2026-09-18T15:30:25.000Z,110,2.66666666666667,4.5,0,0
2026-09-18T15:30:55.000Z,2026-09-18T15:31:55.000Z,60,0.5,2.33333333333333,0,0
2026-09-18T15:35:05.000Z,2026-09-18T15:36:35.000Z,90,3.16666666666667,4.16666666666667,0,0
2026-09-18T15:41:15.000Z,2026-09-18T15:42:55.000Z,100,4.66666666666667,6.16666666666667,0,0
2026-09-18T15:45:45.000Z,2026-09-18T15:47:25.000Z,100,2.83333333333333,4.5,0,0
2026-09-18T15:47:45.000Z,2026-09-18T15:49:15.000Z,90,0.333333333333333,2,0,0
2026-09-18T15:52:15.000Z,2026-09-18T15:53:45.000Z,90,3,4.5,0,0
2026-09-18T15:58:25.000Z,2026-09-18T16:00:05.000Z,100,4.66666666666667,6.16666666666667,0,0
2026-09-18T16:02:55.000Z,2026-09-18T16:04:25.000Z,90,2.83333333333333,4.5,0,0
2026-09-18T16:04:45.000Z,2026-09-18T16:06:25.000Z,100,0.333333333333333,1.83333333333333,0,0
2026-09-18T16:09:15.000Z,2026-09-18T16:10:55.000Z,100,2.83333333333333,4.5,0,0
2026-09-18T16:15:35.000Z,2026-09-18T16:17:05.000Z,90,4.66666666666667,6.33333333333333,0,0
2026-09-18T16:20:25.000Z,2026-09-18T16:21:15.000Z,50,3.33333333333333,4.83333333333333,0,0
2026-09-18T16:21:45.000Z,2026-09-18T16:23:35.000Z,110,0.5,1.33333333333333,0,0
2026-09-18T16:26:15.000Z,2026-09-18T16:28:05.000Z,110,2.66666666666667,4.5,0,0
2026-09-18T16:32:45.000Z,2026-09-18T16:34:15.000Z,90,4.66666666666667,6.5,0,0
2026-09-18T16:38:55.000Z,2026-09-18T16:40:45.000Z,110,4.66666666666667,6.16666666666667,0,0
2026-09-18T16:43:25.000Z,2026-09-18T16:45:15.000Z,110,2.66666666666667,4.5,0,0
2026-09-18T16:45:55.000Z,2026-09-18T16:46:35.000Z,40,0.666666666666667,2.5,0,0
2026-09-18T16:49:55.000Z,2026-09-18T16:51:25.000Z,90,3.33333333333333,4,0,0
2026-09-18T16:56:05.000Z,2026-09-18T16:57:45.000Z,100,4.66666666666667,6.16666666666667,0,0
2026-09-18T17:00:35.000Z,2026-09-18T17:02:15.000Z,100,2.83333333333333,4.5,0,0
2026-09-18T17:02:35.000Z,2026-09-18T17:04:05.000Z,90,0.333333333333333,2,0,0
2026-09-18T17:06:55.000Z,2026-09-18T17:08:25.000Z,90,2.83333333333333,4.33333333333333,0,0
2026-09-18T17:13:15.000Z,2026-09-18T17:14:45.000Z,90,4.83333333333333,6.33333333333333,0,0
2026-09-18T17:17:45.000Z,2026-09-18T17:19:15.000Z,90,3,4.5,0,0
2026-09-18T17:19:35.000Z,2026-09-18T17:21:15.000Z,100,0.333333333333333,1.83333333333333,0,0
2026-09-18T17:24:05.000Z,2026-09-18T17:25:35.000Z,90,2.83333333333333,4.5,0,0
2026-09-18T17:30:25.000Z,2026-09-18T17:31:55.000Z,90,4.83333333333333,6.33333333333333,0,0
2026-09-18T17:35:05.000Z,2026-09-18T17:36:05.000Z,60,3.16666666666667,4.66666666666667,0,0
2026-09-18T17:36:35.000Z,2026-09-18T17:38:25.000Z,110,0.5,1.5,0,0
2026-09-18T17:41:05.000Z,2026-09-18T17:42:45.000Z,100,2.66666666666667,4.5,0,0
2026-09-18T17:47:35.000Z,2026-09-18T17:48:55.000Z,80,4.83333333333333,6.5,0,0
2026-09-18T17:53:45.000Z,2026-09-18T17:55:25.000Z,100,4.83333333333333,6.16666666666667,0,0
2026-09-18T17:58:05.000Z,2026-09-18T17:59:55.000Z,110,2.66666666666667,4.33333333333333,0,0
2026-09-18T18:04:35.000Z,2026-09-18T18:06:05.000Z,90,4.66666666666667,6.5,0,0
2026-09-18T18:10:45.000Z,2026-09-18T18:12:35.000Z,110,4.66666666666667,6.16666666666667,0,0
2026-09-18T18:15:15.000Z,2026-09-18T18:17:05.000Z,110,2.66666666666667,4.5,0,0
2026-09-18T18:17:25.000Z,2026-09-18T18:18:45.000Z,80,0.333333333333333,2.16666666666667,0,0
2026-09-18T18:21:45.000Z,2026-09-18T18:23:15.000Z,90,3,4.33333333333333,0,0
2026-09-18T18:27:55.000Z,2026-09-18T18:29:35.000Z,100,4.66666666666667,6.16666666666667,0,0
2026-09-18T18:32:25.000Z,2026-09-18T18:34:05.000Z,100,2.83333333333333,4.5,0,0
2026-09-18T18:34:15.000Z,2026-09-18T18:35:55.000Z,100,0.166666666666667,1.83333333333333,0,0
2026-09-18T18:38:45.000Z,2026-09-18T18:40:25.000Z,100,2.83333333333333,4.5,0,0
2026-09-18T18:45:05.000Z,2026-09-18T18:46:35.000Z,90,4.66666666666667,6.33333333333333,0,0
2026-09-18T18:49:45.000Z,2026-09-18T18:50:55.000Z,70,3.16666666666667,4.66666666666667,0,0
2026-09-18T18:51:15.000Z,2026-09-18T18:53:05.000Z,110,0.333333333333333,1.5,0,0
2026-09-18T18:55:55.000Z,2026-09-18T18:57:35.000Z,100,2.83333333333333,4.66666666666667,0,0
2026-09-18T19:02:15.000Z,2026-09-18T19:03:45.000Z,90,4.66666666666667,6.33333333333333,0,0
2026-09-18T19:08:25.000Z,2026-09-18T19:10:15.000Z,110,4.66666666666667,6.16666666666667,0,0
2026-09-18T19:12:55.000Z,2026-09-18T19:14:45.000Z,110,2.66666666666667,4.5,0,0
2026-09-18T19:19:25.000Z,2026-09-18T19:20:55.000Z,90,4.66666666666667,6.5,0,0
2026-09-18T19:25:35.000Z,2026-09-18T19:27:15.000Z,100,4.66666666666667,6.16666666666667,0,0
2026-09-18T19:30:05.000Z,2026-09-18T19:31:45.000Z,100,2.83333333333333,4.5,0,0
2026-09-18T19:32:15.000Z,2026-09-18T19:33:25.000Z,70,0.5,2.16666666666667,0,0
2026-09-18T19:36:35.000Z,2026-09-18T19:38:05.000Z,90,3.16666666666667,4.33333333333333,0,0
2026-09-18T19:42:45.000Z,2026-09-18T19:44:25.000Z,100,4.66666666666667,6.16666666666667,0,0
2026-09-18T19:47:15.000Z,2026-09-18T19:48:55.000Z,100,2.83333333333333,4.5,0,0
2026-09-18T19:49:05.000Z,2026-09-18T19:50:45.000Z,100,0.166666666666667,1.83333333333333,0,0
2026-09-18T19:53:35.000Z,2026-09-18T19:55:15.000Z,100,2.83333333333333,4.5,0,0
2026-09-18T19:59:55.000Z,2026-09-18T20:01:25.000Z,90,4.66666666666667,6.33333333333333,0,0
2026-09-18T20:04:25.000Z,2026-09-18T20:05:45.000Z,80,3,4.5,0,0
2026-09-18T20:06:05.000Z,2026-09-18T20:07:55.000Z,110,0.333333333333333,1.66666666666667,0,0
2026-09-18T20:10:35.000Z,2026-09-18T20:12:25.000Z,110,2.66666666666667,4.5,0,0
2026-09-18T20:17:05.000Z,2026-09-18T20:18:35.000Z,90,4.66666666666667,6.5,0,0
2026-09-18T20:23:15.000Z,2026-09-18T20:24:55.000Z,100,4.66666666666667,6.16666666666667,0,0
2026-09-18T20:27:45.000Z,2026-09-18T20:29:25.000Z,100,2.83333333333333,4.5,0,0
2026-09-18T20:34:15.000Z,2026-09-18T20:35:35.000Z,80,4.83333333333333,6.5,0,0
2026-09-18T20:40:15.000Z,2026-09-18T20:42:05.000Z,110,4.66666666666667,6,0,0
2026-09-18T20:44:45.000Z,2026-09-18T20:46:35.000Z,110,2.66666666666667,4.5,0,0
2026-09-18T20:47:05.000Z,2026-09-18T20:48:05.000Z,60,0.5,2.33333333333333,0,0
2026-09-18T20:51:15.000Z,2026-09-18T20:52:45.000Z,90,3.16666666666667,4.16666666666667,0,0
2026-09-18T20:57:25.000Z,2026-09-18T20:59:05.000Z,100,4.66666666666667,6.16666666666667,0,0
2026-09-18T21:01:55.000Z,2026-09-18T21:03:35.000Z,100,2.83333333333333,4.5,0,0
2026-09-18T21:03:55.000Z,2026-09-18T21:05:25.000Z,90,0.333333333333333,2,0,0
2026-09-18T21:08:25.000Z,2026-09-18T21:09:55.000Z,90,3,4.5,0,0
2026-09-18T21:14:35.000Z,2026-09-18T21:16:15.000Z,100,4.66666666666667,6.16666666666667,0,0
2026-09-18T21:19:05.000Z,2026-09-18T21:20:35.000Z,90,2.83333333333333,4.5,0,0
2026-09-18T21:20:55.000Z,2026-09-18T21:22:35.000Z,100,0.333333333333333,1.83333333333333,0,0
2026-09-18T21:25:25.000Z,2026-09-18T21:27:05.000Z,100,2.83333333333333,4.5,0,0
2026-09-18T21:31:45.000Z,2026-09-18T21:33:15.000Z,90,4.66666666666667,6.33333333333333,0,0
2026-09-18T21:36:35.000Z,2026-09-18T21:37:15.000Z,40,3.33333333333333,4.83333333333333,0,0
2026-09-18T21:37:55.000Z,2026-09-18T21:39:45.000Z,110,0.666666666666667,1.33333333333333,0,0
2026-09-18T21:42:25.000Z,2026-09-18T21:44:15.000Z,110,2.66666666666667,4.5,0,0
2026-09-18T21:48:55.000Z,2026-09-18T21:50:25.000Z,90,4.66666666666667,6.5,0,0
2026-09-18T21:55:05.000Z,2026-09-18T21:56:55.000Z,110,4.66666666666667,6.16666666666667,0,0
2026-09-18T21:59:35.000Z,2026-09-18T22:01:25.000Z,110,2.66666666666667,4.5,0,0
2026-09-18T22:01:55.000Z,2026-09-18T22:02:45.000Z,50,0.5,2.33333333333333,0,0
2026-09-18T22:06:05.000Z,2026-09-18T22:07:35.000Z,90,3.33333333333333,4.16666666666667,0,0
2026-09-18T22:12:15.000Z,2026-09-18T22:13:55.000Z,100,4.66666666666667,6.16666666666667,0,0
2026-09-18T22:16:45.000Z,2026-09-18T22:18:25.000Z,100,2.83333333333333,4.5,0,0
2026-09-18T22:18:45.000Z,2026-09-18T22:20:15.000Z,90,0.333333333333333,2,0,0
2026-09-18T22:23:05.000Z,2026-09-18T22:24:45.000Z,100,2.83333333333333,4.33333333333333,0,0
2026-09-18T22:29:25.000Z,2026-09-18T22:30:55.000Z,90,4.66666666666667,6.33333333333333,0,0
2026-09-18T22:33:55.000Z,2026-09-18T22:35:25.000Z,90,3,4.5,0,0
2026-09-18T22:35:35.000Z,2026-09-18T22:37:25.000Z,110,0.166666666666667,1.66666666666667,0,0
2026-09-18T22:40:15.000Z,2026-09-18T22:41:55.000Z,100,2.83333333333333,4.66666666666667,0,0
2026-09-18T22:46:35.000Z,2026-09-18T22:48:05.000Z,90,4.66666666666667,6.33333333333333,0,0
2026-09-18T22:51:15.000Z,2026-09-18T22:52:05.000Z,50,3.16666666666667,4.66666666666667,0,0
2026-09-18T22:52:45.000Z,2026-09-18T22:54:35.000Z,110,0.666666666666667,1.5,0,0
2026-09-18T22:57:15.000Z,2026-09-18T22:59:05.000Z,110,2.66666666666667,4.5,0,0
2026-09-18T23:03:45.000Z,2026-09-18T23:05:05.000Z,80,4.66666666666667,6.5,0,0
2026-09-18T23:09:55.000Z,2026-09-18T23:11:35.000Z,100,4.83333333333333,6.16666666666667,0,0
2026-09-18T23:14:15.000Z,2026-09-18T23:16:05.000Z,110,2.66666666666667,4.33333333333333,0,0
2026-09-18T23:16:55.000Z,2026-09-18T23:17:25.000Z,30,0.833333333333333,2.66666666666667,0,0
2026-09-18T23:20:45.000Z,2026-09-18T23:22:15.000Z,90,3.33333333333333,3.83333333333333,0,0
2026-09-18T23:26:55.000Z,2026-09-18T23:28:45.000Z,110,4.66666666666667,6.16666666666667,0,0
2026-09-18T23:31:25.000Z,2026-09-18T23:33:15.000Z,110,2.66666666666667,4.5,0,0
2026-09-18T23:33:35.000Z,2026-09-18T23:34:55.000Z,80,0.333333333333333,2.16666666666667,0,0
2026-09-18T23:37:55.000Z,2026-09-18T23:39:25.000Z,90,3,4.33333333333333,0,0
2026-09-18T23:44:05.000Z,2026-09-18T23:45:45.000Z,100,4.66666666666667,6.16666666666667,0,0
2026-09-18T23:48:35.000Z,2026-09-18T23:50:15.000Z,100,2.83333333333333,4.5,0,0
2026-09-18T23:50:25.000Z,2026-09-18T23:52:05.000Z,100,0.166666666666667,1.83333333333333,0,0
2026-09-18T23:54:55.000Z,2026-09-18T23:56:35.000Z,100,2.83333333333333,4.5,0,0
2026-09-19T00:01:15.000Z,2026-09-19T00:02:45.000Z,90,4.66666666666667,6.33333333333333,0,0
2026-09-19T00:05:55.000Z,2026-09-19T00:07:05.000Z,70,3.16666666666667,4.66666666666667,0,0
2026-09-19T00:07:25.000Z,2026-09-19T00:09:15.000Z,110,0.333333333333333,1.5,0,0
2026-09-19T00:12:05.000Z,2026-09-19T00:13:45.000Z,100,2.83333333333333,4.66666666666667,0,0
2026-09-19T00:18:25.000Z,2026-09-19T00:19:55.000Z,90,4.66666666666667,6.33333333333333,0,0
2026-09-19T00:24:35.000Z,2026-09-19T00:26:25.000Z,110,4.66666666666667,6.16666666666667,0,0
2026-09-19T00:29:05.000Z,2026-09-19T00:30:55.000Z,110,2.66666666666667,4.5,0,0
2026-09-19T00:35:35.000Z,2026-09-19T00:37:05.000Z,90,4.66666666666667,6.5,0,0
2026-09-19T00:41:45.000Z,2026-09-19T00:43:25.000Z,100,4.66666666666667,6.16666666666667,0,0
2026-09-19T00:46:15.000Z,2026-09-19T00:47:55.000Z,100,2.83333333333333,4.5,0,0
2026-09-19T00:48:25.000Z,2026-09-19T00:49:35.000Z,70,0.5,2.16666666666667,0,0
2026-09-19T00:52:45.000Z,2026-09-19T00:54:15.000Z,90,3.16666666666667,4.33333333333333,0,0
2026-09-19T00:58:55.000Z,2026-09-19T01:00:35.000Z,100,4.66666666666667,6.16666666666667,0,0
2026-09-19T01:03:25.000Z,2026-09-19T01:04:55.000Z,90,2.83333333333333,4.5,0,0
2026-09-19T01:05:15.000Z,2026-09-19T01:06:55.000Z,100,0.333333333333333,1.83333333333333,0,0
2026-09-19T01:09:45.000Z,2026-09-19T01:11:25.000Z,100,2.83333333333333,4.5,0,0
2026-09-19T01:16:05.000Z,2026-09-19T01:17:35.000Z,90,4.66666666666667,6.33333333333333,0,0
2026-09-19T01:20:35.000Z,2026-09-19T01:21:55.000Z,80,3,4.5,0,0
2026-09-19T01:22:15.000Z,2026-09-19T01:24:05.000Z,110,0.333333333333333,1.66666666666667,0,0
2026-09-19T01:26:45.000Z,2026-09-19T01:28:35.000Z,110,2.66666666666667,4.5,0,0
2026-09-19T01:33:15.000Z,2026-09-19T01:34:45.000Z,90,4.66666666666667,6.5,0,0
2026-09-19T01:39:25.000Z,2026-09-19T01:41:05.000Z,100,4.66666666666667,6.16666666666667,0,0
2026-09-19T01:43:55.000Z,2026-09-19T01:45:35.000Z,100,2.83333333333333,4.5,0,0
2026-09-19T01:50:25.000Z,2026-09-19T01:51:45.000Z,80,4.83333333333333,6.5,0,0
2026-09-19T01:56:35.000Z,2026-09-19T01:58:15.000Z,100,4.83333333333333,6.16666666666667,0,0
2026-09-19T02:00:55.000Z,2026-09-19T02:02:45.000Z,110,2.66666666666667,4.33333333333333,0,0
2026-09-19T02:03:15.000Z,2026-09-19T02:04:25.000Z,70,0.5,2.33333333333333,0,0
2026-09-19T02:07:25.000Z,2026-09-19T02:08:55.000Z,90,3,4.16666666666667,0,0
2026-09-19T02:13:45.000Z,2026-09-19T02:15:15.000Z,90,4.83333333333333,6.33333333333333,0,0
2026-09-19T02:18:05.000Z,2026-09-19T02:19:45.000Z,100,2.83333333333333,4.33333333333333,0,0
2026-09-19T02:20:05.000Z,2026-09-19T02:21:35.000Z,90,0.333333333333333,2,0,0
2026-09-19T02:24:35.000Z,2026-09-19T02:26:05.000Z,90,3,4.5,0,0
2026-09-19T02:30:55.000Z,2026-09-19T02:32:25.000Z,90,4.83333333333333,6.33333333333333,0,0
2026-09-19T02:35:25.000Z,2026-09-19T02:36:45.000Z,80,3,4.5,0,0
2026-09-19T02:37:05.000Z,2026-09-19T02:38:45.000Z,100,0.333333333333333,1.66666666666667,0,0
2026-09-19T02:41:35.000Z,2026-09-19T02:43:15.000Z,100,2.83333333333333,4.5,0,0
2026-09-19T02:47:55.000Z,2026-09-19T02:49:25.000Z,90,4.66666666666667,6.33333333333333,0,0
2026-09-19T02:53:05.000Z,2026-09-19T02:53:15.000Z,10,3.66666666666667,5.16666666666667,0,0
2026-09-19T02:54:05.000Z,2026-09-19T02:55:55.000Z,110,0.833333333333333,1,0,0
2026-09-19T02:58:35.000Z,2026-09-19T03:00:25.000Z,110,2.66666666666667,4.5,0,0
2026-09-19T03:05:05.000Z,2026-09-19T03:06:35.000Z,90,4.66666666666667,6.5,0,0
2026-09-19T03:11:15.000Z,2026-09-19T03:13:05.000Z,110,4.66666666666667,6.16666666666667,0,0
2026-09-19T03:15:45.000Z,2026-09-19T03:17:35.000Z,110,2.66666666666667,4.5,0,0
2026-09-19T03:18:05.000Z,2026-09-19T03:19:05.000Z,60,0.5,2.33333333333333,0,0
2026-09-19T03:22:15.000Z,2026-09-19T03:23:45.000Z,90,3.16666666666667,4.16666666666667,0,0
2026-09-19T03:28:25.000Z,2026-09-19T03:30:05.000Z,100,4.66666666666667,6.16666666666667,0,0
2026-09-19T03:32:55.000Z,2026-09-19T03:34:35.000Z,100,2.83333333333333,4.5,0,0
2026-09-19T03:34:55.000Z,2026-09-19T03:36:25.000Z,90,0.333333333333333,2,0,0
2026-09-19T03:39:15.000Z,2026-09-19T03:40:55.000Z,100,2.83333333333333,4.33333333333333,0,0
2026-09-19T03:45:35.000Z,2026-09-19T03:47:05.000Z,90,4.66666666666667,6.33333333333333,0,0
2026-09-19T03:50:05.000Z,2026-09-19T03:51:35.000Z,90,3,4.5,0,0
2026-09-19T03:51:45.000Z,2026-09-19T03:53:35.000Z,110,0.166666666666667,1.66666666666667,0,0
2026-09-19T03:56:25.000Z,2026-09-19T03:58:05.000Z,100,2.83333333333333,4.66666666666667,0,0
2026-09-19T04:02:45.000Z,2026-09-19T04:04:15.000Z,90,4.66666666666667,6.33333333333333,0,0
2026-09-19T04:07:35.000Z,2026-09-19T04:08:15.000Z,40,3.33333333333333,4.83333333333333,0,0
2026-09-19T04:08:55.000Z,2026-09-19T04:10:45.000Z,110,0.666666666666667,1.33333333333333,0,0
2026-09-19T04:13:25.000Z,2026-09-19T04:15:15.000Z,110,2.66666666666667,4.5,0,0
2026-09-19T04:19:55.000Z,2026-09-19T04:21:15.000Z,80,4.66666666666667,6.5,0,0
2026-09-19T04:26:05.000Z,2026-09-19T04:27:45.000Z,100,4.83333333333333,6.16666666666667,0,0
2026-09-19T04:30:25.000Z,2026-09-19T04:32:15.000Z,110,2.66666666666667,4.33333333333333,0,0
2026-09-19T04:32:55.000Z,2026-09-19T04:33:45.000Z,50,0.666666666666667,2.5,0,0
2026-09-19T04:36:55.000Z,2026-09-19T04:38:25.000Z,90,3.16666666666667,4,0,0
2026-09-19T04:43:15.000Z,2026-09-19T04:44:55.000Z,100,4.83333333333333,6.33333333333333,0,0
2026-09-19T04:47:35.000Z,2026-09-19T04:49:25.000Z,110,2.66666666666667,4.33333333333333,0,0
2026-09-19T04:49:35.000Z,2026-09-19T04:51:05.000Z,90,0.166666666666667,2,0,0
2026-09-19T04:54:05.000Z,2026-09-19T04:55:35.000Z,90,3,4.5,0,0
2026-09-19T05:00:25.000Z,2026-09-19T05:01:55.000Z,90,4.83333333333333,6.33333333333333,0,0
2026-09-19T05:04:45.000Z,2026-09-19T05:06:25.000Z,100,2.83333333333333,4.33333333333333,0,0
2026-09-19T05:06:35.000Z,2026-09-19T05:08:25.000Z,110,0.166666666666667,1.83333333333333,0,0
2026-09-19T05:11:05.000Z,2026-09-19T05:12:45.000Z,100,2.66666666666667,4.5,0,0
2026-09-19T05:17:35.000Z,2026-09-19T05:18:55.000Z,80,4.83333333333333,6.5,0,0
2026-09-19T05:22:15.000Z,2026-09-19T05:23:05.000Z,50,3.33333333333333,4.66666666666667,0,0
2026-09-19T05:23:35.000Z,2026-09-19T05:25:25.000Z,110,0.5,1.33333333333333,0,0
2026-09-19T05:28:15.000Z,2026-09-19T05:29:55.000Z,100,2.83333333333333,4.66666666666667,0,0
2026-09-19T05:34:35.000Z,2026-09-19T05:36:05.000Z,90,4.66666666666667,6.33333333333333,0,0
2026-09-19T05:40:45.000Z,2026-09-19T05:42:35.000Z,110,4.66666666666667,6.16666666666667,0,0
2026-09-19T05:45:15.000Z,2026-09-19T05:47:05.000Z,110,2.66666666666667,4.5,0,0
2026-09-19T05:47:55.000Z,2026-09-19T05:48:15.000Z,20,0.833333333333333,2.66666666666667,0,0
2026-09-19T05:51:45.000Z,2026-09-19T05:53:15.000Z,90,3.5,3.83333333333333,0,0
2026-09-19T05:57:55.000Z,2026-09-19T05:59:35.000Z,100,4.66666666666667,6.16666666666667,0,0
2026-09-19T06:02:25.000Z,2026-09-19T06:04:05.000Z,100,2.83333333333333,4.5,0,0
2026-09-19T06:04:25.000Z,2026-09-19T06:05:55.000Z,90,0.333333333333333,2,0,0
2026-09-19T06:08:55.000Z,2026-09-19T06:10:25.000Z,90,3,4.5,0,0
2026-09-19T06:15:05.000Z,2026-09-19T06:16:45.000Z,100,4.66666666666667,6.16666666666667,0,0
2026-09-19T06:19:35.000Z,2026-09-19T06:21:05.000Z,90,2.83333333333333,4.5,0,0
2026-09-19T06:21:25.000Z,2026-09-19T06:23:05.000Z,100,0.333333333333333,1.83333333333333,0,0
2026-09-19T06:25:55.000Z,2026-09-19T06:27:35.000Z,100,2.83333333333333,4.5,0,0
2026-09-19T06:32:15.000Z,2026-09-19T06:33:45.000Z,90,4.66666666666667,6.33333333333333,0,0
2026-09-19T06:36:55.000Z,2026-09-19T06:37:55.000Z,60,3.16666666666667,4.66666666666667,0,0
2026-09-19T06:38:25.000Z,2026-09-19T06:40:15.000Z,110,0.5,1.5,0,0
2026-09-19T06:42:55.000Z,2026-09-19T06:44:45.000Z,110,2.66666666666667,4.5,0,0
2026-09-19T06:49:25.000Z,2026-09-19T06:50:55.000Z,90,4.66666666666667,6.5,0,0
2026-09-19T06:55:35.000Z,2026-09-19T06:57:15.000Z,100,4.66666666666667,6.16666666666667,0,0
2026-09-19T07:00:05.000Z,2026-09-19T07:01:45.000Z,100,2.83333333333333,4.5,0,0
2026-09-19T07:06:35.000Z,2026-09-19T07:07:55.000Z,80,4.83333333333333,6.5,0,0
2026-09-19T07:12:45.000Z,2026-09-19T07:14:25.000Z,100,4.83333333333333,6.16666666666667,0,0
2026-09-19T07:17:05.000Z,2026-09-19T07:18:55.000Z,110,2.66666666666667,4.33333333333333,0,0
2026-09-19T07:19:15.000Z,2026-09-19T07:20:35.000Z,80,0.333333333333333,2.16666666666667,0,0
2026-09-19T07:23:35.000Z,2026-09-19T07:25:05.000Z,90,3,4.33333333333333,0,0
2026-09-19T07:29:55.000Z,2026-09-19T07:31:25.000Z,90,4.83333333333333,6.33333333333333,0,0
2026-09-19T07:34:15.000Z,2026-09-19T07:35:55.000Z,100,2.83333333333333,4.33333333333333,0,0
2026-09-19T07:36:15.000Z,2026-09-19T07:37:55.000Z,100,0.333333333333333,2,0,0
2026-09-19T07:40:45.000Z,2026-09-19T07:42:15.000Z,90,2.83333333333333,4.5,0,0
2026-09-19T07:47:05.000Z,2026-09-19T07:48:35.000Z,90,4.83333333333333,6.33333333333333,0,0
2026-09-19T07:51:35.000Z,2026-09-19T07:52:55.000Z,80,3,4.5,0,0
2026-09-19T07:53:15.000Z,2026-09-19T07:54:55.000Z,100,0.333333333333333,1.66666666666667,0,0
2026-09-19T07:57:45.000Z,2026-09-19T07:59:25.000Z,100,2.83333333333333,4.5,0,0
2026-09-19T08:04:05.000Z,2026-09-19T08:05:35.000Z,90,4.66666666666667,6.33333333333333,0,0
2026-09-19T08:10:15.000Z,2026-09-19T08:12:05.000Z,110,4.66666666666667,6.16666666666667,0,0
2026-09-19T08:14:45.000Z,2026-09-19T08:16:35.000Z,110,2.66666666666667,4.5,0,0
2026-09-19T08:21:15.000Z,2026-09-19T08:22:45.000Z,90,4.66666666666667,6.5,0,0
2026-09-19T08:27:25.000Z,2026-09-19T08:29:15.000Z,110,4.66666666666667,6.16666666666667,0,0
2026-09-19T08:31:55.000Z,2026-09-19T08:33:45.000Z,110,2.66666666666667,4.5,0,0
2026-09-19T08:34:05.000Z,2026-09-19T08:35:15.000Z,70,0.333333333333333,2.16666666666667,0,0
2026-09-19T08:38:25.000Z,2026-09-19T08:39:55.000Z,90,3.16666666666667,4.33333333333333,0,0
2026-09-19T08:44:35.000Z,2026-09-19T08:46:15.000Z,100,4.66666666666667,6.16666666666667,0,0
2026-09-19T08:49:05.000Z,2026-09-19T08:50:45.000Z,100,2.83333333333333,4.5,0,0
2026-09-19T08:50:55.000Z,2026-09-19T08:52:35.000Z,100,0.166666666666667,1.83333333333333,0,0
2026-09-19T08:55:25.000Z,2026-09-19T08:57:05.000Z,100,2.83333333333333,4.5,0,0
2026-09-19T09:01:45.000Z,2026-09-19T09:03:15.000Z,90,4.66666666666667,6.33333333333333,0,0
2026-09-19T09:06:15.000Z,2026-09-19T09:07:35.000Z,80,3,4.5,0,0
2026-09-19T09:07:55.000Z,2026-09-19T09:09:45.000Z,110,0.333333333333333,1.66666666666667,0,0
2026-09-19T09:12:35.000Z,2026-09-19T09:14:15.000Z,100,2.83333333333333,4.66666666666667,0,0
2026-09-19T09:18:55.000Z,2026-09-19T09:20:25.000Z,90,4.66666666666667,6.33333333333333,0,0
2026-09-19T09:23:55.000Z,2026-09-19T09:24:15.000Z,20,3.5,5,0,0
2026-09-19T09:25:05.000Z,2026-09-19T09:26:55.000Z,110,0.833333333333333,1.16666666666667,0,0
2026-09-19T09:29:35.000Z,2026-09-19T09:31:25.000Z,110,2.66666666666667,4.5,0,0
2026-09-19T09:36:05.000Z,2026-09-19T09:37:25.000Z,80,4.66666666666667,6.5,0,0
2026-09-19T09:42:15.000Z,2026-09-19T09:43:55.000Z,100,4.83333333333333,6.16666666666667,0,0
2026-09-19T09:46:35.000Z,2026-09-19T09:48:25.000Z,110,2.66666666666667,4.33333333333333,0,0
2026-09-19T09:49:05.000Z,2026-09-19T09:49:55.000Z,50,0.666666666666667,2.5,0,0
2026-09-19T09:53:05.000Z,2026-09-19T09:54:35.000Z,90,3.16666666666667,4,0,0
2026-09-19T09:59:25.000Z,2026-09-19T10:01:05.000Z,100,4.83333333333333,6.33333333333333,0,0
2026-09-19T10:03:45.000Z,2026-09-19T10:05:35.000Z,110,2.66666666666667,4.33333333333333,0,0
2026-09-19T10:05:45.000Z,2026-09-19T10:07:15.000Z,90,0.166666666666667,2,0,0
2026-09-19T10:10:15.000Z,2026-09-19T10:11:45.000Z,90,3,4.5,0,0
2026-09-19T10:16:35.000Z,2026-09-19T10:18:05.000Z,90,4.83333333333333,6.33333333333333,0,0
2026-09-19T10:21:05.000Z,2026-09-19T10:22:25.000Z,80,3,4.5,0,0
2026-09-19T10:22:45.000Z,2026-09-19T10:24:35.000Z,110,0.333333333333333,1.66666666666667,0,0
2026-09-19T10:27:15.000Z,2026-09-19T10:28:55.000Z,100,2.66666666666667,4.5,0,0
2026-09-19T10:33:45.000Z,2026-09-19T10:35:05.000Z,80,4.83333333333333,6.5,0,0
2026-09-19T10:38:25.000Z,2026-09-19T10:39:15.000Z,50,3.33333333333333,4.66666666666667,0,0
2026-09-19T10:39:45.000Z,2026-09-19T10:41:35.000Z,110,0.5,1.33333333333333,0,0
2026-09-19T10:44:25.000Z,2026-09-19T10:46:05.000Z,100,2.83333333333333,4.66666666666667,0,0
2026-09-19T10:50:45.000Z,2026-09-19T10:52:15.000Z,90,4.66666666666667,6.33333333333333,0,0
2026-09-19T10:56:55.000Z,2026-09-19T10:58:45.000Z,110,4.66666666666667,6.16666666666667,0,0
2026-09-19T11:01:25.000Z,2026-09-19T11:03:15.000Z,110,2.66666666666667,4.5,0,0
2026-09-19T11:03:55.000Z,2026-09-19T11:04:35.000Z,40,0.666666666666667,2.5,0,0
2026-09-19T11:07:55.000Z,2026-09-19T11:09:25.000Z,90,3.33333333333333,4,0,0
2026-09-19T11:14:05.000Z,2026-09-19T11:15:45.000Z,100,4.66666666666667,6.16666666666667,0,0
2026-09-19T11:18:35.000Z,2026-09-19T11:20:15.000Z,100,2.83333333333333,4.5,0,0
2026-09-19T11:20:35.000Z,2026-09-19T11:22:05.000Z,90,0.333333333333333,2,0,0
2026-09-19T11:25:05.000Z,2026-09-19T11:26:35.000Z,90,3,4.5,0,0
2026-09-19T11:31:15.000Z,2026-09-19T11:32:55.000Z,100,4.66666666666667,6.16666666666667,0,0
2026-09-19T11:35:45.000Z,2026-09-19T11:37:15.000Z,90,2.83333333333333,4.5,0,0
2026-09-19T11:37:35.000Z,2026-09-19T11:39:15.000Z,100,0.333333333333333,1.83333333333333,0,0
2026-09-19T11:42:05.000Z,2026-09-19T11:43:45.000Z,100,2.83333333333333,4.5,0,0
2026-09-19T11:48:25.000Z,2026-09-19T11:49:55.000Z,90,4.66666666666667,6.33333333333333,0,0
2026-09-19T11:53:05.000Z,2026-09-19T11:54:05.000Z,60,3.16666666666667,4.66666666666667,0,0
2026-09-19T11:54:35.000Z,2026-09-19T11:56:25.000Z,110,0.5,1.5,0,0
2026-09-19T11:59:05.000Z,2026-09-19T12:00:55.000Z,110,2.66666666666667,4.5,0,0
2026-09-19T12:05:35.000Z,2026-09-19T12:07:05.000Z,90,4.66666666666667,6.5,0,0
2026-09-19T12:11:45.000Z,2026-09-19T12:13:25.000Z,100,4.66666666666667,6.16666666666667,0,0
2026-09-19T12:16:15.000Z,2026-09-19T12:18:05.000Z,110,2.83333333333333,4.5,0,0
2026-09-19T12:18:55.000Z,2026-09-19T12:19:05.000Z,10,0.833333333333333,2.66666666666667,0,0
2026-09-19T12:22:45.000Z,2026-09-19T12:24:05.000Z,80,3.66666666666667,3.83333333333333,0,0
2026-09-19T12:28:55.000Z,2026-09-19T12:30:35.000Z,100,4.83333333333333,6.16666666666667,0,0
2026-09-19T12:33:15.000Z,2026-09-19T12:35:05.000Z,110,2.66666666666667,4.33333333333333,0,0
2026-09-19T12:35:25.000Z,2026-09-19T12:36:45.000Z,80,0.333333333333333,2.16666666666667,0,0
2026-09-19T12:39:45.000Z,2026-09-19T12:41:15.000Z,90,3,4.33333333333333,0,0
2026-09-19T12:46:05.000Z,2026-09-19T12:47:35.000Z,90,4.83333333333333,6.33333333333333,0,0
2026-09-19T12:50:25.000Z,2026-09-19T12:52:05.000Z,100,2.83333333333333,4.33333333333333,0,0
2026-09-19T12:52:25.000Z,2026-09-19T12:54:05.000Z,100,0.333333333333333,2,0,0
2026-09-19T12:56:55.000Z,2026-09-19T12:58:25.000Z,90,2.83333333333333,4.5,0,0
2026-09-19T13:03:15.000Z,2026-09-19T13:04:45.000Z,90,4.83333333333333,6.33333333333333,0,0
2026-09-19T13:07:45.000Z,2026-09-19T13:08:55.000Z,70,3,4.5,0,0
2026-09-19T13:09:25.000Z,2026-09-19T13:11:15.000Z,110,0.5,1.66666666666667,0,0
2026-09-19T13:13:55.000Z,2026-09-19T13:15:35.000Z,100,2.66666666666667,4.5,0,0
2026-09-19T13:20:25.000Z,2026-09-19T13:21:45.000Z,80,4.83333333333333,6.5,0,0
2026-09-19T13:26:25.000Z,2026-09-19T13:28:15.000Z,110,4.66666666666667,6,0,0
2026-09-19T13:30:55.000Z,2026-09-19T13:32:45.000Z,110,2.66666666666667,4.5,0,0
2026-09-19T13:37:25.000Z,2026-09-19T13:38:55.000Z,90,4.66666666666667,6.5,0,0
2026-09-19T13:43:35.000Z,2026-09-19T13:45:15.000Z,100,4.66666666666667,6.16666666666667,0,0
2026-09-19T13:48:05.000Z,2026-09-19T13:49:55.000Z,110,2.83333333333333,4.5,0,0
2026-09-19T13:50:15.000Z,2026-09-19T13:51:25.000Z,70,0.333333333333333,2.16666666666667,0,0
2026-09-19T13:54:35.000Z,2026-09-19T13:56:05.000Z,90,3.16666666666667,4.33333333333333,0,0
2026-09-19T14:00:45.000Z,2026-09-19T14:02:25.000Z,100,4.66666666666667,6.16666666666667,0,0
2026-09-19T14:05:15.000Z,2026-09-19T14:06:55.000Z,100,2.83333333333333,4.5,0,0
2026-09-19T14:07:05.000Z,2026-09-19T14:08:45.000Z,100,0.166666666666667,1.83333333333333,0,0
2026-09-19T14:11:35.000Z,2026-09-19T14:13:15.000Z,100,2.83333333333333,4.5,0,0
2026-09-19T14:17:55.000Z,2026-09-19T14:19:25.000Z,90,4.66666666666667,6.33333333333333,0,0
2026-09-19T14:22:25.000Z,2026-09-19T14:23:45.000Z,80,3,4.5,0,0
2026-09-19T14:24:05.000Z,2026-09-19T14:25:55.000Z,110,0.333333333333333,1.66666666666667,0,0
2026-09-19T14:28:45.000Z,2026-09-19T14:30:25.000Z,100,2.83333333333333,4.66666666666667,0,0
2026-09-19T14:35:05.000Z,2026-09-19T14:36:35.000Z,90,4.66666666666667,6.33333333333333,0,0
2026-09-19T14:41:15.000Z,2026-09-19T14:43:05.000Z,110,4.66666666666667,6.16666666666667,0,0
2026-09-19T14:45:45.000Z,2026-09-19T14:47:35.000Z,110,2.66666666666667,4.5,0,0
2026-09-19T14:52:15.000Z,2026-09-19T14:53:35.000Z,80,4.66666666666667,6.5,0,0
2026-09-19T14:58:25.000Z,2026-09-19T15:00:05.000Z,100,4.83333333333333,6.16666666666667,0,0
2026-09-19T15:02:55.000Z,2026-09-19T15:04:35.000Z,100,2.83333333333333,4.5,0,0
2026-09-19T15:05:05.000Z,2026-09-19T15:06:15.000Z,70,0.5,2.16666666666667,0,0
2026-09-19T15:09:15.000Z,2026-09-19T15:10:45.000Z,90,3,4.16666666666667,0,0
2026-09-19T15:15:35.000Z,2026-09-19T15:17:15.000Z,100,4.83333333333333,6.33333333333333,0,0
2026-09-19T15:19:55.000Z,2026-09-19T15:21:45.000Z,110,2.66666666666667,4.33333333333333,0,0
2026-09-19T15:21:55.000Z,2026-09-19T15:23:35.000Z,100,0.166666666666667,2,0,0
2026-09-19T15:26:25.000Z,2026-09-19T15:27:55.000Z,90,2.83333333333333,4.5,0,0
2026-09-19T15:32:45.000Z,2026-09-19T15:34:15.000Z,90,4.83333333333333,6.33333333333333,0,0
2026-09-19T15:37:15.000Z,2026-09-19T15:38:35.000Z,80,3,4.5,0,0
2026-09-19T15:38:55.000Z,2026-09-19T15:40:45.000Z,110,0.333333333333333,1.66666666666667,0,0
2026-09-19T15:43:25.000Z,2026-09-19T15:45:05.000Z,100,2.66666666666667,4.5,0,0
2026-09-19T15:49:55.000Z,2026-09-19T15:51:15.000Z,80,4.83333333333333,6.5,0,0
2026-09-19T15:54:45.000Z,2026-09-19T15:55:15.000Z,30,3.5,4.83333333333333,0,0
2026-09-19T15:56:05.000Z,2026-09-19T15:57:45.000Z,100,0.833333333333333,1.33333333333333,0,0
2026-09-19T16:00:35.000Z,2026-09-19T16:02:15.000Z,100,2.83333333333333,4.5,0,0
2026-09-19T16:06:55.000Z,2026-09-19T16:08:25.000Z,90,4.66666666666667,6.33333333333333,0,0
2026-09-19T16:13:05.000Z,2026-09-19T16:14:55.000Z,110,4.66666666666667,6.16666666666667,0,0
2026-09-19T16:17:35.000Z,2026-09-19T16:19:25.000Z,110,2.66666666666667,4.5,0,0
2026-09-19T16:19:55.000Z,2026-09-19T16:20:55.000Z,60,0.5,2.33333333333333,0,0
2026-09-19T16:24:05.000Z,2026-09-19T16:25:35.000Z,90,3.16666666666667,4.16666666666667,0,0
2026-09-19T16:30:15.000Z,2026-09-19T16:31:55.000Z,100,4.66666666666667,6.16666666666667,0,0
2026-09-19T16:34:45.000Z,2026-09-19T16:36:25.000Z,100,2.83333333333333,4.5,0,0
2026-09-19T16:36:45.000Z,2026-09-19T16:38:15.000Z,90,0.333333333333333,2,0,0
2026-09-19T16:41:05.000Z,2026-09-19T16:42:45.000Z,100,2.83333333333333,4.33333333333333,0,0
2026-09-19T16:47:25.000Z,2026-09-19T16:49:05.000Z,100,4.66666666666667,6.33333333333333,0,0
2026-09-19T16:51:55.000Z,2026-09-19T16:53:25.000Z,90,2.83333333333333,4.5,0,0
2026-09-19T16:53:45.000Z,2026-09-19T16:55:25.000Z,100,0.333333333333333,1.83333333333333,0,0
2026-09-19T16:58:15.000Z,2026-09-19T16:59:55.000Z,100,2.83333333333333,4.5,0,0
2026-09-19T17:04:35.000Z,2026-09-19T17:06:05.000Z,90,4.66666666666667,6.33333333333333,0,0
2026-09-19T17:09:15.000Z,2026-09-19T17:10:15.000Z,60,3.16666666666667,4.66666666666667,0,0
2026-09-19T17:10:45.000Z,2026-09-19T17:12:35.000Z,110,0.5,1.5,0,0
2026-09-19T17:15:15.000Z,2026-09-19T17:17:05.000Z,110,2.66666666666667,4.5,0,0
2026-09-19T17:21:45.000Z,2026-09-19T17:23:15.000Z,90,4.66666666666667,6.5,0,0
2026-09-19T17:27:55.000Z,2026-09-19T17:29:35.000Z,100,4.66666666666667,6.16666666666667,0,0
2026-09-19T17:32:25.000Z,2026-09-19T17:34:15.000Z,110,2.83333333333333,4.5,0,0
2026-09-19T17:34:55.000Z,2026-09-19T17:35:25.000Z,30,0.666666666666667,2.5,0,0
2026-09-19T17:38:55.000Z,2026-09-19T17:40:15.000Z,80,3.5,4,0,0
2026-09-19T17:45:05.000Z,2026-09-19T17:46:45.000Z,100,4.83333333333333,6.16666666666667,0,0
2026-09-19T17:49:25.000Z,2026-09-19T17:51:15.000Z,110,2.66666666666667,4.33333333333333,0,0
2026-09-19T17:51:35.000Z,2026-09-19T17:52:55.000Z,80,0.333333333333333,2.16666666666667,0,0
2026-09-19T17:55:55.000Z,2026-09-19T17:57:25.000Z,90,3,4.33333333333333,0,0
2026-09-19T18:02:15.000Z,2026-09-19T18:03:45.000Z,90,4.83333333333333,6.33333333333333,0,0
2026-09-19T18:06:35.000Z,2026-09-19T18:08:15.000Z,100,2.83333333333333,4.33333333333333,0,0
2026-09-19T18:08:25.000Z,2026-09-19T18:10:15.000Z,110,0.166666666666667,1.83333333333333,0,0
2026-09-19T18:13:05.000Z,2026-09-19T18:14:35.000Z,90,2.83333333333333,4.66666666666667,0,0
2026-09-19T18:19:25.000Z,2026-09-19T18:20:55.000Z,90,4.83333333333333,6.33333333333333,0,0
2026-09-19T18:23:55.000Z,2026-09-19T18:25:05.000Z,70,3,4.5,0,0
2026-09-19T18:25:35.000Z,2026-09-19T18:27:25.000Z,110,0.5,1.66666666666667,0,0
2026-09-19T18:30:05.000Z,2026-09-19T18:31:45.000Z,100,2.66666666666667,4.5,0,0
2026-09-19T18:36:35.000Z,2026-09-19T18:37:55.000Z,80,4.83333333333333,6.5,0,0
2026-09-19T18:42:35.000Z,2026-09-19T18:44:25.000Z,110,4.66666666666667,6,0,0
2026-09-19T18:47:05.000Z,2026-09-19T18:48:55.000Z,110,2.66666666666667,4.5,0,0
2026-09-19T18:53:35.000Z,2026-09-19T18:55:05.000Z,90,4.66666666666667,6.5,0,0
2026-09-19T18:59:45.000Z,2026-09-19T19:01:25.000Z,100,4.66666666666667,6.16666666666667,0,0
2026-09-19T19:04:15.000Z,2026-09-19T19:06:05.000Z,110,2.83333333333333,4.5,0,0
2026-09-19T19:06:25.000Z,2026-09-19T19:07:45.000Z,80,0.333333333333333,2.16666666666667,0,0
2026-09-19T19:10:45.000Z,2026-09-19T19:12:15.000Z,90,3,4.33333333333333,0,0
2026-09-19T19:16:55.000Z,2026-09-19T19:18:35.000Z,100,4.66666666666667,6.16666666666667,0,0
2026-09-19T19:21:25.000Z,2026-09-19T19:23:05.000Z,100,2.83333333333333,4.5,0,0
2026-09-19T19:23:15.000Z,2026-09-19T19:24:55.000Z,100,0.166666666666667,1.83333333333333,0,0
2026-09-19T19:27:45.000Z,2026-09-19T19:29:25.000Z,100,2.83333333333333,4.5,0,0
2026-09-19T19:34:05.000Z,2026-09-19T19:35:35.000Z,90,4.66666666666667,6.33333333333333,0,0
2026-09-19T19:38:45.000Z,2026-09-19T19:39:55.000Z,70,3.16666666666667,4.66666666666667,0,0
2026-09-19T19:40:15.000Z,2026-09-19T19:42:05.000Z,110,0.333333333333333,1.5,0,0
2026-09-19T19:44:55.000Z,2026-09-19T19:46:35.000Z,100,2.83333333333333,4.66666666666667,0,0
2026-09-19T19:51:15.000Z,2026-09-19T19:52:45.000Z,90,4.66666666666667,6.33333333333333,0,0
2026-09-19T19:57:25.000Z,2026-09-19T19:59:15.000Z,110,4.66666666666667,6.16666666666667,0,0
2026-09-19T20:01:55.000Z,2026-09-19T20:03:45.000Z,110,2.66666666666667,4.5,0,0
2026-09-19T20:08:25.000Z,2026-09-19T20:09:55.000Z,90,4.66666666666667,6.5,0,0
2026-09-19T20:14:35.000Z,2026-09-19T20:16:15.000Z,100,4.66666666666667,6.16666666666667,0,0
2026-09-19T20:19:05.000Z,2026-09-19T20:20:45.000Z,100,2.83333333333333,4.5,0,0
2026-09-19T20:21:15.000Z,2026-09-19T20:22:25.000Z,70,0.5,2.16666666666667,0,0
2026-09-19T20:25:25.000Z,2026-09-19T20:26:55.000Z,90,3,4.16666666666667,0,0
2026-09-19T20:31:45.000Z,2026-09-19T20:33:15.000Z,90,4.83333333333333,6.33333333333333,0,0
2026-09-19T20:36:05.000Z,2026-09-19T20:37:45.000Z,100,2.83333333333333,4.33333333333333,0,0
2026-09-19T20:38:05.000Z,2026-09-19T20:39:45.000Z,100,0.333333333333333,2,0,0
2026-09-19T20:42:35.000Z,2026-09-19T20:44:05.000Z,90,2.83333333333333,4.5,0,0
2026-09-19T20:48:55.000Z,2026-09-19T20:50:25.000Z,90,4.83333333333333,6.33333333333333,0,0
2026-09-19T20:53:25.000Z,2026-09-19T20:54:45.000Z,80,3,4.5,0,0
2026-09-19T20:55:05.000Z,2026-09-19T20:56:55.000Z,110,0.333333333333333,1.66666666666667,0,0
2026-09-19T20:59:35.000Z,2026-09-19T21:01:15.000Z,100,2.66666666666667,4.5,0,0
2026-09-19T21:06:05.000Z,2026-09-19T21:07:25.000Z,80,4.83333333333333,6.5,0,0
2026-09-19T21:12:15.000Z,2026-09-19T21:13:55.000Z,100,4.83333333333333,6.16666666666667,0,0
2026-09-19T21:16:45.000Z,2026-09-19T21:18:25.000Z,100,2.83333333333333,4.5,0,0
2026-09-19T21:23:05.000Z,2026-09-19T21:24:35.000Z,90,4.66666666666667,6.33333333333333,0,0
2026-09-19T21:29:15.000Z,2026-09-19T21:31:05.000Z,110,4.66666666666667,6.16666666666667,0,0
2026-09-19T21:33:45.000Z,2026-09-19T21:35:35.000Z,110,2.66666666666667,4.5,0,0
2026-09-19T21:36:05.000Z,2026-09-19T21:37:05.000Z,60,0.5,2.33333333333333,0,0
2026-09-19T21:40:15.000Z,2026-09-19T21:41:45.000Z,90,3.16666666666667,4.16666666666667,0,0
2026-09-19T21:46:25.000Z,2026-09-19T21:48:05.000Z,100,4.66666666666667,6.16666666666667,0,0
2026-09-19T21:50:55.000Z,2026-09-19T21:52:35.000Z,100,2.83333333333333,4.5,0,0
2026-09-19T21:52:55.000Z,2026-09-19T21:54:25.000Z,90,0.333333333333333,2,0,0
2026-09-19T21:57:15.000Z,2026-09-19T21:58:55.000Z,100,2.83333333333333,4.33333333333333,0,0
2026-09-19T22:03:35.000Z,2026-09-19T22:05:15.000Z,100,4.66666666666667,6.33333333333333,0,0
2026-09-19T22:08:05.000Z,2026-09-19T22:09:35.000Z,90,2.83333333333333,4.5,0,0
2026-09-19T22:09:55.000Z,2026-09-19T22:11:35.000Z,100,0.333333333333333,1.83333333333333,0,0
2026-09-19T22:14:25.000Z,2026-09-19T22:16:05.000Z,100,2.83333333333333,4.5,0,0
2026-09-19T22:20:45.000Z,2026-09-19T22:22:15.000Z,90,4.66666666666667,6.33333333333333,0,0
2026-09-19T22:25:35.000Z,2026-09-19T22:26:15.000Z,40,3.33333333333333,4.83333333333333,0,0
2026-09-19T22:26:55.000Z,2026-09-19T22:28:45.000Z,110,0.666666666666667,1.33333333333333,0,0
2026-09-19T22:31:25.000Z,2026-09-19T22:33:15.000Z,110,2.66666666666667,4.5,0,0
2026-09-19T22:37:55.000Z,2026-09-19T22:39:25.000Z,90,4.66666666666667,6.5,0,0
2026-09-19T22:44:05.000Z,2026-09-19T22:45:45.000Z,100,4.66666666666667,6.16666666666667,0,0
2026-09-19T22:48:35.000Z,2026-09-19T22:50:25.000Z,110,2.83333333333333,4.5,0,0
2026-09-19T22:50:55.000Z,2026-09-19T22:51:45.000Z,50,0.5,2.33333333333333,0,0
2026-09-19T22:55:05.000Z,2026-09-19T22:56:25.000Z,80,3.33333333333333,4.16666666666667,0,0
2026-09-19T23:01:15.000Z,2026-09-19T23:02:55.000Z,100,4.83333333333333,6.16666666666667,0,0
2026-09-19T23:05:35.000Z,2026-09-19T23:07:25.000Z,110,2.66666666666667,4.33333333333333,0,0
2026-09-19T23:07:45.000Z,2026-09-19T23:09:15.000Z,90,0.333333333333333,2.16666666666667,0,0
2026-09-19T23:12:05.000Z,2026-09-19T23:13:35.000Z,90,2.83333333333333,4.33333333333333,0,0
2026-09-19T23:18:25.000Z,2026-09-19T23:19:55.000Z,90,4.83333333333333,6.33333333333333,0,0
2026-09-19T23:22:55.000Z,2026-09-19T23:24:25.000Z,90,3,4.5,0,0
2026-09-19T23:24:35.000Z,2026-09-19T23:26:25.000Z,110,0.166666666666667,1.66666666666667,0,0
2026-09-19T23:29:15.000Z,2026-09-19T23:30:45.000Z,90,2.83333333333333,4.66666666666667,0,0
2026-09-19T23:35:35.000Z,2026-09-19T23:37:05.000Z,90,4.83333333333333,6.33333333333333,0,0
2026-09-19T23:40:15.000Z,2026-09-19T23:41:05.000Z,50,3.16666666666667,4.66666666666667,0,0
2026-09-19T23:41:45.000Z,2026-09-19T23:43:35.000Z,110,0.666666666666667,1.5,0,0
2026-09-19T23:46:15.000Z,2026-09-19T23:47:55.000Z,100,2.66666666666667,4.5,0,0
2026-09-19T23:52:45.000Z,2026-09-19T23:54:05.000Z,80,4.83333333333333,6.5,0,0
2026-09-19T23:58:45.000Z,2026-09-20T00:00:35.000Z,110,4.66666666666667,6,0,0
2026-09-20T00:03:15.000Z,2026-09-20T00:05:05.000Z,110,2.66666666666667,4.5,0,0
2026-09-20T00:05:55.000Z,2026-09-20T00:06:25.000Z,30,0.833333333333333,2.66666666666667,0,0
2026-09-20T00:09:45.000Z,2026-09-20T00:11:15.000Z,90,3.33333333333333,3.83333333333333,0,0
2026-09-20T00:15:55.000Z,2026-09-20T00:17:35.000Z,100,4.66666666666667,6.16666666666667,0,0
2026-09-20T00:20:25.000Z,2026-09-20T00:22:15.000Z,110,2.83333333333333,4.5,0,0
2026-09-20T00:22:35.000Z,2026-09-20T00:23:55.000Z,80,0.333333333333333,2.16666666666667,0,0
2026-09-20T00:26:55.000Z,2026-09-20T00:28:25.000Z,90,3,4.33333333333333,0,0
2026-09-20T00:33:05.000Z,2026-09-20T00:34:45.000Z,100,4.66666666666667,6.16666666666667,0,0
2026-09-20T00:37:35.000Z,2026-09-20T00:39:15.000Z,100,2.83333333333333,4.5,0,0
2026-09-20T00:39:25.000Z,2026-09-20T00:41:05.000Z,100,0.166666666666667,1.83333333333333,0,0
2026-09-20T00:43:55.000Z,2026-09-20T00:45:35.000Z,100,2.83333333333333,4.5,0,0
2026-09-20T00:50:15.000Z,2026-09-20T00:51:45.000Z,90,4.66666666666667,6.33333333333333,0,0
2026-09-20T00:54:55.000Z,2026-09-20T00:56:05.000Z,70,3.16666666666667,4.66666666666667,0,0
2026-09-20T00:56:25.000Z,2026-09-20T00:58:15.000Z,110,0.333333333333333,1.5,0,0
2026-09-20T01:01:05.000Z,2026-09-20T01:02:45.000Z,100,2.83333333333333,4.66666666666667,0,0
2026-09-20T01:07:25.000Z,2026-09-20T01:08:55.000Z,90,4.66666666666667,6.33333333333333,0,0
2026-09-20T01:13:35.000Z,2026-09-20T01:15:25.000Z,110,4.66666666666667,6.16666666666667,0,0
2026-09-20T01:18:05.000Z,2026-09-20T01:19:55.000Z,110,2.66666666666667,4.5,0,0
2026-09-20T01:24:35.000Z,2026-09-20T01:26:05.000Z,90,4.66666666666667,6.5,0,0
2026-09-20T01:30:45.000Z,2026-09-20T01:32:25.000Z,100,4.66666666666667,6.16666666666667,0,0
2026-09-20T01:35:15.000Z,2026-09-20T01:36:55.000Z,100,2.83333333333333,4.5,0,0
2026-09-20T01:37:15.000Z,2026-09-20T01:38:35.000Z,80,0.333333333333333,2,0,0
2026-09-20T01:41:35.000Z,2026-09-20T01:43:05.000Z,90,3,4.33333333333333,0,0
2026-09-20T01:47:55.000Z,2026-09-20T01:49:25.000Z,90,4.83333333333333,6.33333333333333,0,0
2026-09-20T01:52:25.000Z,2026-09-20T01:53:55.000Z,90,3,4.5,0,0
2026-09-20T01:54:15.000Z,2026-09-20T01:55:55.000Z,100,0.333333333333333,1.83333333333333,0,0
2026-09-20T01:58:45.000Z,2026-09-20T02:00:15.000Z,90,2.83333333333333,4.5,0,0
2026-09-20T02:05:05.000Z,2026-09-20T02:06:35.000Z,90,4.83333333333333,6.33333333333333,0,0
2026-09-20T02:09:35.000Z,2026-09-20T02:10:55.000Z,80,3,4.5,0,0
2026-09-20T02:11:15.000Z,2026-09-20T02:13:05.000Z,110,0.333333333333333,1.66666666666667,0,0
2026-09-20T02:15:45.000Z,2026-09-20T02:17:25.000Z,100,2.66666666666667,4.5,0,0
2026-09-20T02:22:15.000Z,2026-09-20T02:23:35.000Z,80,4.83333333333333,6.5,0,0
2026-09-20T02:28:25.000Z,2026-09-20T02:30:05.000Z,100,4.83333333333333,6.16666666666667,0,0
2026-09-20T02:32:55.000Z,2026-09-20T02:34:35.000Z,100,2.83333333333333,4.5,0,0
2026-09-20T02:39:15.000Z,2026-09-20T02:40:45.000Z,90,4.66666666666667,6.33333333333333,0,0
2026-09-20T02:45:25.000Z,2026-09-20T02:47:15.000Z,110,4.66666666666667,6.16666666666667,0,0
2026-09-20T02:49:55.000Z,2026-09-20T02:51:45.000Z,110,2.66666666666667,4.5,0,0
2026-09-20T02:52:15.000Z,2026-09-20T02:53:15.000Z,60,0.5,2.33333333333333,0,0
2026-09-20T02:56:25.000Z,2026-09-20T02:57:55.000Z,90,3.16666666666667,4.16666666666667,0,0
2026-09-20T03:02:35.000Z,2026-09-20T03:04:15.000Z,100,4.66666666666667,6.16666666666667,0,0
2026-09-20T03:07:05.000Z,2026-09-20T03:08:45.000Z,100,2.83333333333333,4.5,0,0
2026-09-20T03:09:05.000Z,2026-09-20T03:10:35.000Z,90,0.333333333333333,2,0,0
2026-09-20T03:13:25.000Z,2026-09-20T03:15:05.000Z,100,2.83333333333333,4.33333333333333,0,0
2026-09-20T03:19:45.000Z,2026-09-20T03:21:25.000Z,100,4.66666666666667,6.33333333333333,0,0
2026-09-20T03:24:15.000Z,2026-09-20T03:25:45.000Z,90,2.83333333333333,4.5,0,0
2026-09-20T03:26:05.000Z,2026-09-20T03:27:45.000Z,100,0.333333333333333,1.83333333333333,0,0
2026-09-20T03:30:35.000Z,2026-09-20T03:32:15.000Z,100,2.83333333333333,4.5,0,0
2026-09-20T03:36:55.000Z,2026-09-20T03:38:25.000Z,90,4.66666666666667,6.33333333333333,0,0
2026-09-20T03:41:55.000Z,2026-09-20T03:42:15.000Z,20,3.5,5,0,0
2026-09-20T03:43:05.000Z,2026-09-20T03:44:55.000Z,110,0.833333333333333,1.16666666666667,0,0
2026-09-20T03:47:35.000Z,2026-09-20T03:49:25.000Z,110,2.66666666666667,4.5,0,0
2026-09-20T03:54:05.000Z,2026-09-20T03:55:35.000Z,90,4.66666666666667,6.5,0,0
2026-09-20T04:00:15.000Z,2026-09-20T04:01:55.000Z,100,4.66666666666667,6.16666666666667,0,0
2026-09-20T04:04:45.000Z,2026-09-20T04:06:35.000Z,110,2.83333333333333,4.5,0,0
2026-09-20T04:07:05.000Z,2026-09-20T04:08:05.000Z,60,0.5,2.33333333333333,0,0
2026-09-20T04:11:15.000Z,2026-09-20T04:12:45.000Z,90,3.16666666666667,4.16666666666667,0,0
2026-09-20T04:17:25.000Z,2026-09-20T04:19:05.000Z,100,4.66666666666667,6.16666666666667,0,0
2026-09-20T04:21:55.000Z,2026-09-20T04:23:35.000Z,100,2.83333333333333,4.5,0,0
2026-09-20T04:23:45.000Z,2026-09-20T04:25:25.000Z,100,0.166666666666667,1.83333333333333,0,0
2026-09-20T04:28:15.000Z,2026-09-20T04:29:55.000Z,100,2.83333333333333,4.5,0,0
2026-09-20T04:34:35.000Z,2026-09-20T04:36:05.000Z,90,4.66666666666667,6.33333333333333,0,0
2026-09-20T04:39:05.000Z,2026-09-20T04:40:35.000Z,90,3,4.5,0,0
2026-09-20T04:40:45.000Z,2026-09-20T04:42:35.000Z,110,0.166666666666667,1.66666666666667,0,0
2026-09-20T04:45:15.000Z,2026-09-20T04:47:05.000Z,110,2.66666666666667,4.5,0,0
2026-09-20T04:51:45.000Z,2026-09-20T04:53:15.000Z,90,4.66666666666667,6.5,0,0
2026-09-20T04:56:25.000Z,2026-09-20T04:57:15.000Z,50,3.16666666666667,4.66666666666667,0,0
2026-09-20T04:57:55.000Z,2026-09-20T04:59:45.000Z,110,0.666666666666667,1.5,0,0
2026-09-20T05:02:25.000Z,2026-09-20T05:04:05.000Z,100,2.66666666666667,4.5,0,0
2026-09-20T05:08:55.000Z,2026-09-20T05:10:15.000Z,80,4.83333333333333,6.5,0,0
2026-09-20T05:14:55.000Z,2026-09-20T05:16:45.000Z,110,4.66666666666667,6,0,0
2026-09-20T05:19:25.000Z,2026-09-20T05:21:15.000Z,110,2.66666666666667,4.5,0,0
2026-09-20T05:21:55.000Z,2026-09-20T05:22:45.000Z,50,0.666666666666667,2.5,0,0
2026-09-20T05:25:55.000Z,2026-09-20T05:27:25.000Z,90,3.16666666666667,4,0,0
2026-09-20T05:32:05.000Z,2026-09-20T05:33:45.000Z,100,4.66666666666667,6.16666666666667,0,0
2026-09-20T05:36:35.000Z,2026-09-20T05:38:25.000Z,110,2.83333333333333,4.5,0,0
2026-09-20T05:38:35.000Z,2026-09-20T05:40:05.000Z,90,0.166666666666667,2,0,0
2026-09-20T05:43:05.000Z,2026-09-20T05:44:35.000Z,90,3,4.5,0,0
2026-09-20T05:49:15.000Z,2026-09-20T05:50:55.000Z,100,4.66666666666667,6.16666666666667,0,0
2026-09-20T05:53:45.000Z,2026-09-20T05:55:15.000Z,90,2.83333333333333,4.5,0,0
2026-09-20T05:55:35.000Z,2026-09-20T05:57:15.000Z,100,0.333333333333333,1.83333333333333,0,0
2026-09-20T06:00:05.000Z,2026-09-20T06:01:45.000Z,100,2.83333333333333,4.5,0,0
2026-09-20T06:06:25.000Z,2026-09-20T06:07:55.000Z,90,4.66666666666667,6.33333333333333,0,0
2026-09-20T06:11:05.000Z,2026-09-20T06:12:05.000Z,60,3.16666666666667,4.66666666666667,0,0
2026-09-20T06:12:35.000Z,2026-09-20T06:14:25.000Z,110,0.5,1.5,0,0
2026-09-20T06:17:15.000Z,2026-09-20T06:18:55.000Z,100,2.83333333333333,4.66666666666667,0,0
2026-09-20T06:23:35.000Z,2026-09-20T06:25:05.000Z,90,4.66666666666667,6.33333333333333,0,0
2026-09-20T06:29:45.000Z,2026-09-20T06:31:35.000Z,110,4.66666666666667,6.16666666666667,0,0
2026-09-20T06:34:15.000Z,2026-09-20T06:36:05.000Z,110,2.66666666666667,4.5,0,0
2026-09-20T06:36:55.000Z,2026-09-20T06:37:15.000Z,20,0.833333333333333,2.66666666666667,0,0
2026-09-20T06:40:45.000Z,2026-09-20T06:42:15.000Z,90,3.5,3.83333333333333,0,0
2026-09-20T06:46:55.000Z,2026-09-20T06:48:35.000Z,100,4.66666666666667,6.16666666666667,0,0
2026-09-20T06:51:25.000Z,2026-09-20T06:53:05.000Z,100,2.83333333333333,4.5,0,0
2026-09-20T06:53:25.000Z,2026-09-20T06:54:45.000Z,80,0.333333333333333,2,0,0
2026-09-20T06:57:45.000Z,2026-09-20T06:59:25.000Z,100,3,4.33333333333333,0,0
2026-09-20T07:04:05.000Z,2026-09-20T07:05:35.000Z,90,4.66666666666667,6.33333333333333,0,0
2026-09-20T07:08:35.000Z,2026-09-20T07:10:05.000Z,90,3,4.5,0,0
2026-09-20T07:10:25.000Z,2026-09-20T07:12:05.000Z,100,0.333333333333333,1.83333333333333,0,0
2026-09-20T07:14:55.000Z,2026-09-20T07:16:35.000Z,100,2.83333333333333,4.5,0,0
2026-09-20T07:21:15.000Z,2026-09-20T07:22:45.000Z,90,4.66666666666667,6.33333333333333,0,0
2026-09-20T07:25:45.000Z,2026-09-20T07:26:55.000Z,70,3,4.5,0,0
2026-09-20T07:27:25.000Z,2026-09-20T07:29:15.000Z,110,0.5,1.66666666666667,0,0
2026-09-20T07:31:55.000Z,2026-09-20T07:33:45.000Z,110,2.66666666666667,4.5,0,0
2026-09-20T07:38:25.000Z,2026-09-20T07:39:45.000Z,80,4.66666666666667,6.5,0,0
2026-09-20T07:44:35.000Z,2026-09-20T07:46:15.000Z,100,4.83333333333333,6.16666666666667,0,0
2026-09-20T07:49:05.000Z,2026-09-20T07:50:45.000Z,100,2.83333333333333,4.5,0,0
2026-09-20T07:55:25.000Z,2026-09-20T07:56:55.000Z,90,4.66666666666667,6.33333333333333,0,0
2026-09-20T08:01:35.000Z,2026-09-20T08:03:25.000Z,110,4.66666666666667,6.16666666666667,0,0
2026-09-20T08:06:05.000Z,2026-09-20T08:07:55.000Z,110,2.66666666666667,4.5,0,0
2026-09-20T08:08:15.000Z,2026-09-20T08:09:35.000Z,80,0.333333333333333,2.16666666666667,0,0
2026-09-20T08:12:35.000Z,2026-09-20T08:14:05.000Z,90,3,4.33333333333333,0,0
2026-09-20T08:18:45.000Z,2026-09-20T08:20:25.000Z,100,4.66666666666667,6.16666666666667,0,0
2026-09-20T08:23:15.000Z,2026-09-20T08:24:55.000Z,100,2.83333333333333,4.5,0,0
2026-09-20T08:25:15.000Z,2026-09-20T08:26:45.000Z,90,0.333333333333333,2,0,0
2026-09-20T08:29:35.000Z,2026-09-20T08:31:15.000Z,100,2.83333333333333,4.33333333333333,0,0
2026-09-20T08:35:55.000Z,2026-09-20T08:37:25.000Z,90,4.66666666666667,6.33333333333333,0,0
2026-09-20T08:40:35.000Z,2026-09-20T08:41:45.000Z,70,3.16666666666667,4.66666666666667,0,0
2026-09-20T08:42:15.000Z,2026-09-20T08:43:55.000Z,100,0.5,1.66666666666667,0,0
2026-09-20T08:46:45.000Z,2026-09-20T08:48:25.000Z,100,2.83333333333333,4.5,0,0
2026-09-20T08:53:05.000Z,2026-09-20T08:54:35.000Z,90,4.66666666666667,6.33333333333333,0,0
2026-09-20T08:59:15.000Z,2026-09-20T09:01:05.000Z,110,4.66666666666667,6.16666666666667,0,0
2026-09-20T09:03:45.000Z,2026-09-20T09:05:35.000Z,110,2.66666666666667,4.5,0,0
2026-09-20T09:10:15.000Z,2026-09-20T09:11:45.000Z,90,4.66666666666667,6.5,0,0
2026-09-20T09:16:25.000Z,2026-09-20T09:18:05.000Z,100,4.66666666666667,6.16666666666667,0,0
2026-09-20T09:20:55.000Z,2026-09-20T09:22:45.000Z,110,2.83333333333333,4.5,0,0
2026-09-20T09:23:05.000Z,2026-09-20T09:24:15.000Z,70,0.333333333333333,2.16666666666667,0,0
2026-09-20T09:27:25.000Z,2026-09-20T09:28:55.000Z,90,3.16666666666667,4.33333333333333,0,0
2026-09-20T09:33:35.000Z,2026-09-20T09:35:15.000Z,100,4.66666666666667,6.16666666666667,0,0
2026-09-20T09:38:05.000Z,2026-09-20T09:39:45.000Z,100,2.83333333333333,4.5,0,0
2026-09-20T09:39:55.000Z,2026-09-20T09:41:35.000Z,100,0.166666666666667,1.83333333333333,0,0
2026-09-20T09:44:25.000Z,2026-09-20T09:46:05.000Z,100,2.83333333333333,4.5,0,0
2026-09-20T09:50:45.000Z,2026-09-20T09:52:15.000Z,90,4.66666666666667,6.33333333333333,0,0
2026-09-20T09:55:15.000Z,2026-09-20T09:56:35.000Z,80,3,4.5,0,0
2026-09-20T09:56:55.000Z,2026-09-20T09:58:45.000Z,110,0.333333333333333,1.66666666666667,0,0
2026-09-20T10:01:25.000Z,2026-09-20T10:03:15.000Z,110,2.66666666666667,4.5,0,0
2026-09-20T10:07:55.000Z,2026-09-20T10:09:25.000Z,90,4.66666666666667,6.5,0,0
2026-09-20T10:12:45.000Z,2026-09-20T10:13:15.000Z,30,3.33333333333333,4.83333333333333,0,0
2026-09-20T10:14:05.000Z,2026-09-20T10:15:55.000Z,110,0.833333333333333,1.33333333333333,0,0
2026-09-20T10:18:35.000Z,2026-09-20T10:20:15.000Z,100,2.66666666666667,4.5,0,0
2026-09-20T10:25:05.000Z,2026-09-20T10:26:25.000Z,80,4.83333333333333,6.5,0,0
2026-09-20T10:31:15.000Z,2026-09-20T10:32:55.000Z,100,4.83333333333333,6.16666666666667,0,0
2026-09-20T10:35:35.000Z,2026-09-20T10:37:25.000Z,110,2.66666666666667,4.33333333333333,0,0
2026-09-20T10:37:55.000Z,2026-09-20T10:38:55.000Z,60,0.5,2.33333333333333,0,0
2026-09-20T10:42:05.000Z,2026-09-20T10:43:35.000Z,90,3.16666666666667,4.16666666666667,0,0
2026-09-20T10:48:15.000Z,2026-09-20T10:49:55.000Z,100,4.66666666666667,6.16666666666667,0,0
2026-09-20T10:52:45.000Z,2026-09-20T10:54:35.000Z,110,2.83333333333333,4.5,0,0
2026-09-20T10:54:45.000Z,2026-09-20T10:56:15.000Z,90,0.166666666666667,2,0,0
2026-09-20T10:59:15.000Z,2026-09-20T11:00:45.000Z,90,3,4.5,0,0
2026-09-20T11:05:25.000Z,2026-09-20T11:07:05.000Z,100,4.66666666666667,6.16666666666667,0,0
2026-09-20T11:09:55.000Z,2026-09-20T11:11:25.000Z,90,2.83333333333333,4.5,0,0
2026-09-20T11:11:45.000Z,2026-09-20T11:13:25.000Z,100,0.333333333333333,1.83333333333333,0,0
2026-09-20T11:16:15.000Z,2026-09-20T11:17:55.000Z,100,2.83333333333333,4.5,0,0
2026-09-20T11:22:35.000Z,2026-09-20T11:24:05.000Z,90,4.66666666666667,6.33333333333333,0,0
2026-09-20T11:27:25.000Z,2026-09-20T11:28:15.000Z,50,3.33333333333333,4.83333333333333,0,0
2026-09-20T11:28:45.000Z,2026-09-20T11:30:35.000Z,110,0.5,1.33333333333333,0,0
2026-09-20T11:33:15.000Z,2026-09-20T11:35:05.000Z,110,2.66666666666667,4.5,0,0
2026-09-20T11:39:45.000Z,2026-09-20T11:41:15.000Z,90,4.66666666666667,6.5,0,0
2026-09-20T11:45:55.000Z,2026-09-20T11:47:45.000Z,110,4.66666666666667,6.16666666666667,0,0
2026-09-20T11:50:25.000Z,2026-09-20T11:52:15.000Z,110,2.66666666666667,4.5,0,0
2026-09-20T11:52:55.000Z,2026-09-20T11:53:35.000Z,40,0.666666666666667,2.5,0,0
2026-09-20T11:56:55.000Z,2026-09-20T11:58:25.000Z,90,3.33333333333333,4,0,0
2026-09-20T12:03:05.000Z,2026-09-20T12:04:45.000Z,100,4.66666666666667,6.16666666666667,0,0
2026-09-20T12:07:35.000Z,2026-09-20T12:09:15.000Z,100,2.83333333333333,4.5,0,0
2026-09-20T12:09:35.000Z,2026-09-20T12:11:05.000Z,90,0.333333333333333,2,0,0
2026-09-20T12:13:55.000Z,2026-09-20T12:15:35.000Z,100,2.83333333333333,4.33333333333333,0,0
2026-09-20T12:20:15.000Z,2026-09-20T12:21:45.000Z,90,4.66666666666667,6.33333333333333,0,0
2026-09-20T12:24:45.000Z,2026-09-20T12:26:15.000Z,90,3,4.5,0,0
2026-09-20T12:26:35.000Z,2026-09-20T12:28:15.000Z,100,0.333333333333333,1.83333333333333,0,0
2026-09-20T12:31:05.000Z,2026-09-20T12:32:45.000Z,100,2.83333333333333,4.5,0,0
2026-09-20T12:37:25.000Z,2026-09-20T12:38:55.000Z,90,4.66666666666667,6.33333333333333,0,0
2026-09-20T12:42:05.000Z,2026-09-20T12:43:05.000Z,60,3.16666666666667,4.66666666666667,0,0
2026-09-20T12:43:35.000Z,2026-09-20T12:45:25.000Z,110,0.5,1.5,0,0
2026-09-20T12:48:05.000Z,2026-09-20T12:49:55.000Z,110,2.66666666666667,4.5,0,0
2026-09-20T12:54:35.000Z,2026-09-20T12:55:55.000Z,80,4.66666666666667,6.5,0,0
2026-09-20T13:00:45.000Z,2026-09-20T13:02:25.000Z,100,4.83333333333333,6.16666666666667,0,0
2026-09-20T13:05:15.000Z,2026-09-20T13:06:55.000Z,100,2.83333333333333,4.5,0,0
2026-09-20T13:11:45.000Z,2026-09-20T13:13:05.000Z,80,4.83333333333333,6.5,0,0
2026-09-20T13:17:55.000Z,2026-09-20T13:19:35.000Z,100,4.83333333333333,6.16666666666667,0,0
2026-09-20T13:22:15.000Z,2026-09-20T13:24:05.000Z,110,2.66666666666667,4.33333333333333,0,0
2026-09-20T13:24:25.000Z,2026-09-20T13:25:45.000Z,80,0.333333333333333,2.16666666666667,0,0
2026-09-20T13:28:45.000Z,2026-09-20T13:30:15.000Z,90,3,4.33333333333333,0,0
2026-09-20T13:35:05.000Z,2026-09-20T13:36:35.000Z,90,4.83333333333333,6.33333333333333,0,0
2026-09-20T13:39:25.000Z,2026-09-20T13:41:05.000Z,100,2.83333333333333,4.33333333333333,0,0
2026-09-20T13:41:15.000Z,2026-09-20T13:42:55.000Z,100,0.166666666666667,1.83333333333333,0,0
2026-09-20T13:45:45.000Z,2026-09-20T13:47:25.000Z,100,2.83333333333333,4.5,0,0
2026-09-20T13:52:15.000Z,2026-09-20T13:53:35.000Z,80,4.83333333333333,6.5,0,0
2026-09-20T13:56:45.000Z,2026-09-20T13:57:55.000Z,70,3.16666666666667,4.5,0,0
2026-09-20T13:58:25.000Z,2026-09-20T14:00:05.000Z,100,0.5,1.66666666666667,0,0
2026-09-20T14:02:55.000Z,2026-09-20T14:04:35.000Z,100,2.83333333333333,4.5,0,0
2026-09-20T14:09:15.000Z,2026-09-20T14:10:45.000Z,90,4.66666666666667,6.33333333333333,0,0
2026-09-20T14:15:25.000Z,2026-09-20T14:17:15.000Z,110,4.66666666666667,6.16666666666667,0,0
2026-09-20T14:19:55.000Z,2026-09-20T14:21:45.000Z,110,2.66666666666667,4.5,0,0
2026-09-20T14:26:25.000Z,2026-09-20T14:27:55.000Z,90,4.66666666666667,6.5,0,0
2026-09-20T14:32:35.000Z,2026-09-20T14:34:15.000Z,100,4.66666666666667,6.16666666666667,0,0
2026-09-20T14:37:05.000Z,2026-09-20T14:38:55.000Z,110,2.83333333333333,4.5,0,0
2026-09-20T14:39:15.000Z,2026-09-20T14:40:25.000Z,70,0.333333333333333,2.16666666666667,0,0
2026-09-20T14:43:35.000Z,2026-09-20T14:45:05.000Z,90,3.16666666666667,4.33333333333333,0,0
2026-09-20T14:49:45.000Z,2026-09-20T14:51:25.000Z,100,4.66666666666667,6.16666666666667,0,0
2026-09-20T14:54:15.000Z,2026-09-20T14:55:55.000Z,100,2.83333333333333,4.5,0,0
2026-09-20T14:56:05.000Z,2026-09-20T14:57:45.000Z,100,0.166666666666667,1.83333333333333,0,0
2026-09-20T15:00:35.000Z,2026-09-20T15:02:15.000Z,100,2.83333333333333,4.5,0,0
2026-09-20T15:06:55.000Z,2026-09-20T15:08:25.000Z,90,4.66666666666667,6.33333333333333,0,0
2026-09-20T15:11:25.000Z,2026-09-20T15:12:45.000Z,80,3,4.5,0,0
2026-09-20T15:13:05.000Z,2026-09-20T15:14:55.000Z,110,0.333333333333333,1.66666666666667,0,0
2026-09-20T15:17:35.000Z,2026-09-20T15:19:25.000Z,110,2.66666666666667,4.5,0,0
2026-09-20T15:24:05.000Z,2026-09-20T15:25:35.000Z,90,4.66666666666667,6.5,0,0
2026-09-20T15:30:15.000Z,2026-09-20T15:32:05.000Z,110,4.66666666666667,6.16666666666667,0,0
2026-09-20T15:34:45.000Z,2026-09-20T15:36:35.000Z,110,2.66666666666667,4.5,0,0
2026-09-20T15:41:15.000Z,2026-09-20T15:42:35.000Z,80,4.66666666666667,6.5,0,0
2026-09-20T15:47:25.000Z,2026-09-20T15:49:05.000Z,100,4.83333333333333,6.16666666666667,0,0
2026-09-20T15:51:45.000Z,2026-09-20T15:53:35.000Z,110,2.66666666666667,4.33333333333333,0,0
2026-09-20T15:54:05.000Z,2026-09-20T15:55:05.000Z,60,0.5,2.33333333333333,0,0
2026-09-20T15:58:15.000Z,2026-09-20T15:59:45.000Z,90,3.16666666666667,4.16666666666667,0,0
2026-09-20T16:04:35.000Z,2026-09-20T16:06:05.000Z,90,4.83333333333333,6.33333333333333,0,0
2026-09-20T16:08:55.000Z,2026-09-20T16:10:35.000Z,100,2.83333333333333,4.33333333333333,0,0
2026-09-20T16:10:55.000Z,2026-09-20T16:12:25.000Z,90,0.333333333333333,2,0,0
2026-09-20T16:15:25.000Z,2026-09-20T16:16:55.000Z,90,3,4.5,0,0
2026-09-20T16:21:45.000Z,2026-09-20T16:23:15.000Z,90,4.83333333333333,6.33333333333333,0,0
2026-09-20T16:26:15.000Z,2026-09-20T16:27:35.000Z,80,3,4.5,0,0
2026-09-20T16:27:55.000Z,2026-09-20T16:29:45.000Z,110,0.333333333333333,1.66666666666667,0,0
2026-09-20T16:32:25.000Z,2026-09-20T16:34:05.000Z,100,2.66666666666667,4.5,0,0
2026-09-20T16:38:45.000Z,2026-09-20T16:40:15.000Z,90,4.66666666666667,6.33333333333333,0,0
2026-09-20T16:43:45.000Z,2026-09-20T16:44:15.000Z,30,3.5,5,0,0
2026-09-20T16:44:55.000Z,2026-09-20T16:46:45.000Z,110,0.666666666666667,1.16666666666667,0,0
2026-09-20T16:49:25.000Z,2026-09-20T16:51:15.000Z,110,2.66666666666667,4.5,0,0
2026-09-20T16:55:55.000Z,2026-09-20T16:57:25.000Z,90,4.66666666666667,6.5,0,0
2026-09-20T17:02:05.000Z,2026-09-20T17:03:55.000Z,110,4.66666666666667,6.16666666666667,0,0
2026-09-20T17:06:35.000Z,2026-09-20T17:08:25.000Z,110,2.66666666666667,4.5,0,0
2026-09-20T17:08:55.000Z,2026-09-20T17:09:45.000Z,50,0.5,2.33333333333333,0,0
2026-09-20T17:13:05.000Z,2026-09-20T17:14:35.000Z,90,3.33333333333333,4.16666666666667,0,0
2026-09-20T17:19:15.000Z,2026-09-20T17:20:55.000Z,100,4.66666666666667,6.16666666666667,0,0
2026-09-20T17:23:45.000Z,2026-09-20T17:25:25.000Z,100,2.83333333333333,4.5,0,0
2026-09-20T17:25:45.000Z,2026-09-20T17:27:15.000Z,90,0.333333333333333,2,0,0
2026-09-20T17:30:05.000Z,2026-09-20T17:31:45.000Z,100,2.83333333333333,4.33333333333333,0,0
2026-09-20T17:36:25.000Z,2026-09-20T17:37:55.000Z,90,4.66666666666667,6.33333333333333,0,0
2026-09-20T17:40:55.000Z,2026-09-20T17:42:25.000Z,90,3,4.5,0,0
2026-09-20T17:42:45.000Z,2026-09-20T17:44:25.000Z,100,0.333333333333333,1.83333333333333,0,0
2026-09-20T17:47:15.000Z,2026-09-20T17:48:55.000Z,100,2.83333333333333,4.5,0,0
2026-09-20T17:53:35.000Z,2026-09-20T17:55:05.000Z,90,4.66666666666667,6.33333333333333,0,0
2026-09-20T17:58:15.000Z,2026-09-20T17:59:15.000Z,60,3.16666666666667,4.66666666666667,0,0
2026-09-20T17:59:45.000Z,2026-09-20T18:01:35.000Z,110,0.5,1.5,0,0
2026-09-20T18:04:15.000Z,2026-09-20T18:06:05.000Z,110,2.66666666666667,4.5,0,0
2026-09-20T18:10:45.000Z,2026-09-20T18:12:05.000Z,80,4.66666666666667,6.5,0,0
2026-09-20T18:16:55.000Z,2026-09-20T18:18:35.000Z,100,4.83333333333333,6.16666666666667,0,0
2026-09-20T18:21:25.000Z,2026-09-20T18:23:05.000Z,100,2.83333333333333,4.5,0,0
2026-09-20T18:23:55.000Z,2026-09-20T18:24:25.000Z,30,0.833333333333333,2.5,0,0
2026-09-20T18:27:55.000Z,2026-09-20T18:29:15.000Z,80,3.5,4,0,0
2026-09-20T18:34:05.000Z,2026-09-20T18:35:45.000Z,100,4.83333333333333,6.16666666666667,0,0
2026-09-20T18:38:25.000Z,2026-09-20T18:40:15.000Z,110,2.66666666666667,4.33333333333333,0,0
2026-09-20T18:40:35.000Z,2026-09-20T18:41:55.000Z,80,0.333333333333333,2.16666666666667,0,0
2026-09-20T18:44:55.000Z,2026-09-20T18:46:25.000Z,90,3,4.33333333333333,0,0
2026-09-20T18:51:15.000Z,2026-09-20T18:52:45.000Z,90,4.83333333333333,6.33333333333333,0,0
2026-09-20T18:55:35.000Z,2026-09-20T18:57:15.000Z,100,2.83333333333333,4.33333333333333,0,0
2026-09-20T18:57:25.000Z,2026-09-20T18:59:15.000Z,110,0.166666666666667,1.83333333333333,0,0
2026-09-20T19:01:55.000Z,2026-09-20T19:03:35.000Z,100,2.66666666666667,4.5,0,0
2026-09-20T19:08:25.000Z,2026-09-20T19:09:45.000Z,80,4.83333333333333,6.5,0,0
2026-09-20T19:12:55.000Z,2026-09-20T19:14:05.000Z,70,3.16666666666667,4.5,0,0
2026-09-20T19:14:35.000Z,2026-09-20T19:16:15.000Z,100,0.5,1.66666666666667,0,0
2026-09-20T19:19:05.000Z,2026-09-20T19:20:45.000Z,100,2.83333333333333,4.5,0,0
2026-09-20T19:25:25.000Z,2026-09-20T19:26:55.000Z,90,4.66666666666667,6.33333333333333,0,0
2026-09-20T19:31:35.000Z,2026-09-20T19:33:25.000Z,110,4.66666666666667,6.16666666666667,0,0
2026-09-20T19:36:05.000Z,2026-09-20T19:37:55.000Z,110,2.66666666666667,4.5,0,0
2026-09-20T19:42:35.000Z,2026-09-20T19:44:05.000Z,90,4.66666666666667,6.5,0,0
2026-09-20T19:48:45.000Z,2026-09-20T19:50:25.000Z,100,4.66666666666667,6.16666666666667,0,0
2026-09-20T19:53:15.000Z,2026-09-20T19:55:05.000Z,110,2.83333333333333,4.5,0,0
2026-09-20T19:55:25.000Z,2026-09-20T19:56:45.000Z,80,0.333333333333333,2.16666666666667,0,0
2026-09-20T19:59:45.000Z,2026-09-20T20:01:15.000Z,90,3,4.33333333333333,0,0
2026-09-20T20:05:55.000Z,2026-09-20T20:07:35.000Z,100,4.66666666666667,6.16666666666667,0,0
2026-09-20T20:10:25.000Z,2026-09-20T20:12:05.000Z,100,2.83333333333333,4.5,0,0
2026-09-20T20:12:15.000Z,2026-09-20T20:13:55.000Z,100,0.166666666666667,1.83333333333333,0,0
2026-09-20T20:16:45.000Z,2026-09-20T20:18:25.000Z,100,2.83333333333333,4.5,0,0
2026-09-20T20:23:05.000Z,2026-09-20T20:24:35.000Z,90,4.66666666666667,6.33333333333333,0,0
2026-09-20T20:27:35.000Z,2026-09-20T20:28:55.000Z,80,3,4.5,0,0
2026-09-20T20:29:15.000Z,2026-09-20T20:31:05.000Z,110,0.333333333333333,1.66666666666667,0,0
2026-09-20T20:33:45.000Z,2026-09-20T20:35:35.000Z,110,2.66666666666667,4.5,0,0
2026-09-20T20:40:15.000Z,2026-09-20T20:41:45.000Z,90,4.66666666666667,6.5,0,0
2026-09-20T20:46:25.000Z,2026-09-20T20:48:15.000Z,110,4.66666666666667,6.16666666666667,0,0
2026-09-20T20:50:55.000Z,2026-09-20T20:52:45.000Z,110,2.66666666666667,4.5,0,0
2026-09-20T20:57:25.000Z,2026-09-20T20:58:45.000Z,80,4.66666666666667,6.5,0,0
2026-09-20T21:03:35.000Z,2026-09-20T21:05:15.000Z,100,4.83333333333333,6.16666666666667,0,0
2026-09-20T21:07:55.000Z,2026-09-20T21:09:45.000Z,110,2.66666666666667,4.33333333333333,0,0
2026-09-20T21:10:15.000Z,2026-09-20T21:11:25.000Z,70,0.5,2.33333333333333,0,0
2026-09-20T21:14:25.000Z,2026-09-20T21:15:55.000Z,90,3,4.16666666666667,0,0
2026-09-20T21:20:45.000Z,2026-09-20T21:22:15.000Z,90,4.83333333333333,6.33333333333333,0,0
2026-09-20T21:25:05.000Z,2026-09-20T21:26:45.000Z,100,2.83333333333333,4.33333333333333,0,0
2026-09-20T21:27:05.000Z,2026-09-20T21:28:45.000Z,100,0.333333333333333,2,0,0
2026-09-20T21:31:35.000Z,2026-09-20T21:33:05.000Z,90,2.83333333333333,4.5,0,0
2026-09-20T21:37:55.000Z,2026-09-20T21:39:25.000Z,90,4.83333333333333,6.33333333333333,0,0
2026-09-20T21:42:25.000Z,2026-09-20T21:43:45.000Z,80,3,4.5,0,0
2026-09-20T21:44:05.000Z,2026-09-20T21:45:55.000Z,110,0.333333333333333,1.66666666666667,0,0
2026-09-20T21:48:35.000Z,2026-09-20T21:50:15.000Z,100,2.66666666666667,4.5,0,0
2026-09-20T21:55:05.000Z,2026-09-20T21:56:25.000Z,80,4.83333333333333,6.5,0,0
2026-09-20T22:01:05.000Z,2026-09-20T22:02:55.000Z,110,4.66666666666667,6,0,0
2026-09-20T22:05:35.000Z,2026-09-20T22:07:25.000Z,110,2.66666666666667,4.5,0,0
2026-09-20T22:12:05.000Z,2026-09-20T22:13:35.000Z,90,4.66666666666667,6.5,0,0
2026-09-20T22:18:15.000Z,2026-09-20T22:20:05.000Z,110,4.66666666666667,6.16666666666667,0,0
2026-09-20T22:22:45.000Z,2026-09-20T22:24:35.000Z,110,2.66666666666667,4.5,0,0
2026-09-20T22:25:05.000Z,2026-09-20T22:26:05.000Z,60,0.5,2.33333333333333,0,0
2026-09-20T22:29:15.000Z,2026-09-20T22:30:45.000Z,90,3.16666666666667,4.16666666666667,0,0
2026-09-20T22:35:25.000Z,2026-09-20T22:37:05.000Z,100,4.66666666666667,6.16666666666667,0,0
2026-09-20T22:39:55.000Z,2026-09-20T22:41:35.000Z,100,2.83333333333333,4.5,0,0
2026-09-20T22:41:55.000Z,2026-09-20T22:43:25.000Z,90,0.333333333333333,2,0,0
2026-09-20T22:46:15.000Z,2026-09-20T22:47:55.000Z,100,2.83333333333333,4.33333333333333,0,0
2026-09-20T22:52:35.000Z,2026-09-20T22:54:05.000Z,90,4.66666666666667,6.33333333333333,0,0
2026-09-20T22:57:05.000Z,2026-09-20T22:58:35.000Z,90,3,4.5,0,0
2026-09-20T22:58:55.000Z,2026-09-20T23:00:35.000Z,100,0.333333333333333,1.83333333333333,0,0
2026-09-20T23:03:25.000Z,2026-09-20T23:05:05.000Z,100,2.83333333333333,4.5,0,0
2026-09-20T23:09:45.000Z,2026-09-20T23:11:15.000Z,90,4.66666666666667,6.33333333333333,0,0
2026-09-20T23:14:35.000Z,2026-09-20T23:15:15.000Z,40,3.33333333333333,4.83333333333333,0,0
2026-09-20T23:15:55.000Z,2026-09-20T23:17:45.000Z,110,0.666666666666667,1.33333333333333,0,0
2026-09-20T23:20:25.000Z,2026-09-20T23:22:15.000Z,110,2.66666666666667,4.5,0,0
2026-09-20T23:26:55.000Z,2026-09-20T23:28:25.000Z,90,4.66666666666667,6.5,0,0
2026-09-20T23:33:05.000Z,2026-09-20T23:34:45.000Z,100,4.66666666666667,6.16666666666667,0,0
2026-09-20T23:37:35.000Z,2026-09-20T23:39:15.000Z,100,2.83333333333333,4.5,0,0
2026-09-20T23:39:55.000Z,2026-09-20T23:40:45.000Z,50,0.666666666666667,2.33333333333333,0,0
2026-09-20T23:44:05.000Z,2026-09-20T23:45:25.000Z,80,3.33333333333333,4.16666666666667,0,0
2026-09-20T23:50:15.000Z,2026-09-20T23:51:55.000Z,100,4.83333333333333,6.16666666666667,0,0
2026-09-20T23:54:35.000Z,2026-09-20T23:56:25.000Z,110,2.66666666666667,4.33333333333333,0,0
2026-09-20T23:56:45.000Z,2026-09-20T23:58:05.000Z,80,0.333333333333333,2.16666666666667,0,0
2026-09-21T00:01:05.000Z,2026-09-21T00:02:35.000Z,90,3,4.33333333333333,0,0
2026-09-21T00:07:25.000Z,2026-09-21T00:08:55.000Z,90,4.83333333333333,6.33333333333333,0,0
2026-09-21T00:11:45.000Z,2026-09-21T00:13:25.000Z,100,2.83333333333333,4.33333333333333,0,0
2026-09-21T00:13:35.000Z,2026-09-21T00:15:25.000Z,110,0.166666666666667,1.83333333333333,0,0
2026-09-21T00:18:05.000Z,2026-09-21T00:19:45.000Z,100,2.66666666666667,4.5,0,0
2026-09-21T00:24:35.000Z,2026-09-21T00:25:55.000Z,80,4.83333333333333,6.5,0,0
2026-09-21T00:29:15.000Z,2026-09-21T00:30:05.000Z,50,3.33333333333333,4.66666666666667,0,0
2026-09-21T00:30:45.000Z,2026-09-21T00:32:25.000Z,100,0.666666666666667,1.5,0,0
2026-09-21T00:35:15.000Z,2026-09-21T00:36:55.000Z,100,2.83333333333333,4.5,0,0
2026-09-21T00:41:35.000Z,2026-09-21T00:43:05.000Z,90,4.66666666666667,6.33333333333333,0,0
2026-09-21T00:47:45.000Z,2026-09-21T00:49:35.000Z,110,4.66666666666667,6.16666666666667,0,0
2026-09-21T00:52:15.000Z,2026-09-21T00:54:05.000Z,110,2.66666666666667,4.5,0,0
2026-09-21T00:54:55.000Z,2026-09-21T00:55:15.000Z,20,0.833333333333333,2.66666666666667,0,0
2026-09-21T00:58:45.000Z,2026-09-21T01:00:15.000Z,90,3.5,3.83333333333333,0,0
2026-09-21T01:04:55.000Z,2026-09-21T01:06:35.000Z,100,4.66666666666667,6.16666666666667,0,0
2026-09-21T01:09:25.000Z,2026-09-21T01:11:05.000Z,100,2.83333333333333,4.5,0,0
2026-09-21T01:11:25.000Z,2026-09-21T01:12:55.000Z,90,0.333333333333333,2,0,0
2026-09-21T01:15:55.000Z,2026-09-21T01:17:25.000Z,90,3,4.5,0,0
2026-09-21T01:22:05.000Z,2026-09-21T01:23:45.000Z,100,4.66666666666667,6.16666666666667,0,0
2026-09-21T01:26:35.000Z,2026-09-21T01:28:05.000Z,90,2.83333333333333,4.5,0,0
2026-09-21T01:28:25.000Z,2026-09-21T01:30:05.000Z,100,0.333333333333333,1.83333333333333,0,0
2026-09-21T01:32:55.000Z,2026-09-21T01:34:35.000Z,100,2.83333333333333,4.5,0,0
2026-09-21T01:39:15.000Z,2026-09-21T01:40:45.000Z,90,4.66666666666667,6.33333333333333,0,0
2026-09-21T01:43:55.000Z,2026-09-21T01:45:05.000Z,70,3.16666666666667,4.66666666666667,0,0
2026-09-21T01:45:25.000Z,2026-09-21T01:47:15.000Z,110,0.333333333333333,1.5,0,0
2026-09-21T01:49:55.000Z,2026-09-21T01:51:45.000Z,110,2.66666666666667,4.5,0,0
2026-09-21T01:56:25.000Z,2026-09-21T01:57:55.000Z,90,4.66666666666667,6.5,0,0
2026-09-21T02:02:35.000Z,2026-09-21T02:04:25.000Z,110,4.66666666666667,6.16666666666667,0,0
2026-09-21T02:07:05.000Z,2026-09-21T02:08:55.000Z,110,2.66666666666667,4.5,0,0
2026-09-21T02:13:35.000Z,2026-09-21T02:14:55.000Z,80,4.66666666666667,6.5,0,0
2026-09-21T02:19:45.000Z,2026-09-21T02:21:25.000Z,100,4.83333333333333,6.16666666666667,0,0
2026-09-21T02:24:05.000Z,2026-09-21T02:25:55.000Z,110,2.66666666666667,4.33333333333333,0,0
2026-09-21T02:26:15.000Z,2026-09-21T02:27:35.000Z,80,0.333333333333333,2.16666666666667,0,0
2026-09-21T02:30:35.000Z,2026-09-21T02:32:05.000Z,90,3,4.33333333333333,0,0
2026-09-21T02:36:55.000Z,2026-09-21T02:38:25.000Z,90,4.83333333333333,6.33333333333333,0,0
2026-09-21T02:41:15.000Z,2026-09-21T02:42:55.000Z,100,2.83333333333333,4.33333333333333,0,0
2026-09-21T02:43:15.000Z,2026-09-21T02:44:55.000Z,100,0.333333333333333,2,0,0
2026-09-21T02:47:45.000Z,2026-09-21T02:49:15.000Z,90,2.83333333333333,4.5,0,0
2026-09-21T02:54:05.000Z,2026-09-21T02:55:35.000Z,90,4.83333333333333,6.33333333333333,0,0
2026-09-21T02:58:35.000Z,2026-09-21T02:59:55.000Z,80,3,4.5,0,0
2026-09-21T03:00:15.000Z,2026-09-21T03:02:05.000Z,110,0.333333333333333,1.66666666666667,0,0
2026-09-21T03:04:45.000Z,2026-09-21T03:06:25.000Z,100,2.66666666666667,4.5,0,0
2026-09-21T03:11:15.000Z,2026-09-21T03:12:35.000Z,80,4.83333333333333,6.5,0,0
2026-09-21T03:17:15.000Z,2026-09-21T03:19:05.000Z,110,4.66666666666667,6,0,0
2026-09-21T03:21:45.000Z,2026-09-21T03:23:35.000Z,110,2.66666666666667,4.5,0,0
2026-09-21T03:28:15.000Z,2026-09-21T03:29:45.000Z,90,4.66666666666667,6.5,0,0
2026-09-21T03:34:25.000Z,2026-09-21T03:36:15.000Z,110,4.66666666666667,6.16666666666667,0,0
2026-09-21T03:38:55.000Z,2026-09-21T03:40:45.000Z,110,2.66666666666667,4.5,0,0
2026-09-21T03:41:05.000Z,2026-09-21T03:42:15.000Z,70,0.333333333333333,2.16666666666667,0,0
2026-09-21T03:45:25.000Z,2026-09-21T03:46:55.000Z,90,3.16666666666667,4.33333333333333,0,0
2026-09-21T03:51:35.000Z,2026-09-21T03:53:15.000Z,100,4.66666666666667,6.16666666666667,0,0
2026-09-21T03:56:05.000Z,2026-09-21T03:57:45.000Z,100,2.83333333333333,4.5,0,0
2026-09-21T03:58:05.000Z,2026-09-21T03:59:35.000Z,90,0.333333333333333,2,0,0
2026-09-21T04:02:25.000Z,2026-09-21T04:04:05.000Z,100,2.83333333333333,4.33333333333333,0,0
2026-09-21T04:08:45.000Z,2026-09-21T04:10:15.000Z,90,4.66666666666667,6.33333333333333,0,0
2026-09-21T04:13:15.000Z,2026-09-21T04:14:45.000Z,90,3,4.5,0,0
2026-09-21T04:15:05.000Z,2026-09-21T04:16:45.000Z,100,0.333333333333333,1.83333333333333,0,0
2026-09-21T04:19:35.000Z,2026-09-21T04:21:15.000Z,100,2.83333333333333,4.5,0,0
2026-09-21T04:25:55.000Z,2026-09-21T04:27:25.000Z,90,4.66666666666667,6.33333333333333,0,0
2026-09-21T04:30:55.000Z,2026-09-21T04:31:15.000Z,20,3.5,5,0,0
2026-09-21T04:32:05.000Z,2026-09-21T04:33:55.000Z,110,0.833333333333333,1.16666666666667,0,0
2026-09-21T04:36:35.000Z,2026-09-21T04:38:25.000Z,110,2.66666666666667,4.5,0,0
2026-09-21T04:43:05.000Z,2026-09-21T04:44:35.000Z,90,4.66666666666667,6.5,0,0
2026-09-21T04:49:15.000Z,2026-09-21T04:50:55.000Z,100,4.66666666666667,6.16666666666667,0,0
2026-09-21T04:53:45.000Z,2026-09-21T04:55:25.000Z,100,2.83333333333333,4.5,0,0
2026-09-21T04:56:05.000Z,2026-09-21T04:56:55.000Z,50,0.666666666666667,2.33333333333333,0,0
2026-09-21T05:00:15.000Z,2026-09-21T05:01:35.000Z,80,3.33333333333333,4.16666666666667,0,0
2026-09-21T05:06:25.000Z,2026-09-21T05:08:05.000Z,100,4.83333333333333,6.16666666666667,0,0
2026-09-21T05:10:45.000Z,2026-09-21T05:12:35.000Z,110,2.66666666666667,4.33333333333333,0,0
2026-09-21T05:12:45.000Z,2026-09-21T05:14:25.000Z,100,0.166666666666667,2,0,0
2026-09-21T05:17:15.000Z,2026-09-21T05:18:45.000Z,90,2.83333333333333,4.5,0,0
2026-09-21T05:23:35.000Z,2026-09-21T05:25:05.000Z,90,4.83333333333333,6.33333333333333,0,0
2026-09-21T05:28:05.000Z,2026-09-21T05:29:25.000Z,80,3,4.5,0,0
2026-09-21T05:29:45.000Z,2026-09-21T05:31:35.000Z,110,0.333333333333333,1.66666666666667,0,0
2026-09-21T05:34:15.000Z,2026-09-21T05:35:55.000Z,100,2.66666666666667,4.5,0,0
2026-09-21T05:40:45.000Z,2026-09-21T05:42:05.000Z,80,4.83333333333333,6.5,0,0
2026-09-21T05:45:25.000Z,2026-09-21T05:46:15.000Z,50,3.33333333333333,4.66666666666667,0,0
2026-09-21T05:46:55.000Z,2026-09-21T05:48:35.000Z,100,0.666666666666667,1.5,0,0
2026-09-21T05:51:25.000Z,2026-09-21T05:53:05.000Z,100,2.83333333333333,4.5,0,0
2026-09-21T05:57:55.000Z,2026-09-21T05:59:15.000Z,80,4.83333333333333,6.5,0,0
2026-09-21T06:03:55.000Z,2026-09-21T06:05:45.000Z,110,4.66666666666667,6,0,0
2026-09-21T06:08:25.000Z,2026-09-21T06:10:15.000Z,110,2.66666666666667,4.5,0,0
2026-09-21T06:10:55.000Z,2026-09-21T06:11:35.000Z,40,0.666666666666667,2.5,0,0
2026-09-21T06:14:55.000Z,2026-09-21T06:16:25.000Z,90,3.33333333333333,4,0,0
2026-09-21T06:21:05.000Z,2026-09-21T06:22:45.000Z,100,4.66666666666667,6.16666666666667,0,0
2026-09-21T06:25:35.000Z,2026-09-21T06:27:15.000Z,100,2.83333333333333,4.5,0,0
2026-09-21T06:27:35.000Z,2026-09-21T06:29:05.000Z,90,0.333333333333333,2,0,0
2026-09-21T06:32:05.000Z,2026-09-21T06:33:35.000Z,90,3,4.5,0,0
2026-09-21T06:38:15.000Z,2026-09-21T06:39:55.000Z,100,4.66666666666667,6.16666666666667,0,0
2026-09-21T06:42:45.000Z,2026-09-21T06:44:15.000Z,90,2.83333333333333,4.5,0,0
2026-09-21T06:44:35.000Z,2026-09-21T06:46:15.000Z,100,0.333333333333333,1.83333333333333,0,0
2026-09-21T06:49:05.000Z,2026-09-21T06:50:45.000Z,100,2.83333333333333,4.5,0,0
2026-09-21T06:55:25.000Z,2026-09-21T06:56:55.000Z,90,4.66666666666667,6.33333333333333,0,0
2026-09-21T07:00:05.000Z,2026-09-21T07:01:05.000Z,60,3.16666666666667,4.66666666666667,0,0
2026-09-21T07:01:35.000Z,2026-09-21T07:03:25.000Z,110,0.5,1.5,0,0
2026-09-21T07:06:05.000Z,2026-09-21T07:07:55.000Z,110,2.66666666666667,4.5,0,0
2026-09-21T07:12:35.000Z,2026-09-21T07:14:05.000Z,90,4.66666666666667,6.5,0,0
2026-09-21T07:18:45.000Z,2026-09-21T07:20:35.000Z,110,4.66666666666667,6.16666666666667,0,0
2026-09-21T07:23:15.000Z,2026-09-21T07:25:05.000Z,110,2.66666666666667,4.5,0,0
2026-09-21T07:25:55.000Z,2026-09-21T07:26:05.000Z,10,0.833333333333333,2.66666666666667,0,0
2026-09-21T07:29:45.000Z,2026-09-21T07:31:05.000Z,80,3.66666666666667,3.83333333333333,0,0
2026-09-21T07:35:55.000Z,2026-09-21T07:37:35.000Z,100,4.83333333333333,6.16666666666667,0,0
2026-09-21T07:40:15.000Z,2026-09-21T07:42:05.000Z,110,2.66666666666667,4.33333333333333,0,0
2026-09-21T07:42:25.000Z,2026-09-21T07:43:45.000Z,80,0.333333333333333,2.16666666666667,0,0
2026-09-21T07:46:45.000Z,2026-09-21T07:48:15.000Z,90,3,4.33333333333333,0,0
2026-09-21T07:53:05.000Z,2026-09-21T07:54:35.000Z,90,4.83333333333333,6.33333333333333,0,0
2026-09-21T07:57:25.000Z,2026-09-21T07:59:05.000Z,100,2.83333333333333,4.33333333333333,0,0
2026-09-21T07:59:25.000Z,2026-09-21T08:01:05.000Z,100,0.333333333333333,2,0,0
2026-09-21T08:03:55.000Z,2026-09-21T08:05:25.000Z,90,2.83333333333333,4.5,0,0
2026-09-21T08:10:15.000Z,2026-09-21T08:11:45.000Z,90,4.83333333333333,6.33333333333333,0,0
2026-09-21T08:14:45.000Z,2026-09-21T08:15:55.000Z,70,3,4.5,0,0
2026-09-21T08:16:25.000Z,2026-09-21T08:18:15.000Z,110,0.5,1.66666666666667,0,0
2026-09-21T08:20:55.000Z,2026-09-21T08:22:35.000Z,100,2.66666666666667,4.5,0,0
2026-09-21T08:27:25.000Z,2026-09-21T08:28:45.000Z,80,4.83333333333333,6.5,0,0
2026-09-21T08:33:25.000Z,2026-09-21T08:35:15.000Z,110,4.66666666666667,6,0,0
2026-09-21T08:37:55.000Z,2026-09-21T08:39:45.000Z,110,2.66666666666667,4.5,0,0
2026-09-21T08:44:25.000Z,2026-09-21T08:45:55.000Z,90,4.66666666666667,6.5,0,0
2026-09-21T08:50:35.000Z,2026-09-21T08:52:25.000Z,110,4.66666666666667,6.16666666666667,0,0
2026-09-21T08:55:05.000Z,2026-09-21T08:56:55.000Z,110,2.66666666666667,4.5,0,0
2026-09-21T08:57:15.000Z,2026-09-21T08:58:35.000Z,80,0.333333333333333,2.16666666666667,0,0
2026-09-21T09:01:35.000Z,2026-09-21T09:03:05.000Z,90,3,4.33333333333333,0,0
2026-09-21T09:07:45.000Z,2026-09-21T09:09:25.000Z,100,4.66666666666667,6.16666666666667,0,0
2026-09-21T09:12:15.000Z,2026-09-21T09:13:55.000Z,100,2.83333333333333,4.5,0,0
2026-09-21T09:14:05.000Z,2026-09-21T09:15:45.000Z,100,0.166666666666667,1.83333333333333,0,0
2026-09-21T09:18:35.000Z,2026-09-21T09:20:15.000Z,100,2.83333333333333,4.5,0,0
2026-09-21T09:24:55.000Z,2026-09-21T09:26:25.000Z,90,4.66666666666667,6.33333333333333,0,0
2026-09-21T09:29:35.000Z,2026-09-21T09:30:45.000Z,70,3.16666666666667,4.66666666666667,0,0
2026-09-21T09:31:05.000Z,2026-09-21T09:32:55.000Z,110,0.333333333333333,1.5,0,0
2026-09-21T09:35:45.000Z,2026-09-21T09:37:25.000Z,100,2.83333333333333,4.66666666666667,0,0
2026-09-21T09:42:05.000Z,2026-09-21T09:43:35.000Z,90,4.66666666666667,6.33333333333333,0,0
2026-09-21T09:48:15.000Z,2026-09-21T09:50:05.000Z,110,4.66666666666667,6.16666666666667,0,0
2026-09-21T09:52:45.000Z,2026-09-21T09:54:35.000Z,110,2.66666666666667,4.5,0,0
2026-09-21T09:59:15.000Z,2026-09-21T10:00:45.000Z,90,4.66666666666667,6.5,0,0
2026-09-21T10:05:25.000Z,2026-09-21T10:07:05.000Z,100,4.66666666666667,6.16666666666667,0,0
2026-09-21T10:09:55.000Z,2026-09-21T10:11:35.000Z,100,2.83333333333333,4.5,0,0
2026-09-21T10:12:05.000Z,2026-09-21T10:13:15.000Z,70,0.5,2.16666666666667,0,0
2026-09-21T10:16:25.000Z,2026-09-21T10:17:45.000Z,80,3.16666666666667,4.33333333333333,0,0
2026-09-21T10:22:35.000Z,2026-09-21T10:24:15.000Z,100,4.83333333333333,6.16666666666667,0,0
2026-09-21T10:26:55.000Z,2026-09-21T10:28:45.000Z,110,2.66666666666667,4.33333333333333,0,0
2026-09-21T10:28:55.000Z,2026-09-21T10:30:35.000Z,100,0.166666666666667,2,0,0
2026-09-21T10:33:25.000Z,2026-09-21T10:34:55.000Z,90,2.83333333333333,4.5,0,0
2026-09-21T10:39:45.000Z,2026-09-21T10:41:15.000Z,90,4.83333333333333,6.33333333333333,0,0
2026-09-21T10:44:15.000Z,2026-09-21T10:45:35.000Z,80,3,4.5,0,0
2026-09-21T10:45:55.000Z,2026-09-21T10:47:45.000Z,110,0.333333333333333,1.66666666666667,0,0
2026-09-21T10:50:25.000Z,2026-09-21T10:52:05.000Z,100,2.66666666666667,4.5,0,0
2026-09-21T10:56:55.000Z,2026-09-21T10:58:25.000Z,90,4.83333333333333,6.5,0,0
2026-09-21T11:01:45.000Z,2026-09-21T11:02:15.000Z,30,3.33333333333333,4.83333333333333,0,0
2026-09-21T11:03:05.000Z,2026-09-21T11:04:45.000Z,100,0.833333333333333,1.33333333333333,0,0
2026-09-21T11:07:35.000Z,2026-09-21T11:09:15.000Z,100,2.83333333333333,4.5,0,0
2026-09-21T11:14:05.000Z,2026-09-21T11:15:25.000Z,80,4.83333333333333,6.5,0,0
2026-09-21T11:20:05.000Z,2026-09-21T11:21:55.000Z,110,4.66666666666667,6,0,0
2026-09-21T11:24:35.000Z,2026-09-21T11:26:25.000Z,110,2.66666666666667,4.5,0,0
2026-09-21T11:26:55.000Z,2026-09-21T11:27:55.000Z,60,0.5,2.33333333333333,0,0
2026-09-21T11:31:05.000Z,2026-09-21T11:32:35.000Z,90,3.16666666666667,4.16666666666667,0,0
2026-09-21T11:37:15.000Z,2026-09-21T11:38:55.000Z,100,4.66666666666667,6.16666666666667,0,0
2026-09-21T11:41:45.000Z,2026-09-21T11:43:25.000Z,100,2.83333333333333,4.5,0,0
2026-09-21T11:43:45.000Z,2026-09-21T11:45:15.000Z,90,0.333333333333333,2,0,0
2026-09-21T11:48:15.000Z,2026-09-21T11:49:45.000Z,90,3,4.5,0,0
2026-09-21T11:54:25.000Z,2026-09-21T11:56:05.000Z,100,4.66666666666667,6.16666666666667,0,0
2026-09-21T11:58:55.000Z,2026-09-21T12:00:25.000Z,90,2.83333333333333,4.5,0,0
2026-09-21T12:00:45.000Z,2026-09-21T12:02:25.000Z,100,0.333333333333333,1.83333333333333,0,0
2026-09-21T12:05:15.000Z,2026-09-21T12:06:55.000Z,100,2.83333333333333,4.5,0,0
2026-09-21T12:11:35.000Z,2026-09-21T12:13:05.000Z,90,4.66666666666667,6.33333333333333,0,0
2026-09-21T12:16:25.000Z,2026-09-21T12:17:15.000Z,50,3.33333333333333,4.83333333333333,0,0
2026-09-21T12:17:45.000Z,2026-09-21T12:19:35.000Z,110,0.5,1.33333333333333,0,0
2026-09-21T12:22:15.000Z,2026-09-21T12:24:05.000Z,110,2.66666666666667,4.5,0,0
2026-09-21T12:28:45.000Z,2026-09-21T12:30:15.000Z,90,4.66666666666667,6.5,0,0
2026-09-21T12:34:55.000Z,2026-09-21T12:36:45.000Z,110,4.66666666666667,6.16666666666667,0,0
2026-09-21T12:39:25.000Z,2026-09-21T12:41:15.000Z,110,2.66666666666667,4.5,0,0
2026-09-21T12:41:55.000Z,2026-09-21T12:42:35.000Z,40,0.666666666666667,2.5,0,0
2026-09-21T12:45:55.000Z,2026-09-21T12:47:25.000Z,90,3.33333333333333,4,0,0
2026-09-21T12:52:05.000Z,2026-09-21T12:53:45.000Z,100,4.66666666666667,6.16666666666667,0,0
2026-09-21T12:56:35.000Z,2026-09-21T12:58:15.000Z,100,2.83333333333333,4.5,0,0
2026-09-21T12:58:35.000Z,2026-09-21T13:00:05.000Z,90,0.333333333333333,2,0,0
2026-09-21T13:02:55.000Z,2026-09-21T13:04:25.000Z,90,2.83333333333333,4.33333333333333,0,0
2026-09-21T13:09:15.000Z,2026-09-21T13:10:45.000Z,90,4.83333333333333,6.33333333333333,0,0
2026-09-21T13:13:45.000Z,2026-09-21T13:15:15.000Z,90,3,4.5,0,0
2026-09-21T13:15:35.000Z,2026-09-21T13:17:15.000Z,100,0.333333333333333,1.83333333333333,0,0
2026-09-21T13:20:05.000Z,2026-09-21T13:21:35.000Z,90,2.83333333333333,4.5,0,0
2026-09-21T13:26:25.000Z,2026-09-21T13:27:55.000Z,90,4.83333333333333,6.33333333333333,0,0
2026-09-21T13:31:05.000Z,2026-09-21T13:32:05.000Z,60,3.16666666666667,4.66666666666667,0,0
2026-09-21T13:32:35.000Z,2026-09-21T13:34:25.000Z,110,0.5,1.5,0,0
2026-09-21T13:37:05.000Z,2026-09-21T13:38:45.000Z,100,2.66666666666667,4.5,0,0
2026-09-21T13:43:35.000Z,2026-09-21T13:44:55.000Z,80,4.83333333333333,6.5,0,0
2026-09-21T13:49:45.000Z,2026-09-21T13:51:25.000Z,100,4.83333333333333,6.16666666666667,0,0
2026-09-21T13:54:05.000Z,2026-09-21T13:55:55.000Z,110,2.66666666666667,4.33333333333333,0,0
2026-09-21T14:00:35.000Z,2026-09-21T14:02:05.000Z,90,4.66666666666667,6.5,0,0
2026-09-21T14:06:45.000Z,2026-09-21T14:08:35.000Z,110,4.66666666666667,6.16666666666667,0,0
2026-09-21T14:11:15.000Z,2026-09-21T14:13:05.000Z,110,2.66666666666667,4.5,0,0
2026-09-21T14:13:25.000Z,2026-09-21T14:14:45.000Z,80,0.333333333333333,2.16666666666667,0,0
2026-09-21T14:17:45.000Z,2026-09-21T14:19:15.000Z,90,3,4.33333333333333,0,0
2026-09-21T14:23:55.000Z,2026-09-21T14:25:35.000Z,100,4.66666666666667,6.16666666666667,0,0
2026-09-21T14:28:25.000Z,2026-09-21T14:30:05.000Z,100,2.83333333333333,4.5,0,0
2026-09-21T14:30:15.000Z,2026-09-21T14:31:55.000Z,100,0.166666666666667,1.83333333333333,0,0
2026-09-21T14:34:45.000Z,2026-09-21T14:36:25.000Z,100,2.83333333333333,4.5,0,0
2026-09-21T14:41:05.000Z,2026-09-21T14:42:35.000Z,90,4.66666666666667,6.33333333333333,0,0
2026-09-21T14:45:45.000Z,2026-09-21T14:46:55.000Z,70,3.16666666666667,4.66666666666667,0,0
2026-09-21T14:47:15.000Z,2026-09-21T14:49:05.000Z,110,0.333333333333333,1.5,0,0
2026-09-21T14:51:55.000Z,2026-09-21T14:53:35.000Z,100,2.83333333333333,4.66666666666667,0,0
2026-09-21T14:58:15.000Z,2026-09-21T14:59:45.000Z,90,4.66666666666667,6.33333333333333,0,0
2026-09-21T15:04:25.000Z,2026-09-21T15:06:15.000Z,110,4.66666666666667,6.16666666666667,0,0
2026-09-21T15:08:55.000Z,2026-09-21T15:10:45.000Z,110,2.66666666666667,4.5,0,0
2026-09-21T15:15:25.000Z,2026-09-21T15:16:55.000Z,90,4.66666666666667,6.5,0,0
2026-09-21T15:21:35.000Z,2026-09-21T15:23:15.000Z,100,4.66666666666667,6.16666666666667,0,0
2026-09-21T15:26:05.000Z,2026-09-21T15:27:45.000Z,100,2.83333333333333,4.5,0,0
2026-09-21T15:28:15.000Z,2026-09-21T15:29:25.000Z,70,0.5,2.16666666666667,0,0
2026-09-21T15:32:35.000Z,2026-09-21T15:34:05.000Z,90,3.16666666666667,4.33333333333333,0,0
2026-09-21T15:38:45.000Z,2026-09-21T15:40:25.000Z,100,4.66666666666667,6.16666666666667,0,0
2026-09-21T15:43:15.000Z,2026-09-21T15:44:55.000Z,100,2.83333333333333,4.5,0,0
2026-09-21T15:45:05.000Z,2026-09-21T15:46:45.000Z,100,0.166666666666667,1.83333333333333,0,0
2026-09-21T15:49:35.000Z,2026-09-21T15:51:15.000Z,100,2.83333333333333,4.5,0,0
2026-09-21T15:55:55.000Z,2026-09-21T15:57:25.000Z,90,4.66666666666667,6.33333333333333,0,0
2026-09-21T16:00:25.000Z,2026-09-21T16:01:45.000Z,80,3,4.5,0,0
2026-09-21T16:02:05.000Z,2026-09-21T16:03:55.000Z,110,0.333333333333333,1.66666666666667,0,0
2026-09-21T16:06:35.000Z,2026-09-21T16:08:25.000Z,110,2.66666666666667,4.5,0,0
2026-09-21T16:13:05.000Z,2026-09-21T16:14:35.000Z,90,4.66666666666667,6.5,0,0
2026-09-21T16:19:15.000Z,2026-09-21T16:20:55.000Z,100,4.66666666666667,6.16666666666667,0,0
2026-09-21T16:23:45.000Z,2026-09-21T16:25:25.000Z,100,2.83333333333333,4.5,0,0
2026-09-21T16:30:15.000Z,2026-09-21T16:31:35.000Z,80,4.83333333333333,6.5,0,0
2026-09-21T16:36:15.000Z,2026-09-21T16:38:05.000Z,110,4.66666666666667,6,0,0
2026-09-21T16:40:45.000Z,2026-09-21T16:42:35.000Z,110,2.66666666666667,4.5,0,0
2026-09-21T16:43:05.000Z,2026-09-21T16:44:05.000Z,60,0.5,2.33333333333333,0,0
2026-09-21T16:47:15.000Z,2026-09-21T16:48:45.000Z,90,3.16666666666667,4.16666666666667,0,0
2026-09-21T16:53:25.000Z,2026-09-21T16:55:05.000Z,100,4.66666666666667,6.16666666666667,0,0
2026-09-21T16:57:55.000Z,2026-09-21T16:59:35.000Z,100,2.83333333333333,4.5,0,0
2026-09-21T16:59:55.000Z,2026-09-21T17:01:25.000Z,90,0.333333333333333,2,0,0
2026-09-21T17:04:25.000Z,2026-09-21T17:05:55.000Z,90,3,4.5,0,0
2026-09-21T17:10:35.000Z,2026-09-21T17:12:15.000Z,100,4.66666666666667,6.16666666666667,0,0
2026-09-21T17:15:05.000Z,2026-09-21T17:16:35.000Z,90,2.83333333333333,4.5,0,0
2026-09-21T17:16:55.000Z,2026-09-21T17:18:35.000Z,100,0.333333333333333,1.83333333333333,0,0
2026-09-21T17:21:25.000Z,2026-09-21T17:23:05.000Z,100,2.83333333333333,4.5,0,0
2026-09-21T17:27:45.000Z,2026-09-21T17:29:15.000Z,90,4.66666666666667,6.33333333333333,0,0
2026-09-21T17:32:35.000Z,2026-09-21T17:33:15.000Z,40,3.33333333333333,4.83333333333333,0,0
2026-09-21T17:33:55.000Z,2026-09-21T17:35:45.000Z,110,0.666666666666667,1.33333333333333,0,0
2026-09-21T17:38:25.000Z,2026-09-21T17:40:15.000Z,110,2.66666666666667,4.5,0,0
2026-09-21T17:44:55.000Z,2026-09-21T17:46:25.000Z,90,4.66666666666667,6.5,0,0
2026-09-21T17:51:05.000Z,2026-09-21T17:52:55.000Z,110,4.66666666666667,6.16666666666667,0,0
2026-09-21T17:55:35.000Z,2026-09-21T17:57:25.000Z,110,2.66666666666667,4.5,0,0
2026-09-21T17:57:55.000Z,2026-09-21T17:58:45.000Z,50,0.5,2.33333333333333,0,0
2026-09-21T18:02:05.000Z,2026-09-21T18:03:35.000Z,90,3.33333333333333,4.16666666666667,0,0
2026-09-21T18:08:15.000Z,2026-09-21T18:09:55.000Z,100,4.66666666666667,6.16666666666667,0,0
2026-09-21T18:12:45.000Z,2026-09-21T18:14:25.000Z,100,2.83333333333333,4.5,0,0
2026-09-21T18:14:45.000Z,2026-09-21T18:16:15.000Z,90,0.333333333333333,2,0,0
2026-09-21T18:19:05.000Z,2026-09-21T18:20:45.000Z,100,2.83333333333333,4.33333333333333,0,0
2026-09-21T18:25:25.000Z,2026-09-21T18:26:55.000Z,90,4.66666666666667,6.33333333333333,0,0
2026-09-21T18:29:55.000Z,2026-09-21T18:31:25.000Z,90,3,4.5,0,0
2026-09-21T18:31:35.000Z,2026-09-21T18:33:25.000Z,110,0.166666666666667,1.66666666666667,0,0
2026-09-21T18:36:15.000Z,2026-09-21T18:37:55.000Z,100,2.83333333333333,4.66666666666667,0,0
2026-09-21T18:42:35.000Z,2026-09-21T18:44:05.000Z,90,4.66666666666667,6.33333333333333,0,0
2026-09-21T18:47:15.000Z,2026-09-21T18:48:05.000Z,50,3.16666666666667,4.66666666666667,0,0
2026-09-21T18:48:45.000Z,2026-09-21T18:50:35.000Z,110,0.666666666666667,1.5,0,0
2026-09-21T18:53:15.000Z,2026-09-21T18:55:05.000Z,110,2.66666666666667,4.5,0,0
2026-09-21T18:59:45.000Z,2026-09-21T19:01:05.000Z,80,4.66666666666667,6.5,0,0
2026-09-21T19:05:55.000Z,2026-09-21T19:07:35.000Z,100,4.83333333333333,6.16666666666667,0,0
2026-09-21T19:10:15.000Z,2026-09-21T19:12:05.000Z,110,2.66666666666667,4.33333333333333,0,0
2026-09-21T19:12:55.000Z,2026-09-21T19:13:25.000Z,30,0.833333333333333,2.66666666666667,0,0
2026-09-21T19:16:45.000Z,2026-09-21T19:18:15.000Z,90,3.33333333333333,3.83333333333333,0,0
2026-09-21T19:22:55.000Z,2026-09-21T19:24:45.000Z,110,4.66666666666667,6.16666666666667,0,0
2026-09-21T19:27:25.000Z,2026-09-21T19:29:15.000Z,110,2.66666666666667,4.5,0,0
2026-09-21T19:29:35.000Z,2026-09-21T19:30:55.000Z,80,0.333333333333333,2.16666666666667,0,0
2026-09-21T19:33:55.000Z,2026-09-21T19:35:25.000Z,90,3,4.33333333333333,0,0
2026-09-21T19:40:05.000Z,2026-09-21T19:41:45.000Z,100,4.66666666666667,6.16666666666667,0,0
2026-09-21T19:44:35.000Z,2026-09-21T19:46:15.000Z,100,2.83333333333333,4.5,0,0
2026-09-21T19:46:25.000Z,2026-09-21T19:48:05.000Z,100,0.166666666666667,1.83333333333333,0,0
2026-09-21T19:50:55.000Z,2026-09-21T19:52:35.000Z,100,2.83333333333333,4.5,0,0
2026-09-21T19:57:15.000Z,2026-09-21T19:58:45.000Z,90,4.66666666666667,6.33333333333333,0,0
2026-09-21T20:01:55.000Z,2026-09-21T20:03:05.000Z,70,3.16666666666667,4.66666666666667,0,0
2026-09-21T20:03:25.000Z,2026-09-21T20:05:15.000Z,110,0.333333333333333,1.5,0,0
2026-09-21T20:08:05.000Z,2026-09-21T20:09:45.000Z,100,2.83333333333333,4.66666666666667,0,0
2026-09-21T20:14:25.000Z,2026-09-21T20:15:55.000Z,90,4.66666666666667,6.33333333333333,0,0
2026-09-21T20:20:35.000Z,2026-09-21T20:22:25.000Z,110,4.66666666666667,6.16666666666667,0,0
2026-09-21T20:25:05.000Z,2026-09-21T20:26:55.000Z,110,2.66666666666667,4.5,0,0
2026-09-21T20:31:35.000Z,2026-09-21T20:33:05.000Z,90,4.66666666666667,6.5,0,0
2026-09-21T20:37:45.000Z,2026-09-21T20:39:25.000Z,100,4.66666666666667,6.16666666666667,0,0
2026-09-21T20:42:15.000Z,2026-09-21T20:43:55.000Z,100,2.83333333333333,4.5,0,0
2026-09-21T20:44:25.000Z,2026-09-21T20:45:35.000Z,70,0.5,2.16666666666667,0,0
2026-09-21T20:48:45.000Z,2026-09-21T20:50:15.000Z,90,3.16666666666667,4.33333333333333,0,0
2026-09-21T20:54:55.000Z,2026-09-21T20:56:35.000Z,100,4.66666666666667,6.16666666666667,0,0
2026-09-21T20:59:25.000Z,2026-09-21T21:00:55.000Z,90,2.83333333333333,4.5,0,0
2026-09-21T21:01:15.000Z,2026-09-21T21:02:55.000Z,100,0.333333333333333,1.83333333333333,0,0
2026-09-21T21:05:45.000Z,2026-09-21T21:07:25.000Z,100,2.83333333333333,4.5,0,0
2026-09-21T21:12:05.000Z,2026-09-21T21:13:35.000Z,90,4.66666666666667,6.33333333333333,0,0
2026-09-21T21:16:35.000Z,2026-09-21T21:17:55.000Z,80,3,4.5,0,0
2026-09-21T21:18:15.000Z,2026-09-21T21:20:05.000Z,110,0.333333333333333,1.66666666666667,0,0
2026-09-21T21:22:45.000Z,2026-09-21T21:24:35.000Z,110,2.66666666666667,4.5,0,0
2026-09-21T21:29:15.000Z,2026-09-21T21:30:45.000Z,90,4.66666666666667,6.5,0,0
2026-09-21T21:35:25.000Z,2026-09-21T21:37:05.000Z,100,4.66666666666667,6.16666666666667,0,0
2026-09-21T21:39:55.000Z,2026-09-21T21:41:35.000Z,100,2.83333333333333,4.5,0,0
2026-09-21T21:46:25.000Z,2026-09-21T21:47:45.000Z,80,4.83333333333333,6.5,0,0
2026-09-21T21:52:35.000Z,2026-09-21T21:54:15.000Z,100,4.83333333333333,6.16666666666667,0,0
2026-09-21T21:56:55.000Z,2026-09-21T21:58:45.000Z,110,2.66666666666667,4.33333333333333,0,0
2026-09-21T21:59:15.000Z,2026-09-21T22:00:25.000Z,70,0.5,2.33333333333333,0,0
2026-09-21T22:03:25.000Z,2026-09-21T22:04:55.000Z,90,3,4.16666666666667,0,0
2026-09-21T22:09:35.000Z,2026-09-21T22:11:15.000Z,100,4.66666666666667,6.16666666666667,0,0
2026-09-21T22:14:05.000Z,2026-09-21T22:15:45.000Z,100,2.83333333333333,4.5,0,0
2026-09-21T22:16:05.000Z,2026-09-21T22:17:35.000Z,90,0.333333333333333,2,0,0
2026-09-21T22:20:35.000Z,2026-09-21T22:22:05.000Z,90,3,4.5,0,0
2026-09-21T22:26:45.000Z,2026-09-21T22:28:25.000Z,100,4.66666666666667,6.16666666666667,0,0
2026-09-21T22:31:25.000Z,2026-09-21T22:32:45.000Z,80,3,4.66666666666667,0,0
2026-09-21T22:33:05.000Z,2026-09-21T22:34:45.000Z,100,0.333333333333333,1.66666666666667,0,0
2026-09-21T22:37:35.000Z,2026-09-21T22:39:15.000Z,100,2.83333333333333,4.5,0,0
2026-09-21T22:43:55.000Z,2026-09-21T22:45:25.000Z,90,4.66666666666667,6.33333333333333,0,0
2026-09-21T22:49:05.000Z,2026-09-21T22:49:15.000Z,10,3.66666666666667,5.16666666666667,0,0
2026-09-21T22:50:05.000Z,2026-09-21T22:51:55.000Z,110,0.833333333333333,1,0,0
2026-09-21T22:54:35.000Z,2026-09-21T22:56:25.000Z,110,2.66666666666667,4.5,0,0
2026-09-21T23:01:05.000Z,2026-09-21T23:02:35.000Z,90,4.66666666666667,6.5,0,0
2026-09-21T23:07:15.000Z,2026-09-21T23:09:05.000Z,110,4.66666666666667,6.16666666666667,0,0
2026-09-21T23:11:45.000Z,2026-09-21T23:13:35.000Z,110,2.66666666666667,4.5,0,0
2026-09-21T23:14:05.000Z,2026-09-21T23:15:05.000Z,60,0.5,2.33333333333333,0,0
2026-09-21T23:18:15.000Z,2026-09-21T23:19:45.000Z,90,3.16666666666667,4.16666666666667,0,0
2026-09-21T23:24:25.000Z,2026-09-21T23:26:05.000Z,100,4.66666666666667,6.16666666666667,0,0
2026-09-21T23:28:55.000Z,2026-09-21T23:30:35.000Z,100,2.83333333333333,4.5,0,0
2026-09-21T23:30:55.000Z,2026-09-21T23:32:25.000Z,90,0.333333333333333,2,0,0
2026-09-21T23:35:15.000Z,2026-09-21T23:36:55.000Z,100,2.83333333333333,4.33333333333333,0,0
2026-09-21T23:41:35.000Z,2026-09-21T23:43:05.000Z,90,4.66666666666667,6.33333333333333,0,0
2026-09-21T23:46:05.000Z,2026-09-21T23:47:35.000Z,90,3,4.5,0,0
2026-09-21T23:47:45.000Z,2026-09-21T23:49:35.000Z,110,0.166666666666667,1.66666666666667,0,0
2026-09-21T23:52:25.000Z,2026-09-21T23:54:05.000Z,100,2.83333333333333,4.66666666666667,0,0
2026-09-21T23:58:45.000Z,2026-09-22T00:00:15.000Z,90,4.66666666666667,6.33333333333333,0,0
2026-09-22T00:03:35.000Z,2026-09-22T00:04:15.000Z,40,3.33333333333333,4.83333333333333,0,0
2026-09-22T00:04:55.000Z,2026-09-22T00:06:45.000Z,110,0.666666666666667,1.33333333333333,0,0
2026-09-22T00:09:25.000Z,2026-09-22T00:11:15.000Z,110,2.66666666666667,4.5,0,0
2026-09-22T00:15:55.000Z,2026-09-22T00:17:15.000Z,80,4.66666666666667,6.5,0,0
2026-09-22T00:22:05.000Z,2026-09-22T00:23:45.000Z,100,4.83333333333333,6.16666666666667,0,0
2026-09-22T00:26:25.000Z,2026-09-22T00:28:15.000Z,110,2.66666666666667,4.33333333333333,0,0
2026-09-22T00:28:55.000Z,2026-09-22T00:29:45.000Z,50,0.666666666666667,2.5,0,0
2026-09-22T00:32:55.000Z,2026-09-22T00:34:25.000Z,90,3.16666666666667,4,0,0
2026-09-22T00:39:15.000Z,2026-09-22T00:40:55.000Z,100,4.83333333333333,6.33333333333333,0,0
2026-09-22T00:43:35.000Z,2026-09-22T00:45:25.000Z,110,2.66666666666667,4.33333333333333,0,0
2026-09-22T00:45:35.000Z,2026-09-22T00:47:05.000Z,90,0.166666666666667,2,0,0
2026-09-22T00:50:05.000Z,2026-09-22T00:51:35.000Z,90,3,4.5,0,0
2026-09-22T00:56:25.000Z,2026-09-22T00:57:55.000Z,90,4.83333333333333,6.33333333333333,0,0
2026-09-22T01:00:45.000Z,2026-09-22T01:02:25.000Z,100,2.83333333333333,4.33333333333333,0,0
2026-09-22T01:02:35.000Z,2026-09-22T01:04:25.000Z,110,0.166666666666667,1.83333333333333,0,0
2026-09-22T01:07:05.000Z,2026-09-22T01:08:45.000Z,100,2.66666666666667,4.5,0,0
2026-09-22T01:13:35.000Z,2026-09-22T01:14:55.000Z,80,4.83333333333333,6.5,0,0
2026-09-22T01:18:15.000Z,2026-09-22T01:19:05.000Z,50,3.33333333333333,4.66666666666667,0,0
2026-09-22T01:19:35.000Z,2026-09-22T01:21:25.000Z,110,0.5,1.33333333333333,0,0
2026-09-22T01:24:15.000Z,2026-09-22T01:25:55.000Z,100,2.83333333333333,4.66666666666667,0,0
2026-09-22T01:30:35.000Z,2026-09-22T01:32:05.000Z,90,4.66666666666667,6.33333333333333,0,0
2026-09-22T01:36:45.000Z,2026-09-22T01:38:35.000Z,110,4.66666666666667,6.16666666666667,0,0
2026-09-22T01:41:15.000Z,2026-09-22T01:43:05.000Z,110,2.66666666666667,4.5,0,0
2026-09-22T01:43:55.000Z,2026-09-22T01:44:15.000Z,20,0.833333333333333,2.66666666666667,0,0
2026-09-22T01:47:45.000Z,2026-09-22T01:49:15.000Z,90,3.5,3.83333333333333,0,0
2026-09-22T01:53:55.000Z,2026-09-22T01:55:35.000Z,100,4.66666666666667,6.16666666666667,0,0
2026-09-22T01:58:25.000Z,2026-09-22T02:00:05.000Z,100,2.83333333333333,4.5,0,0
2026-09-22T02:00:25.000Z,2026-09-22T02:01:55.000Z,90,0.333333333333333,2,0,0
2026-09-22T02:04:55.000Z,2026-09-22T02:06:25.000Z,90,3,4.5,0,0
2026-09-22T02:11:05.000Z,2026-09-22T02:12:45.000Z,100,4.66666666666667,6.16666666666667,0,0
2026-09-22T02:15:35.000Z,2026-09-22T02:17:05.000Z,90,2.83333333333333,4.5,0,0
2026-09-22T02:17:25.000Z,2026-09-22T02:19:05.000Z,100,0.333333333333333,1.83333333333333,0,0
2026-09-22T02:21:55.000Z,2026-09-22T02:23:35.000Z,100,2.83333333333333,4.5,0,0
2026-09-22T02:28:15.000Z,2026-09-22T02:29:45.000Z,90,4.66666666666667,6.33333333333333,0,0
2026-09-22T02:32:55.000Z,2026-09-22T02:33:55.000Z,60,3.16666666666667,4.66666666666667,0,0
2026-09-22T02:34:25.000Z,2026-09-22T02:36:15.000Z,110,0.5,1.5,0,0
2026-09-22T02:38:55.000Z,2026-09-22T02:40:45.000Z,110,2.66666666666667,4.5,0,0
2026-09-22T02:45:25.000Z,2026-09-22T02:46:55.000Z,90,4.66666666666667,6.5,0,0
2026-09-22T02:51:35.000Z,2026-09-22T02:53:15.000Z,100,4.66666666666667,6.16666666666667,0,0
2026-09-22T02:56:05.000Z,2026-09-22T02:57:45.000Z,100,2.83333333333333,4.5,0,0
2026-09-22T03:02:35.000Z,2026-09-22T03:03:55.000Z,80,4.83333333333333,6.5,0,0
2026-09-22T03:08:45.000Z,2026-09-22T03:10:25.000Z,100,4.83333333333333,6.16666666666667,0,0
2026-09-22T03:13:05.000Z,2026-09-22T03:14:55.000Z,110,2.66666666666667,4.33333333333333,0,0
2026-09-22T03:15:15.000Z,2026-09-22T03:16:35.000Z,80,0.333333333333333,2.16666666666667,0,0
2026-09-22T03:19:35.000Z,2026-09-22T03:21:05.000Z,90,3,4.33333333333333,0,0
2026-09-22T03:25:55.000Z,2026-09-22T03:27:25.000Z,90,4.83333333333333,6.33333333333333,0,0
2026-09-22T03:30:15.000Z,2026-09-22T03:31:55.000Z,100,2.83333333333333,4.33333333333333,0,0
2026-09-22T03:32:15.000Z,2026-09-22T03:33:55.000Z,100,0.333333333333333,2,0,0
2026-09-22T03:36:45.000Z,2026-09-22T03:38:15.000Z,90,2.83333333333333,4.5,0,0
2026-09-22T03:43:05.000Z,2026-09-22T03:44:35.000Z,90,4.83333333333333,6.33333333333333,0,0
2026-09-22T03:47:35.000Z,2026-09-22T03:48:55.000Z,80,3,4.5,0,0
2026-09-22T03:49:15.000Z,2026-09-22T03:50:55.000Z,100,0.333333333333333,1.66666666666667,0,0
2026-09-22T03:53:45.000Z,2026-09-22T03:55:25.000Z,100,2.83333333333333,4.5,0,0
2026-09-22T04:00:05.000Z,2026-09-22T04:01:35.000Z,90,4.66666666666667,6.33333333333333,0,0
2026-09-22T04:06:15.000Z,2026-09-22T04:08:05.000Z,110,4.66666666666667,6.16666666666667,0,0
2026-09-22T04:10:45.000Z,2026-09-22T04:12:35.000Z,110,2.66666666666667,4.5,0,0
2026-09-22T04:17:15.000Z,2026-09-22T04:18:45.000Z,90,4.66666666666667,6.5,0,0
2026-09-22T04:23:25.000Z,2026-09-22T04:25:05.000Z,100,4.66666666666667,6.16666666666667,0,0
2026-09-22T04:27:55.000Z,2026-09-22T04:29:45.000Z,110,2.83333333333333,4.5,0,0
2026-09-22T04:30:05.000Z,2026-09-22T04:31:15.000Z,70,0.333333333333333,2.16666666666667,0,0
2026-09-22T04:34:25.000Z,2026-09-22T04:35:55.000Z,90,3.16666666666667,4.33333333333333,0,0
2026-09-22T04:40:35.000Z,2026-09-22T04:42:15.000Z,100,4.66666666666667,6.16666666666667,0,0
2026-09-22T04:45:05.000Z,2026-09-22T04:46:45.000Z,100,2.83333333333333,4.5,0,0
2026-09-22T04:46:55.000Z,2026-09-22T04:48:35.000Z,100,0.166666666666667,1.83333333333333,0,0
2026-09-22T04:51:25.000Z,2026-09-22T04:53:05.000Z,100,2.83333333333333,4.5,0,0
2026-09-22T04:57:45.000Z,2026-09-22T04:59:15.000Z,90,4.66666666666667,6.33333333333333,0,0
2026-09-22T05:02:15.000Z,2026-09-22T05:03:35.000Z,80,3,4.5,0,0
2026-09-22T05:03:55.000Z,2026-09-22T05:05:45.000Z,110,0.333333333333333,1.66666666666667,0,0
2026-09-22T05:08:35.000Z,2026-09-22T05:10:15.000Z,100,2.83333333333333,4.66666666666667,0,0
2026-09-22T05:14:55.000Z,2026-09-22T05:16:25.000Z,90,4.66666666666667,6.33333333333333,0,0
2026-09-22T05:19:45.000Z,2026-09-22T05:20:15.000Z,30,3.33333333333333,4.83333333333333,0,0
2026-09-22T05:21:05.000Z,2026-09-22T05:22:55.000Z,110,0.833333333333333,1.33333333333333,0,0
2026-09-22T05:25:35.000Z,2026-09-22T05:27:25.000Z,110,2.66666666666667,4.5,0,0
2026-09-22T05:32:05.000Z,2026-09-22T05:33:25.000Z,80,4.66666666666667,6.5,0,0
2026-09-22T05:38:15.000Z,2026-09-22T05:39:55.000Z,100,4.83333333333333,6.16666666666667,0,0
2026-09-22T05:42:35.000Z,2026-09-22T05:44:25.000Z,110,2.66666666666667,4.33333333333333,0,0
2026-09-22T05:45:05.000Z,2026-09-22T05:45:55.000Z,50,0.666666666666667,2.5,0,0
2026-09-22T05:49:05.000Z,2026-09-22T05:50:35.000Z,90,3.16666666666667,4,0,0
2026-09-22T05:55:25.000Z,2026-09-22T05:57:05.000Z,100,4.83333333333333,6.33333333333333,0,0
2026-09-22T05:59:45.000Z,2026-09-22T06:01:35.000Z,110,2.66666666666667,4.33333333333333,0,0
2026-09-22T06:01:45.000Z,2026-09-22T06:03:15.000Z,90,0.166666666666667,2,0,0
2026-09-22T06:06:15.000Z,2026-09-22T06:07:45.000Z,90,3,4.5,0,0
2026-09-22T06:12:35.000Z,2026-09-22T06:14:05.000Z,90,4.83333333333333,6.33333333333333,0,0
2026-09-22T06:17:05.000Z,2026-09-22T06:18:25.000Z,80,3,4.5,0,0
2026-09-22T06:18:45.000Z,2026-09-22T06:20:35.000Z,110,0.333333333333333,1.66666666666667,0,0
2026-09-22T06:23:15.000Z,2026-09-22T06:24:55.000Z,100,2.66666666666667,4.5,0,0
2026-09-22T06:29:45.000Z,2026-09-22T06:31:05.000Z,80,4.83333333333333,6.5,0,0
2026-09-22T06:34:25.000Z,2026-09-22T06:35:15.000Z,50,3.33333333333333,4.66666666666667,0,0
2026-09-22T06:35:45.000Z,2026-09-22T06:37:35.000Z,110,0.5,1.33333333333333,0,0
2026-09-22T06:40:25.000Z,2026-09-22T06:42:05.000Z,100,2.83333333333333,4.66666666666667,0,0
2026-09-22T06:46:45.000Z,2026-09-22T06:48:15.000Z,90,4.66666666666667,6.33333333333333,0,0
2026-09-22T06:52:55.000Z,2026-09-22T06:54:45.000Z,110,4.66666666666667,6.16666666666667,0,0
2026-09-22T06:57:25.000Z,2026-09-22T06:59:15.000Z,110,2.66666666666667,4.5,0,0
2026-09-22T06:59:55.000Z,2026-09-22T07:00:35.000Z,40,0.666666666666667,2.5,0,0
2026-09-22T07:03:55.000Z,2026-09-22T07:05:25.000Z,90,3.33333333333333,4,0,0
2026-09-22T07:10:05.000Z,2026-09-22T07:11:45.000Z,100,4.66666666666667,6.16666666666667,0,0
2026-09-22T07:14:35.000Z,2026-09-22T07:16:15.000Z,100,2.83333333333333,4.5,0,0
2026-09-22T07:16:35.000Z,2026-09-22T07:18:05.000Z,90,0.333333333333333,2,0,0
2026-09-22T07:21:05.000Z,2026-09-22T07:22:35.000Z,90,3,4.5,0,0
2026-09-22T07:27:15.000Z,2026-09-22T07:28:55.000Z,100,4.66666666666667,6.16666666666667,0,0
2026-09-22T07:31:45.000Z,2026-09-22T07:33:15.000Z,90,2.83333333333333,4.5,0,0
2026-09-22T07:33:35.000Z,2026-09-22T07:35:15.000Z,100,0.333333333333333,1.83333333333333,0,0
2026-09-22T07:38:05.000Z,2026-09-22T07:39:45.000Z,100,2.83333333333333,4.5,0,0
2026-09-22T07:44:25.000Z,2026-09-22T07:45:55.000Z,90,4.66666666666667,6.33333333333333,0,0
2026-09-22T07:49:05.000Z,2026-09-22T07:50:05.000Z,60,3.16666666666667,4.66666666666667,0,0
2026-09-22T07:50:35.000Z,2026-09-22T07:52:25.000Z,110,0.5,1.5,0,0
2026-09-22T07:55:05.000Z,2026-09-22T07:56:55.000Z,110,2.66666666666667,4.5,0,0
2026-09-22T08:01:35.000Z,2026-09-22T08:03:05.000Z,90,4.66666666666667,6.5,0,0
2026-09-22T08:07:45.000Z,2026-09-22T08:09:25.000Z,100,4.66666666666667,6.16666666666667,0,0
2026-09-22T08:12:15.000Z,2026-09-22T08:13:55.000Z,100,2.83333333333333,4.5,0,0
2026-09-22T08:14:55.000Z,2026-09-22T08:15:05.000Z,10,1,2.66666666666667,0,0
2026-09-22T08:18:45.000Z,2026-09-22T08:20:05.000Z,80,3.66666666666667,3.83333333333333,0,0
2026-09-22T08:24:55.000Z,2026-09-22T08:26:35.000Z,100,4.83333333333333,6.16666666666667,0,0
2026-09-22T08:29:15.000Z,2026-09-22T08:31:05.000Z,110,2.66666666666667,4.33333333333333,0,0
2026-09-22T08:31:25.000Z,2026-09-22T08:32:45.000Z,80,0.333333333333333,2.16666666666667,0,0
2026-09-22T08:35:45.000Z,2026-09-22T08:37:15.000Z,90,3,4.33333333333333,0,0
2026-09-22T08:42:05.000Z,2026-09-22T08:43:35.000Z,90,4.83333333333333,6.33333333333333,0,0
2026-09-22T08:46:25.000Z,2026-09-22T08:48:05.000Z,100,2.83333333333333,4.33333333333333,0,0
2026-09-22T08:48:25.000Z,2026-09-22T08:50:05.000Z,100,0.333333333333333,2,0,0
2026-09-22T08:52:55.000Z,2026-09-22T08:54:25.000Z,90,2.83333333333333,4.5,0,0
2026-09-22T08:59:15.000Z,2026-09-22T09:00:45.000Z,90,4.83333333333333,6.33333333333333,0,0
2026-09-22T09:03:45.000Z,2026-09-22T09:04:55.000Z,70,3,4.5,0,0
2026-09-22T09:05:25.000Z,2026-09-22T09:07:05.000Z,100,0.5,1.66666666666667,0,0
2026-09-22T09:09:55.000Z,2026-09-22T09:11:35.000Z,100,2.83333333333333,4.5,0,0
2026-09-22T09:16:25.000Z,2026-09-22T09:17:45.000Z,80,4.83333333333333,6.5,0,0
2026-09-22T09:22:25.000Z,2026-09-22T09:24:15.000Z,110,4.66666666666667,6,0,0
2026-09-22T09:26:55.000Z,2026-09-22T09:28:45.000Z,110,2.66666666666667,4.5,0,0
2026-09-22T09:33:25.000Z,2026-09-22T09:34:55.000Z,90,4.66666666666667,6.5,0,0
2026-09-22T09:39:35.000Z,2026-09-22T09:41:15.000Z,100,4.66666666666667,6.16666666666667,0,0
2026-09-22T09:44:05.000Z,2026-09-22T09:45:55.000Z,110,2.83333333333333,4.5,0,0
2026-09-22T09:46:15.000Z,2026-09-22T09:47:25.000Z,70,0.333333333333333,2.16666666666667,0,0
2026-09-22T09:50:35.000Z,2026-09-22T09:52:05.000Z,90,3.16666666666667,4.33333333333333,0,0
2026-09-22T09:56:45.000Z,2026-09-22T09:58:25.000Z,100,4.66666666666667,6.16666666666667,0,0
2026-09-22T10:01:15.000Z,2026-09-22T10:02:55.000Z,100,2.83333333333333,4.5,0,0
2026-09-22T10:03:05.000Z,2026-09-22T10:04:45.000Z,100,0.166666666666667,1.83333333333333,0,0
2026-09-22T10:07:35.000Z,2026-09-22T10:09:15.000Z,100,2.83333333333333,4.5,0,0
2026-09-22T10:13:55.000Z,2026-09-22T10:15:25.000Z,90,4.66666666666667,6.33333333333333,0,0
2026-09-22T10:18:25.000Z,2026-09-22T10:19:45.000Z,80,3,4.5,0,0
2026-09-22T10:20:05.000Z,2026-09-22T10:21:55.000Z,110,0.333333333333333,1.66666666666667,0,0
2026-09-22T10:24:45.000Z,2026-09-22T10:26:25.000Z,100,2.83333333333333,4.66666666666667,0,0
2026-09-22T10:31:05.000Z,2026-09-22T10:32:35.000Z,90,4.66666666666667,6.33333333333333,0,0
2026-09-22T10:37:15.000Z,2026-09-22T10:39:05.000Z,110,4.66666666666667,6.16666666666667,0,0
2026-09-22T10:41:45.000Z,2026-09-22T10:43:35.000Z,110,2.66666666666667,4.5,0,0
2026-09-22T10:48:15.000Z,2026-09-22T10:49:35.000Z,80,4.66666666666667,6.5,0,0
2026-09-22T10:54:25.000Z,2026-09-22T10:56:05.000Z,100,4.83333333333333,6.16666666666667,0,0
2026-09-22T10:58:55.000Z,2026-09-22T11:00:35.000Z,100,2.83333333333333,4.5,0,0
2026-09-22T11:01:05.000Z,2026-09-22T11:02:15.000Z,70,0.5,2.16666666666667,0,0
2026-09-22T11:05:15.000Z,2026-09-22T11:06:45.000Z,90,3,4.16666666666667,0,0
2026-09-22T11:11:35.000Z,2026-09-22T11:13:05.000Z,90,4.83333333333333,6.33333333333333,0,0
2026-09-22T11:15:55.000Z,2026-09-22T11:17:45.000Z,110,2.83333333333333,4.33333333333333,0,0
2026-09-22T11:17:55.000Z,2026-09-22T11:19:35.000Z,100,0.166666666666667,2,0,0
2026-09-22T11:22:25.000Z,2026-09-22T11:23:55.000Z,90,2.83333333333333,4.5,0,0
2026-09-22T11:28:45.000Z,2026-09-22T11:30:15.000Z,90,4.83333333333333,6.33333333333333,0,0
2026-09-22T11:33:15.000Z,2026-09-22T11:34:35.000Z,80,3,4.5,0,0
2026-09-22T11:34:55.000Z,2026-09-22T11:36:45.000Z,110,0.333333333333333,1.66666666666667,0,0
2026-09-22T11:39:25.000Z,2026-09-22T11:41:05.000Z,100,2.66666666666667,4.5,0,0
2026-09-22T11:45:55.000Z,2026-09-22T11:47:15.000Z,80,4.83333333333333,6.5,0,0
2026-09-22T11:50:45.000Z,2026-09-22T11:51:15.000Z,30,3.5,4.83333333333333,0,0
2026-09-22T11:51:55.000Z,2026-09-22T11:53:45.000Z,110,0.666666666666667,1.16666666666667,0,0
2026-09-22T11:56:35.000Z,2026-09-22T11:58:15.000Z,100,2.83333333333333,4.66666666666667,0,0
2026-09-22T12:02:55.000Z,2026-09-22T12:04:25.000Z,90,4.66666666666667,6.33333333333333,0,0
2026-09-22T12:09:05.000Z,2026-09-22T12:10:55.000Z,110,4.66666666666667,6.16666666666667,0,0
2026-09-22T12:13:35.000Z,2026-09-22T12:15:25.000Z,110,2.66666666666667,4.5,0,0
2026-09-22T12:15:55.000Z,2026-09-22T12:16:55.000Z,60,0.5,2.33333333333333,0,0
2026-09-22T12:20:05.000Z,2026-09-22T12:21:35.000Z,90,3.16666666666667,4.16666666666667,0,0
2026-09-22T12:26:15.000Z,2026-09-22T12:27:55.000Z,100,4.66666666666667,6.16666666666667,0,0
2026-09-22T12:30:45.000Z,2026-09-22T12:32:25.000Z,100,2.83333333333333,4.5,0,0
2026-09-22T12:32:45.000Z,2026-09-22T12:34:15.000Z,90,0.333333333333333,2,0,0
2026-09-22T12:37:05.000Z,2026-09-22T12:38:45.000Z,100,2.83333333333333,4.33333333333333,0,0
2026-09-22T12:43:25.000Z,2026-09-22T12:45:05.000Z,100,4.66666666666667,6.33333333333333,0,0
2026-09-22T12:47:55.000Z,2026-09-22T12:49:25.000Z,90,2.83333333333333,4.5,0,0
2026-09-22T12:49:45.000Z,2026-09-22T12:51:25.000Z,100,0.333333333333333,1.83333333333333,0,0
2026-09-22T12:54:15.000Z,2026-09-22T12:55:55.000Z,100,2.83333333333333,4.5,0,0
2026-09-22T13:00:35.000Z,2026-09-22T13:02:05.000Z,90,4.66666666666667,6.33333333333333,0,0
2026-09-22T13:05:15.000Z,2026-09-22T13:06:15.000Z,60,3.16666666666667,4.66666666666667,0,0
2026-09-22T13:06:45.000Z,2026-09-22T13:08:35.000Z,110,0.5,1.5,0,0
2026-09-22T13:11:15.000Z,2026-09-22T13:13:05.000Z,110,2.66666666666667,4.5,0,0
2026-09-22T13:17:45.000Z,2026-09-22T13:19:15.000Z,90,4.66666666666667,6.5,0,0
2026-09-22T13:23:55.000Z,2026-09-22T13:25:35.000Z,100,4.66666666666667,6.16666666666667,0,0
2026-09-22T13:28:25.000Z,2026-09-22T13:30:15.000Z,110,2.83333333333333,4.5,0,0
2026-09-22T13:30:55.000Z,2026-09-22T13:31:25.000Z,30,0.666666666666667,2.5,0,0
2026-09-22T13:34:55.000Z,2026-09-22T13:36:15.000Z,80,3.5,4,0,0
2026-09-22T13:41:05.000Z,2026-09-22T13:42:45.000Z,100,4.83333333333333,6.16666666666667,0,0
2026-09-22T13:45:25.000Z,2026-09-22T13:47:15.000Z,110,2.66666666666667,4.33333333333333,0,0
2026-09-22T13:47:35.000Z,2026-09-22T13:48:55.000Z,80,0.333333333333333,2.16666666666667,0,0
2026-09-22T13:51:55.000Z,2026-09-22T13:53:25.000Z,90,3,4.33333333333333,0,0
2026-09-22T13:58:15.000Z,2026-09-22T13:59:45.000Z,90,4.83333333333333,6.33333333333333,0,0
2026-09-22T14:02:35.000Z,2026-09-22T14:04:15.000Z,100,2.83333333333333,4.33333333333333,0,0
2026-09-22T14:04:25.000Z,2026-09-22T14:06:15.000Z,110,0.166666666666667,1.83333333333333,0,0
2026-09-22T14:09:05.000Z,2026-09-22T14:10:35.000Z,90,2.83333333333333,4.66666666666667,0,0
2026-09-22T14:15:25.000Z,2026-09-22T14:16:55.000Z,90,4.83333333333333,6.33333333333333,0,0
2026-09-22T14:19:55.000Z,2026-09-22T14:21:05.000Z,70,3,4.5,0,0
2026-09-22T14:21:35.000Z,2026-09-22T14:23:25.000Z,110,0.5,1.66666666666667,0,0
2026-09-22T14:26:05.000Z,2026-09-22T14:27:45.000Z,100,2.66666666666667,4.5,0,0
2026-09-22T14:32:35.000Z,2026-09-22T14:33:55.000Z,80,4.83333333333333,6.5,0,0
2026-09-22T14:38:35.000Z,2026-09-22T14:40:25.000Z,110,4.66666666666667,6,0,0
2026-09-22T14:43:05.000Z,2026-09-22T14:44:55.000Z,110,2.66666666666667,4.5,0,0
2026-09-22T14:49:35.000Z,2026-09-22T14:51:05.000Z,90,4.66666666666667,6.5,0,0
2026-09-22T14:55:45.000Z,2026-09-22T14:57:25.000Z,100,4.66666666666667,6.16666666666667,0,0
2026-09-22T15:00:15.000Z,2026-09-22T15:02:05.000Z,110,2.83333333333333,4.5,0,0
2026-09-22T15:02:25.000Z,2026-09-22T15:03:45.000Z,80,0.333333333333333,2.16666666666667,0,0
2026-09-22T15:06:45.000Z,2026-09-22T15:08:15.000Z,90,3,4.33333333333333,0,0
2026-09-22T15:12:55.000Z,2026-09-22T15:14:35.000Z,100,4.66666666666667,6.16666666666667,0,0
2026-09-22T15:17:25.000Z,2026-09-22T15:19:05.000Z,100,2.83333333333333,4.5,0,0
2026-09-22T15:19:15.000Z,2026-09-22T15:20:55.000Z,100,0.166666666666667,1.83333333333333,0,0
2026-09-22T15:23:45.000Z,2026-09-22T15:25:25.000Z,100,2.83333333333333,4.5,0,0
2026-09-22T15:30:05.000Z,2026-09-22T15:31:35.000Z,90,4.66666666666667,6.33333333333333,0,0
2026-09-22T15:34:45.000Z,2026-09-22T15:35:55.000Z,70,3.16666666666667,4.66666666666667,0,0
2026-09-22T15:36:15.000Z,2026-09-22T15:38:05.000Z,110,0.333333333333333,1.5,0,0
2026-09-22T15:40:55.000Z,2026-09-22T15:42:35.000Z,100,2.83333333333333,4.66666666666667,0,0
2026-09-22T15:47:15.000Z,2026-09-22T15:48:45.000Z,90,4.66666666666667,6.33333333333333,0,0
2026-09-22T15:53:25.000Z,2026-09-22T15:55:15.000Z,110,4.66666666666667,6.16666666666667,0,0
2026-09-22T15:57:55.000Z,2026-09-22T15:59:45.000Z,110,2.66666666666667,4.5,0,0
2026-09-22T16:04:25.000Z,2026-09-22T16:05:55.000Z,90,4.66666666666667,6.5,0,0
2026-09-22T16:10:35.000Z,2026-09-22T16:12:15.000Z,100,4.66666666666667,6.16666666666667,0,0
2026-09-22T16:15:05.000Z,2026-09-22T16:16:45.000Z,100,2.83333333333333,4.5,0,0
2026-09-22T16:17:15.000Z,2026-09-22T16:18:25.000Z,70,0.5,2.16666666666667,0,0
2026-09-22T16:21:25.000Z,2026-09-22T16:22:55.000Z,90,3,4.16666666666667,0,0
2026-09-22T16:27:45.000Z,2026-09-22T16:29:15.000Z,90,4.83333333333333,6.33333333333333,0,0
2026-09-22T16:32:05.000Z,2026-09-22T16:33:45.000Z,100,2.83333333333333,4.33333333333333,0,0
2026-09-22T16:34:05.000Z,2026-09-22T16:35:45.000Z,100,0.333333333333333,2,0,0
2026-09-22T16:38:35.000Z,2026-09-22T16:40:05.000Z,90,2.83333333333333,4.5,0,0
2026-09-22T16:44:55.000Z,2026-09-22T16:46:25.000Z,90,4.83333333333333,6.33333333333333,0,0
2026-09-22T16:49:25.000Z,2026-09-22T16:50:45.000Z,80,3,4.5,0,0
2026-09-22T16:51:05.000Z,2026-09-22T16:52:55.000Z,110,0.333333333333333,1.66666666666667,0,0
2026-09-22T16:55:35.000Z,2026-09-22T16:57:15.000Z,100,2.66666666666667,4.5,0,0
2026-09-22T17:02:05.000Z,2026-09-22T17:03:25.000Z,80,4.83333333333333,6.5,0,0
2026-09-22T17:08:15.000Z,2026-09-22T17:09:55.000Z,100,4.83333333333333,6.16666666666667,0,0
2026-09-22T17:12:45.000Z,2026-09-22T17:14:25.000Z,100,2.83333333333333,4.5,0,0
2026-09-22T17:19:05.000Z,2026-09-22T17:20:35.000Z,90,4.66666666666667,6.33333333333333,0,0
2026-09-22T17:25:15.000Z,2026-09-22T17:27:05.000Z,110,4.66666666666667,6.16666666666667,0,0
2026-09-22T17:29:45.000Z,2026-09-22T17:31:35.000Z,110,2.66666666666667,4.5,0,0
2026-09-22T17:32:05.000Z,2026-09-22T17:33:05.000Z,60,0.5,2.33333333333333,0,0
2026-09-22T17:36:15.000Z,2026-09-22T17:37:45.000Z,90,3.16666666666667,4.16666666666667,0,0
2026-09-22T17:42:25.000Z,2026-09-22T17:44:05.000Z,100,4.66666666666667,6.16666666666667,0,0
2026-09-22T17:46:55.000Z,2026-09-22T17:48:35.000Z,100,2.83333333333333,4.5,0,0
2026-09-22T17:48:55.000Z,2026-09-22T17:50:25.000Z,90,0.333333333333333,2,0,0
2026-09-22T17:53:15.000Z,2026-09-22T17:54:55.000Z,100,2.83333333333333,4.33333333333333,0,0
2026-09-22T17:59:35.000Z,2026-09-22T18:01:15.000Z,100,4.66666666666667,6.33333333333333,0,0
2026-09-22T18:04:05.000Z,2026-09-22T18:05:35.000Z,90,2.83333333333333,4.5,0,0
2026-09-22T18:05:55.000Z,2026-09-22T18:07:35.000Z,100,0.333333333333333,1.83333333333333,0,0
2026-09-22T18:10:25.000Z,2026-09-22T18:12:05.000Z,100,2.83333333333333,4.5,0,0
2026-09-22T18:16:45.000Z,2026-09-22T18:18:15.000Z,90,4.66666666666667,6.33333333333333,0,0
2026-09-22T18:21:35.000Z,2026-09-22T18:22:15.000Z,40,3.33333333333333,4.83333333333333,0,0
2026-09-22T18:22:55.000Z,2026-09-22T18:24:45.000Z,110,0.666666666666667,1.33333333333333,0,0
2026-09-22T18:27:25.000Z,2026-09-22T18:29:15.000Z,110,2.66666666666667,4.5,0,0
2026-09-22T18:33:55.000Z,2026-09-22T18:35:25.000Z,90,4.66666666666667,6.5,0,0
2026-09-22T18:40:05.000Z,2026-09-22T18:41:45.000Z,100,4.66666666666667,6.16666666666667,0,0
2026-09-22T18:44:35.000Z,2026-09-22T18:46:25.000Z,110,2.83333333333333,4.5,0,0
2026-09-22T18:46:55.000Z,2026-09-22T18:47:45.000Z,50,0.5,2.33333333333333,0,0
2026-09-22T18:51:05.000Z,2026-09-22T18:52:25.000Z,80,3.33333333333333,4.16666666666667,0,0
2026-09-22T18:57:15.000Z,2026-09-22T18:58:55.000Z,100,4.83333333333333,6.16666666666667,0,0
2026-09-22T19:01:35.000Z,2026-09-22T19:03:25.000Z,110,2.66666666666667,4.33333333333333,0,0
2026-09-22T19:03:45.000Z,2026-09-22T19:05:15.000Z,90,0.333333333333333,2.16666666666667,0,0
2026-09-22T19:08:05.000Z,2026-09-22T19:09:35.000Z,90,2.83333333333333,4.33333333333333,0,0
2026-09-22T19:14:25.000Z,2026-09-22T19:15:55.000Z,90,4.83333333333333,6.33333333333333,0,0
2026-09-22T19:18:55.000Z,2026-09-22T19:20:25.000Z,90,3,4.5,0,0
2026-09-22T19:20:35.000Z,2026-09-22T19:22:25.000Z,110,0.166666666666667,1.66666666666667,0,0
2026-09-22T19:25:05.000Z,2026-09-22T19:26:45.000Z,100,2.66666666666667,4.5,0,0
2026-09-22T19:31:35.000Z,2026-09-22T19:33:05.000Z,90,4.83333333333333,6.5,0,0
2026-09-22T19:36:15.000Z,2026-09-22T19:37:05.000Z,50,3.16666666666667,4.66666666666667,0,0
2026-09-22T19:37:45.000Z,2026-09-22T19:39:35.000Z,110,0.666666666666667,1.5,0,0
2026-09-22T19:42:15.000Z,2026-09-22T19:43:55.000Z,100,2.66666666666667,4.5,0,0
2026-09-22T19:48:45.000Z,2026-09-22T19:50:05.000Z,80,4.83333333333333,6.5,0,0
2026-09-22T19:54:45.000Z,2026-09-22T19:56:35.000Z,110,4.66666666666667,6,0,0
2026-09-22T19:59:15.000Z,2026-09-22T20:01:05.000Z,110,2.66666666666667,4.5,0,0
2026-09-22T20:01:55.000Z,2026-09-22T20:02:25.000Z,30,0.833333333333333,2.66666666666667,0,0
2026-09-22T20:05:45.000Z,2026-09-22T20:07:15.000Z,90,3.33333333333333,3.83333333333333,0,0
2026-09-22T20:11:55.000Z,2026-09-22T20:13:35.000Z,100,4.66666666666667,6.16666666666667,0,0
2026-09-22T20:16:25.000Z,2026-09-22T20:18:15.000Z,110,2.83333333333333,4.5,0,0
2026-09-22T20:18:35.000Z,2026-09-22T20:19:55.000Z,80,0.333333333333333,2.16666666666667,0,0
2026-09-22T20:22:55.000Z,2026-09-22T20:24:25.000Z,90,3,4.33333333333333,0,0
2026-09-22T20:29:05.000Z,2026-09-22T20:30:45.000Z,100,4.66666666666667,6.16666666666667,0,0
2026-09-22T20:33:35.000Z,2026-09-22T20:35:15.000Z,100,2.83333333333333,4.5,0,0
2026-09-22T20:35:25.000Z,2026-09-22T20:37:05.000Z,100,0.166666666666667,1.83333333333333,0,0
2026-09-22T20:39:55.000Z,2026-09-22T20:41:35.000Z,100,2.83333333333333,4.5,0,0
2026-09-22T20:46:15.000Z,2026-09-22T20:47:45.000Z,90,4.66666666666667,6.33333333333333,0,0
2026-09-22T20:50:55.000Z,2026-09-22T20:52:05.000Z,70,3.16666666666667,4.66666666666667,0,0
2026-09-22T20:52:25.000Z,2026-09-22T20:54:15.000Z,110,0.333333333333333,1.5,0,0
2026-09-22T20:57:05.000Z,2026-09-22T20:58:45.000Z,100,2.83333333333333,4.66666666666667,0,0
2026-09-22T21:03:25.000Z,2026-09-22T21:04:55.000Z,90,4.66666666666667,6.33333333333333,0,0
2026-09-22T21:09:35.000Z,2026-09-22T21:11:25.000Z,110,4.66666666666667,6.16666666666667,0,0
2026-09-22T21:14:05.000Z,2026-09-22T21:15:55.000Z,110,2.66666666666667,4.5,0,0
2026-09-22T21:20:35.000Z,2026-09-22T21:22:05.000Z,90,4.66666666666667,6.5,0,0
2026-09-22T21:26:45.000Z,2026-09-22T21:28:25.000Z,100,4.66666666666667,6.16666666666667,0,0
2026-09-22T21:31:15.000Z,2026-09-22T21:32:55.000Z,100,2.83333333333333,4.5,0,0
2026-09-22T21:33:15.000Z,2026-09-22T21:34:35.000Z,80,0.333333333333333,2,0,0
2026-09-22T21:37:35.000Z,2026-09-22T21:39:05.000Z,90,3,4.33333333333333,0,0
2026-09-22T21:43:55.000Z,2026-09-22T21:45:25.000Z,90,4.83333333333333,6.33333333333333,0,0
2026-09-22T21:48:25.000Z,2026-09-22T21:49:55.000Z,90,3,4.5,0,0
2026-09-22T21:50:15.000Z,2026-09-22T21:51:55.000Z,100,0.333333333333333,1.83333333333333,0,0
2026-09-22T21:54:45.000Z,2026-09-22T21:56:15.000Z,90,2.83333333333333,4.5,0,0
2026-09-22T22:01:05.000Z,2026-09-22T22:02:35.000Z,90,4.83333333333333,6.33333333333333,0,0
2026-09-22T22:05:35.000Z,2026-09-22T22:06:55.000Z,80,3,4.5,0,0
2026-09-22T22:07:15.000Z,2026-09-22T22:09:05.000Z,110,0.333333333333333,1.66666666666667,0,0
2026-09-22T22:11:45.000Z,2026-09-22T22:13:25.000Z,100,2.66666666666667,4.5,0,0
2026-09-22T22:18:15.000Z,2026-09-22T22:19:35.000Z,80,4.83333333333333,6.5,0,0
2026-09-22T22:24:25.000Z,2026-09-22T22:26:05.000Z,100,4.83333333333333,6.16666666666667,0,0
2026-09-22T22:28:55.000Z,2026-09-22T22:30:35.000Z,100,2.83333333333333,4.5,0,0
2026-09-22T22:35:15.000Z,2026-09-22T22:36:45.000Z,90,4.66666666666667,6.33333333333333,0,0
2026-09-22T22:41:25.000Z,2026-09-22T22:43:15.000Z,110,4.66666666666667,6.16666666666667,0,0
2026-09-22T22:45:55.000Z,2026-09-22T22:47:45.000Z,110,2.66666666666667,4.5,0,0
2026-09-22T22:48:15.000Z,2026-09-22T22:49:15.000Z,60,0.5,2.33333333333333,0,0
2026-09-22T22:52:25.000Z,2026-09-22T22:53:55.000Z,90,3.16666666666667,4.16666666666667,0,0
2026-09-22T22:58:35.000Z,2026-09-22T23:00:15.000Z,100,4.66666666666667,6.16666666666667,0,0
2026-09-22T23:03:05.000Z,2026-09-22T23:04:45.000Z,100,2.83333333333333,4.5,0,0
2026-09-22T23:05:05.000Z,2026-09-22T23:06:35.000Z,90,0.333333333333333,2,0,0
2026-09-22T23:09:25.000Z,2026-09-22T23:11:05.000Z,100,2.83333333333333,4.33333333333333,0,0
2026-09-22T23:15:45.000Z,2026-09-22T23:17:15.000Z,90,4.66666666666667,6.33333333333333,0,0
2026-09-22T23:20:15.000Z,2026-09-22T23:21:45.000Z,90,3,4.5,0,0
2026-09-22T23:22:05.000Z,2026-09-22T23:23:45.000Z,100,0.333333333333333,1.83333333333333,0,0
2026-09-22T23:26:35.000Z,2026-09-22T23:28:15.000Z,100,2.83333333333333,4.5,0,0
2026-09-22T23:32:55.000Z,2026-09-22T23:34:25.000Z,90,4.66666666666667,6.33333333333333,0,0
2026-09-22T23:37:55.000Z,2026-09-22T23:38:15.000Z,20,3.5,5,0,0
2026-09-22T23:39:05.000Z,2026-09-22T23:40:55.000Z,110,0.833333333333333,1.16666666666667,0,0
2026-09-22T23:43:35.000Z,2026-09-22T23:45:25.000Z,110,2.66666666666667,4.5,0,0
2026-09-22T23:50:05.000Z,2026-09-22T23:51:35.000Z,90,4.66666666666667,6.5,0,0
2026-09-22T23:56:15.000Z,2026-09-22T23:57:55.000Z,100,4.66666666666667,6.16666666666667,0,0
2026-09-23T00:00:45.000Z,2026-09-23T00:02:35.000Z,110,2.83333333333333,4.5,0,0
2026-09-23T00:03:05.000Z,2026-09-23T00:04:05.000Z,60,0.5,2.33333333333333,0,0
2026-09-23T00:07:15.000Z,2026-09-23T00:08:45.000Z,90,3.16666666666667,4.16666666666667,0,0
2026-09-23T00:13:25.000Z,2026-09-23T00:15:05.000Z,100,4.66666666666667,6.16666666666667,0,0
2026-09-23T00:17:55.000Z,2026-09-23T00:19:35.000Z,100,2.83333333333333,4.5,0,0
2026-09-23T00:19:45.000Z,2026-09-23T00:21:25.000Z,100,0.166666666666667,1.83333333333333,0,0
2026-09-23T00:24:15.000Z,2026-09-23T00:25:45.000Z,90,2.83333333333333,4.5,0,0
2026-09-23T00:30:35.000Z,2026-09-23T00:32:05.000Z,90,4.83333333333333,6.33333333333333,0,0
2026-09-23T00:35:05.000Z,2026-09-23T00:36:35.000Z,90,3,4.5,0,0
2026-09-23T00:36:45.000Z,2026-09-23T00:38:35.000Z,110,0.166666666666667,1.66666666666667,0,0
2026-09-23T00:41:15.000Z,2026-09-23T00:42:55.000Z,100,2.66666666666667,4.5,0,0
2026-09-23T00:47:45.000Z,2026-09-23T00:49:15.000Z,90,4.83333333333333,6.5,0,0
2026-09-23T00:52:25.000Z,2026-09-23T00:53:15.000Z,50,3.16666666666667,4.66666666666667,0,0
2026-09-23T00:53:55.000Z,2026-09-23T00:55:45.000Z,110,0.666666666666667,1.5,0,0
2026-09-23T00:58:25.000Z,2026-09-23T01:00:05.000Z,100,2.66666666666667,4.5,0,0
2026-09-23T01:04:55.000Z,2026-09-23T01:06:15.000Z,80,4.83333333333333,6.5,0,0
2026-09-23T01:10:55.000Z,2026-09-23T01:12:45.000Z,110,4.66666666666667,6,0,0
2026-09-23T01:15:25.000Z,2026-09-23T01:17:15.000Z,110,2.66666666666667,4.5,0,0
2026-09-23T01:17:55.000Z,2026-09-23T01:18:35.000Z,40,0.666666666666667,2.5,0,0
2026-09-23T01:21:55.000Z,2026-09-23T01:23:25.000Z,90,3.33333333333333,4,0,0
2026-09-23T01:28:05.000Z,2026-09-23T01:29:45.000Z,100,4.66666666666667,6.16666666666667,0,0
2026-09-23T01:32:35.000Z,2026-09-23T01:34:25.000Z,110,2.83333333333333,4.5,0,0
2026-09-23T01:34:35.000Z,2026-09-23T01:36:05.000Z,90,0.166666666666667,2,0,0
2026-09-23T01:39:05.000Z,2026-09-23T01:40:35.000Z,90,3,4.5,0,0
2026-09-23T01:45:15.000Z,2026-09-23T01:46:55.000Z,100,4.66666666666667,6.16666666666667,0,0
2026-09-23T01:49:45.000Z,2026-09-23T01:51:15.000Z,90,2.83333333333333,4.5,0,0
2026-09-23T01:51:35.000Z,2026-09-23T01:53:15.000Z,100,0.333333333333333,1.83333333333333,0,0
2026-09-23T01:56:05.000Z,2026-09-23T01:57:45.000Z,100,2.83333333333333,4.5,0,0
2026-09-23T02:02:25.000Z,2026-09-23T02:03:55.000Z,90,4.66666666666667,6.33333333333333,0,0
2026-09-23T02:07:05.000Z,2026-09-23T02:08:05.000Z,60,3.16666666666667,4.66666666666667,0,0
2026-09-23T02:08:35.000Z,2026-09-23T02:10:25.000Z,110,0.5,1.5,0,0
2026-09-23T02:13:05.000Z,2026-09-23T02:14:55.000Z,110,2.66666666666667,4.5,0,0
2026-09-23T02:19:35.000Z,2026-09-23T02:21:05.000Z,90,4.66666666666667,6.5,0,0
2026-09-23T02:25:45.000Z,2026-09-23T02:27:35.000Z,110,4.66666666666667,6.16666666666667,0,0
2026-09-23T02:30:15.000Z,2026-09-23T02:32:05.000Z,110,2.66666666666667,4.5,0,0
2026-09-23T02:32:55.000Z,2026-09-23T02:33:15.000Z,20,0.833333333333333,2.66666666666667,0,0
2026-09-23T02:36:45.000Z,2026-09-23T02:38:15.000Z,90,3.5,3.83333333333333,0,0
2026-09-23T02:42:55.000Z,2026-09-23T02:44:35.000Z,100,4.66666666666667,6.16666666666667,0,0
2026-09-23T02:47:25.000Z,2026-09-23T02:49:05.000Z,100,2.83333333333333,4.5,0,0
2026-09-23T02:49:25.000Z,2026-09-23T02:50:45.000Z,80,0.333333333333333,2,0,0
2026-09-23T02:53:45.000Z,2026-09-23T02:55:25.000Z,100,3,4.33333333333333,0,0
2026-09-23T03:00:05.000Z,2026-09-23T03:01:35.000Z,90,4.66666666666667,6.33333333333333,0,0
2026-09-23T03:04:35.000Z,2026-09-23T03:06:05.000Z,90,3,4.5,0,0
2026-09-23T03:06:25.000Z,2026-09-23T03:08:05.000Z,100,0.333333333333333,1.83333333333333,0,0
2026-09-23T03:10:55.000Z,2026-09-23T03:12:35.000Z,100,2.83333333333333,4.5,0,0
2026-09-23T03:17:15.000Z,2026-09-23T03:18:45.000Z,90,4.66666666666667,6.33333333333333,0,0
2026-09-23T03:21:45.000Z,2026-09-23T03:22:55.000Z,70,3,4.5,0,0
2026-09-23T03:23:25.000Z,2026-09-23T03:25:15.000Z,110,0.5,1.66666666666667,0,0
2026-09-23T03:27:55.000Z,2026-09-23T03:29:45.000Z,110,2.66666666666667,4.5,0,0
2026-09-23T03:34:25.000Z,2026-09-23T03:35:45.000Z,80,4.66666666666667,6.5,0,0
2026-09-23T03:40:35.000Z,2026-09-23T03:42:15.000Z,100,4.83333333333333,6.16666666666667,0,0
2026-09-23T03:45:05.000Z,2026-09-23T03:46:45.000Z,100,2.83333333333333,4.5,0,0
2026-09-23T03:51:25.000Z,2026-09-23T03:52:55.000Z,90,4.66666666666667,6.33333333333333,0,0
2026-09-23T03:57:35.000Z,2026-09-23T03:59:25.000Z,110,4.66666666666667,6.16666666666667,0,0
2026-09-23T04:02:05.000Z,2026-09-23T04:03:55.000Z,110,2.66666666666667,4.5,0,0
2026-09-23T04:04:15.000Z,2026-09-23T04:05:35.000Z,80,0.333333333333333,2.16666666666667,0,0
2026-09-23T04:08:35.000Z,2026-09-23T04:10:05.000Z,90,3,4.33333333333333,0,0
2026-09-23T04:14:45.000Z,2026-09-23T04:16:25.000Z,100,4.66666666666667,6.16666666666667,0,0
2026-09-23T04:19:15.000Z,2026-09-23T04:20:55.000Z,100,2.83333333333333,4.5,0,0
2026-09-23T04:21:15.000Z,2026-09-23T04:22:45.000Z,90,0.333333333333333,2,0,0
2026-09-23T04:25:35.000Z,2026-09-23T04:27:15.000Z,100,2.83333333333333,4.33333333333333,0,0
2026-09-23T04:31:55.000Z,2026-09-23T04:33:25.000Z,90,4.66666666666667,6.33333333333333,0,0
2026-09-23T04:36:35.000Z,2026-09-23T04:37:45.000Z,70,3.16666666666667,4.66666666666667,0,0
2026-09-23T04:38:15.000Z,2026-09-23T04:39:55.000Z,100,0.5,1.66666666666667,0,0
2026-09-23T04:42:45.000Z,2026-09-23T04:44:25.000Z,100,2.83333333333333,4.5,0,0
2026-09-23T04:49:05.000Z,2026-09-23T04:50:35.000Z,90,4.66666666666667,6.33333333333333,0,0
2026-09-23T04:55:15.000Z,2026-09-23T04:57:05.000Z,110,4.66666666666667,6.16666666666667,0,0
2026-09-23T04:59:45.000Z,2026-09-23T05:01:35.000Z,110,2.66666666666667,4.5,0,0
2026-09-23T05:06:15.000Z,2026-09-23T05:07:45.000Z,90,4.66666666666667,6.5,0,0
2026-09-23T05:12:25.000Z,2026-09-23T05:14:05.000Z,100,4.66666666666667,6.16666666666667,0,0
2026-09-23T05:16:55.000Z,2026-09-23T05:18:45.000Z,110,2.83333333333333,4.5,0,0
2026-09-23T05:19:05.000Z,2026-09-23T05:20:15.000Z,70,0.333333333333333,2.16666666666667,0,0
2026-09-23T05:23:25.000Z,2026-09-23T05:24:55.000Z,90,3.16666666666667,4.33333333333333,0,0
2026-09-23T05:29:35.000Z,2026-09-23T05:31:15.000Z,100,4.66666666666667,6.16666666666667,0,0
2026-09-23T05:34:05.000Z,2026-09-23T05:35:45.000Z,100,2.83333333333333,4.5,0,0
2026-09-23T05:35:55.000Z,2026-09-23T05:37:35.000Z,100,0.166666666666667,1.83333333333333,0,0
2026-09-23T05:40:25.000Z,2026-09-23T05:42:05.000Z,100,2.83333333333333,4.5,0,0
2026-09-23T05:46:45.000Z,2026-09-23T05:48:15.000Z,90,4.66666666666667,6.33333333333333,0,0
2026-09-23T05:51:15.000Z,2026-09-23T05:52:35.000Z,80,3,4.5,0,0
2026-09-23T05:52:55.000Z,2026-09-23T05:54:45.000Z,110,0.333333333333333,1.66666666666667,0,0
2026-09-23T05:57:25.000Z,2026-09-23T05:59:15.000Z,110,2.66666666666667,4.5,0,0
2026-09-23T06:03:55.000Z,2026-09-23T06:05:25.000Z,90,4.66666666666667,6.5,0,0
2026-09-23T06:08:45.000Z,2026-09-23T06:09:15.000Z,30,3.33333333333333,4.83333333333333,0,0
2026-09-23T06:10:05.000Z,2026-09-23T06:11:55.000Z,110,0.833333333333333,1.33333333333333,0,0
2026-09-23T06:14:35.000Z,2026-09-23T06:16:15.000Z,100,2.66666666666667,4.5,0,0
2026-09-23T06:21:05.000Z,2026-09-23T06:22:25.000Z,80,4.83333333333333,6.5,0,0
2026-09-23T06:27:15.000Z,2026-09-23T06:28:55.000Z,100,4.83333333333333,6.16666666666667,0,0
2026-09-23T06:31:35.000Z,2026-09-23T06:33:25.000Z,110,2.66666666666667,4.33333333333333,0,0
2026-09-23T06:33:55.000Z,2026-09-23T06:34:55.000Z,60,0.5,2.33333333333333,0,0
2026-09-23T06:38:05.000Z,2026-09-23T06:39:35.000Z,90,3.16666666666667,4.16666666666667,0,0
2026-09-23T06:44:15.000Z,2026-09-23T06:45:55.000Z,100,4.66666666666667,6.16666666666667,0,0
2026-09-23T06:48:45.000Z,2026-09-23T06:50:35.000Z,110,2.83333333333333,4.5,0,0
2026-09-23T06:50:45.000Z,2026-09-23T06:52:15.000Z,90,0.166666666666667,2,0,0
2026-09-23T06:55:15.000Z,2026-09-23T06:56:45.000Z,90,3,4.5,0,0
2026-09-23T07:01:25.000Z,2026-09-23T07:03:05.000Z,100,4.66666666666667,6.16666666666667,0,0
2026-09-23T07:05:55.000Z,2026-09-23T07:07:25.000Z,90,2.83333333333333,4.5,0,0
2026-09-23T07:07:45.000Z,2026-09-23T07:09:25.000Z,100,0.333333333333333,1.83333333333333,0,0
2026-09-23T07:12:15.000Z,2026-09-23T07:13:55.000Z,100,2.83333333333333,4.5,0,0
2026-09-23T07:18:35.000Z,2026-09-23T07:20:05.000Z,90,4.66666666666667,6.33333333333333,0,0
2026-09-23T07:23:25.000Z,2026-09-23T07:24:15.000Z,50,3.33333333333333,4.83333333333333,0,0
2026-09-23T07:24:45.000Z,2026-09-23T07:26:35.000Z,110,0.5,1.33333333333333,0,0
2026-09-23T07:29:15.000Z,2026-09-23T07:31:05.000Z,110,2.66666666666667,4.5,0,0
2026-09-23T07:35:45.000Z,2026-09-23T07:37:15.000Z,90,4.66666666666667,6.5,0,0
2026-09-23T07:41:55.000Z,2026-09-23T07:43:45.000Z,110,4.66666666666667,6.16666666666667,0,0
2026-09-23T07:46:25.000Z,2026-09-23T07:48:15.000Z,110,2.66666666666667,4.5,0,0
2026-09-23T07:48:55.000Z,2026-09-23T07:49:35.000Z,40,0.666666666666667,2.5,0,0
2026-09-23T07:52:55.000Z,2026-09-23T07:54:25.000Z,90,3.33333333333333,4,0,0
2026-09-23T07:59:05.000Z,2026-09-23T08:00:45.000Z,100,4.66666666666667,6.16666666666667,0,0
2026-09-23T08:03:35.000Z,2026-09-23T08:05:15.000Z,100,2.83333333333333,4.5,0,0
2026-09-23T08:05:35.000Z,2026-09-23T08:07:05.000Z,90,0.333333333333333,2,0,0
2026-09-23T08:09:55.000Z,2026-09-23T08:11:35.000Z,100,2.83333333333333,4.33333333333333,0,0
2026-09-23T08:16:15.000Z,2026-09-23T08:17:45.000Z,90,4.66666666666667,6.33333333333333,0,0
2026-09-23T08:20:45.000Z,2026-09-23T08:22:15.000Z,90,3,4.5,0,0
2026-09-23T08:22:35.000Z,2026-09-23T08:24:15.000Z,100,0.333333333333333,1.83333333333333,0,0
2026-09-23T08:27:05.000Z,2026-09-23T08:28:45.000Z,100,2.83333333333333,4.5,0,0
2026-09-23T08:33:25.000Z,2026-09-23T08:34:55.000Z,90,4.66666666666667,6.33333333333333,0,0
2026-09-23T08:38:05.000Z,2026-09-23T08:39:05.000Z,60,3.16666666666667,4.66666666666667,0,0
2026-09-23T08:39:35.000Z,2026-09-23T08:41:25.000Z,110,0.5,1.5,0,0
2026-09-23T08:44:05.000Z,2026-09-23T08:45:55.000Z,110,2.66666666666667,4.5,0,0
2026-09-23T08:50:35.000Z,2026-09-23T08:51:55.000Z,80,4.66666666666667,6.5,0,0
2026-09-23T08:56:45.000Z,2026-09-23T08:58:25.000Z,100,4.83333333333333,6.16666666666667,0,0
2026-09-23T09:01:15.000Z,2026-09-23T09:02:55.000Z,100,2.83333333333333,4.5,0,0
2026-09-23T09:07:45.000Z,2026-09-23T09:09:05.000Z,80,4.83333333333333,6.5,0,0
2026-09-23T09:13:55.000Z,2026-09-23T09:15:35.000Z,100,4.83333333333333,6.16666666666667,0,0
2026-09-23T09:18:15.000Z,2026-09-23T09:20:05.000Z,110,2.66666666666667,4.33333333333333,0,0
2026-09-23T09:20:25.000Z,2026-09-23T09:21:45.000Z,80,0.333333333333333,2.16666666666667,0,0
2026-09-23T09:24:45.000Z,2026-09-23T09:26:15.000Z,90,3,4.33333333333333,0,0
2026-09-23T09:31:05.000Z,2026-09-23T09:32:35.000Z,90,4.83333333333333,6.33333333333333,0,0
2026-09-23T09:35:25.000Z,2026-09-23T09:37:05.000Z,100,2.83333333333333,4.33333333333333,0,0
2026-09-23T09:37:15.000Z,2026-09-23T09:38:55.000Z,100,0.166666666666667,1.83333333333333,0,0
2026-09-23T09:41:45.000Z,2026-09-23T09:43:25.000Z,100,2.83333333333333,4.5,0,0
2026-09-23T09:48:05.000Z,2026-09-23T09:49:35.000Z,90,4.66666666666667,6.33333333333333,0,0
2026-09-23T09:52:45.000Z,2026-09-23T09:53:55.000Z,70,3.16666666666667,4.66666666666667,0,0
2026-09-23T09:54:25.000Z,2026-09-23T09:56:05.000Z,100,0.5,1.66666666666667,0,0
2026-09-23T09:58:55.000Z,2026-09-23T10:00:35.000Z,100,2.83333333333333,4.5,0,0
2026-09-23T10:05:15.000Z,2026-09-23T10:06:45.000Z,90,4.66666666666667,6.33333333333333,0,0
2026-09-23T10:11:25.000Z,2026-09-23T10:13:15.000Z,110,4.66666666666667,6.16666666666667,0,0
2026-09-23T10:15:55.000Z,2026-09-23T10:17:45.000Z,110,2.66666666666667,4.5,0,0
2026-09-23T10:22:25.000Z,2026-09-23T10:23:55.000Z,90,4.66666666666667,6.5,0,0
2026-09-23T10:28:35.000Z,2026-09-23T10:30:15.000Z,100,4.66666666666667,6.16666666666667,0,0
2026-09-23T10:33:05.000Z,2026-09-23T10:34:55.000Z,110,2.83333333333333,4.5,0,0
2026-09-23T10:35:15.000Z,2026-09-23T10:36:25.000Z,70,0.333333333333333,2.16666666666667,0,0
2026-09-23T10:39:35.000Z,2026-09-23T10:41:05.000Z,90,3.16666666666667,4.33333333333333,0,0
2026-09-23T10:45:45.000Z,2026-09-23T10:47:25.000Z,100,4.66666666666667,6.16666666666667,0,0
2026-09-23T10:50:15.000Z,2026-09-23T10:51:55.000Z,100,2.83333333333333,4.5,0,0
2026-09-23T10:52:05.000Z,2026-09-23T10:53:45.000Z,100,0.166666666666667,1.83333333333333,0,0
2026-09-23T10:56:35.000Z,2026-09-23T10:58:15.000Z,100,2.83333333333333,4.5,0,0
2026-09-23T11:02:55.000Z,2026-09-23T11:04:25.000Z,90,4.66666666666667,6.33333333333333,0,0
2026-09-23T11:07:25.000Z,2026-09-23T11:08:45.000Z,80,3,4.5,0,0
2026-09-23T11:09:05.000Z,2026-09-23T11:10:55.000Z,110,0.333333333333333,1.66666666666667,0,0
2026-09-23T11:13:35.000Z,2026-09-23T11:15:25.000Z,110,2.66666666666667,4.5,0,0
2026-09-23T11:20:05.000Z,2026-09-23T11:21:35.000Z,90,4.66666666666667,6.5,0,0
2026-09-23T11:26:15.000Z,2026-09-23T11:28:05.000Z,110,4.66666666666667,6.16666666666667,0,0
2026-09-23T11:30:45.000Z,2026-09-23T11:32:35.000Z,110,2.66666666666667,4.5,0,0
2026-09-23T11:37:15.000Z,2026-09-23T11:38:35.000Z,80,4.66666666666667,6.5,0,0
2026-09-23T11:43:25.000Z,2026-09-23T11:45:05.000Z,100,4.83333333333333,6.16666666666667,0,0
2026-09-23T11:47:45.000Z,2026-09-23T11:49:35.000Z,110,2.66666666666667,4.33333333333333,0,0
2026-09-23T11:50:05.000Z,2026-09-23T11:51:05.000Z,60,0.5,2.33333333333333,0,0
2026-09-23T11:54:15.000Z,2026-09-23T11:55:45.000Z,90,3.16666666666667,4.16666666666667,0,0
2026-09-23T12:00:35.000Z,2026-09-23T12:02:05.000Z,90,4.83333333333333,6.33333333333333,0,0
2026-09-23T12:04:55.000Z,2026-09-23T12:06:35.000Z,100,2.83333333333333,4.33333333333333,0,0
2026-09-23T12:06:55.000Z,2026-09-23T12:08:25.000Z,90,0.333333333333333,2,0,0
2026-09-23T12:11:25.000Z,2026-09-23T12:12:55.000Z,90,3,4.5,0,0
2026-09-23T12:17:45.000Z,2026-09-23T12:19:15.000Z,90,4.83333333333333,6.33333333333333,0,0
2026-09-23T12:22:15.000Z,2026-09-23T12:23:35.000Z,80,3,4.5,0,0
2026-09-23T12:23:55.000Z,2026-09-23T12:25:35.000Z,100,0.333333333333333,1.66666666666667,0,0
2026-09-23T12:28:25.000Z,2026-09-23T12:30:05.000Z,100,2.83333333333333,4.5,0,0
2026-09-23T12:34:45.000Z,2026-09-23T12:36:15.000Z,90,4.66666666666667,6.33333333333333,0,0
2026-09-23T12:39:35.000Z,2026-09-23T12:40:15.000Z,40,3.33333333333333,4.83333333333333,0,0
2026-09-23T12:40:55.000Z,2026-09-23T12:42:45.000Z,110,0.666666666666667,1.33333333333333,0,0
2026-09-23T12:45:25.000Z,2026-09-23T12:47:15.000Z,110,2.66666666666667,4.5,0,0
2026-09-23T12:51:55.000Z,2026-09-23T12:53:25.000Z,90,4.66666666666667,6.5,0,0
2026-09-23T12:58:05.000Z,2026-09-23T12:59:55.000Z,110,4.66666666666667,6.16666666666667,0,0
2026-09-23T13:02:35.000Z,2026-09-23T13:04:25.000Z,110,2.66666666666667,4.5,0,0
2026-09-23T13:04:55.000Z,2026-09-23T13:05:45.000Z,50,0.5,2.33333333333333,0,0
2026-09-23T13:09:05.000Z,2026-09-23T13:10:35.000Z,90,3.33333333333333,4.16666666666667,0,0
2026-09-23T13:15:15.000Z,2026-09-23T13:16:55.000Z,100,4.66666666666667,6.16666666666667,0,0
2026-09-23T13:19:45.000Z,2026-09-23T13:21:25.000Z,100,2.83333333333333,4.5,0,0
2026-09-23T13:21:45.000Z,2026-09-23T13:23:15.000Z,90,0.333333333333333,2,0,0
2026-09-23T13:26:05.000Z,2026-09-23T13:27:45.000Z,100,2.83333333333333,4.33333333333333,0,0
2026-09-23T13:32:25.000Z,2026-09-23T13:33:55.000Z,90,4.66666666666667,6.33333333333333,0,0
2026-09-23T13:36:55.000Z,2026-09-23T13:38:25.000Z,90,3,4.5,0,0
2026-09-23T13:38:45.000Z,2026-09-23T13:40:25.000Z,100,0.333333333333333,1.83333333333333,0,0
2026-09-23T13:43:15.000Z,2026-09-23T13:44:55.000Z,100,2.83333333333333,4.5,0,0
2026-09-23T13:49:35.000Z,2026-09-23T13:51:05.000Z,90,4.66666666666667,6.33333333333333,0,0
2026-09-23T13:54:15.000Z,2026-09-23T13:55:15.000Z,60,3.16666666666667,4.66666666666667,0,0
2026-09-23T13:55:45.000Z,2026-09-23T13:57:35.000Z,110,0.5,1.5,0,0
2026-09-23T14:00:15.000Z,2026-09-23T14:02:05.000Z,110,2.66666666666667,4.5,0,0
2026-09-23T14:06:45.000Z,2026-09-23T14:08:05.000Z,80,4.66666666666667,6.5,0,0
2026-09-23T14:12:55.000Z,2026-09-23T14:14:35.000Z,100,4.83333333333333,6.16666666666667,0,0
2026-09-23T14:17:25.000Z,2026-09-23T14:19:05.000Z,100,2.83333333333333,4.5,0,0
2026-09-23T14:19:55.000Z,2026-09-23T14:20:25.000Z,30,0.833333333333333,2.5,0,0
2026-09-23T14:23:55.000Z,2026-09-23T14:25:15.000Z,80,3.5,4,0,0
2026-09-23T14:30:05.000Z,2026-09-23T14:31:45.000Z,100,4.83333333333333,6.16666666666667,0,0
2026-09-23T14:34:25.000Z,2026-09-23T14:36:15.000Z,110,2.66666666666667,4.33333333333333,0,0
2026-09-23T14:36:35.000Z,2026-09-23T14:37:55.000Z,80,0.333333333333333,2.16666666666667,0,0
2026-09-23T14:40:55.000Z,2026-09-23T14:42:25.000Z,90,3,4.33333333333333,0,0
2026-09-23T14:47:15.000Z,2026-09-23T14:48:45.000Z,90,4.83333333333333,6.33333333333333,0,0
2026-09-23T14:51:35.000Z,2026-09-23T14:53:15.000Z,100,2.83333333333333,4.33333333333333,0,0
2026-09-23T14:53:25.000Z,2026-09-23T14:55:15.000Z,110,0.166666666666667,1.83333333333333,0,0
2026-09-23T14:57:55.000Z,2026-09-23T14:59:35.000Z,100,2.66666666666667,4.5,0,0
2026-09-23T15:04:25.000Z,2026-09-23T15:05:45.000Z,80,4.83333333333333,6.5,0,0
2026-09-23T15:08:55.000Z,2026-09-23T15:10:05.000Z,70,3.16666666666667,4.5,0,0
2026-09-23T15:10:35.000Z,2026-09-23T15:12:15.000Z,100,0.5,1.66666666666667,0,0
2026-09-23T15:15:05.000Z,2026-09-23T15:16:45.000Z,100,2.83333333333333,4.5,0,0
2026-09-23T15:21:25.000Z,2026-09-23T15:22:55.000Z,90,4.66666666666667,6.33333333333333,0,0
2026-09-23T15:27:35.000Z,2026-09-23T15:29:25.000Z,110,4.66666666666667,6.16666666666667,0,0
2026-09-23T15:32:05.000Z,2026-09-23T15:33:55.000Z,110,2.66666666666667,4.5,0,0
2026-09-23T15:38:35.000Z,2026-09-23T15:40:05.000Z,90,4.66666666666667,6.5,0,0
2026-09-23T15:44:45.000Z,2026-09-23T15:46:25.000Z,100,4.66666666666667,6.16666666666667,0,0
2026-09-23T15:49:15.000Z,2026-09-23T15:51:05.000Z,110,2.83333333333333,4.5,0,0
2026-09-23T15:51:25.000Z,2026-09-23T15:52:45.000Z,80,0.333333333333333,2.16666666666667,0,0
2026-09-23T15:55:45.000Z,2026-09-23T15:57:15.000Z,90,3,4.33333333333333,0,0
2026-09-23T16:01:55.000Z,2026-09-23T16:03:35.000Z,100,4.66666666666667,6.16666666666667,0,0
2026-09-23T16:06:25.000Z,2026-09-23T16:08:05.000Z,100,2.83333333333333,4.5,0,0
2026-09-23T16:08:15.000Z,2026-09-23T16:09:55.000Z,100,0.166666666666667,1.83333333333333,0,0
2026-09-23T16:12:45.000Z,2026-09-23T16:14:25.000Z,100,2.83333333333333,4.5,0,0
2026-09-23T16:19:05.000Z,2026-09-23T16:20:35.000Z,90,4.66666666666667,6.33333333333333,0,0
2026-09-23T16:23:35.000Z,2026-09-23T16:24:55.000Z,80,3,4.5,0,0
2026-09-23T16:25:15.000Z,2026-09-23T16:27:05.000Z,110,0.333333333333333,1.66666666666667,0,0
2026-09-23T16:29:45.000Z,2026-09-23T16:31:35.000Z,110,2.66666666666667,4.5,0,0
2026-09-23T16:36:15.000Z,2026-09-23T16:37:45.000Z,90,4.66666666666667,6.5,0,0
2026-09-23T16:42:25.000Z,2026-09-23T16:44:15.000Z,110,4.66666666666667,6.16666666666667,0,0
2026-09-23T16:46:55.000Z,2026-09-23T16:48:45.000Z,110,2.66666666666667,4.5,0,0
2026-09-23T16:53:25.000Z,2026-09-23T16:54:45.000Z,80,4.66666666666667,6.5,0,0
2026-09-23T16:59:35.000Z,2026-09-23T17:01:15.000Z,100,4.83333333333333,6.16666666666667,0,0
2026-09-23T17:03:55.000Z,2026-09-23T17:05:45.000Z,110,2.66666666666667,4.33333333333333,0,0
2026-09-23T17:06:15.000Z,2026-09-23T17:07:25.000Z,70,0.5,2.33333333333333,0,0
2026-09-23T17:10:25.000Z,2026-09-23T17:11:55.000Z,90,3,4.16666666666667,0,0
2026-09-23T17:16:45.000Z,2026-09-23T17:18:15.000Z,90,4.83333333333333,6.33333333333333,0,0
2026-09-23T17:21:05.000Z,2026-09-23T17:22:45.000Z,100,2.83333333333333,4.33333333333333,0,0
2026-09-23T17:23:05.000Z,2026-09-23T17:24:45.000Z,100,0.333333333333333,2,0,0
2026-09-23T17:27:35.000Z,2026-09-23T17:29:05.000Z,90,2.83333333333333,4.5,0,0
2026-09-23T17:33:55.000Z,2026-09-23T17:35:25.000Z,90,4.83333333333333,6.33333333333333,0,0
2026-09-23T17:38:25.000Z,2026-09-23T17:39:45.000Z,80,3,4.5,0,0
2026-09-23T17:40:05.000Z,2026-09-23T17:41:55.000Z,110,0.333333333333333,1.66666666666667,0,0
2026-09-23T17:44:35.000Z,2026-09-23T17:46:15.000Z,100,2.66666666666667,4.5,0,0
2026-09-23T17:51:05.000Z,2026-09-23T17:52:25.000Z,80,4.83333333333333,6.5,0,0
2026-09-23T17:57:05.000Z,2026-09-23T17:58:55.000Z,110,4.66666666666667,6,0,0
2026-09-23T18:01:35.000Z,2026-09-23T18:03:25.000Z,110,2.66666666666667,4.5,0,0
2026-09-23T18:08:05.000Z,2026-09-23T18:09:35.000Z,90,4.66666666666667,6.5,0,0
2026-09-23T18:14:15.000Z,2026-09-23T18:16:05.000Z,110,4.66666666666667,6.16666666666667,0,0
2026-09-23T18:18:45.000Z,2026-09-23T18:20:35.000Z,110,2.66666666666667,4.5,0,0
2026-09-23T18:21:05.000Z,2026-09-23T18:22:05.000Z,60,0.5,2.33333333333333,0,0
2026-09-23T18:25:15.000Z,2026-09-23T18:26:45.000Z,90,3.16666666666667,4.16666666666667,0,0
2026-09-23T18:31:25.000Z,2026-09-23T18:33:05.000Z,100,4.66666666666667,6.16666666666667,0,0
2026-09-23T18:35:55.000Z,2026-09-23T18:37:35.000Z,100,2.83333333333333,4.5,0,0
2026-09-23T18:37:55.000Z,2026-09-23T18:39:25.000Z,90,0.333333333333333,2,0,0
2026-09-23T18:42:15.000Z,2026-09-23T18:43:55.000Z,100,2.83333333333333,4.33333333333333,0,0
2026-09-23T18:48:35.000Z,2026-09-23T18:50:05.000Z,90,4.66666666666667,6.33333333333333,0,0
2026-09-23T18:53:05.000Z,2026-09-23T18:54:35.000Z,90,3,4.5,0,0
2026-09-23T18:54:55.000Z,2026-09-23T18:56:35.000Z,100,0.333333333333333,1.83333333333333,0,0
2026-09-23T18:59:25.000Z,2026-09-23T19:01:05.000Z,100,2.83333333333333,4.5,0,0
2026-09-23T19:05:45.000Z,2026-09-23T19:07:15.000Z,90,4.66666666666667,6.33333333333333,0,0
2026-09-23T19:10:35.000Z,2026-09-23T19:11:15.000Z,40,3.33333333333333,4.83333333333333,0,0
2026-09-23T19:11:55.000Z,2026-09-23T19:13:45.000Z,110,0.666666666666667,1.33333333333333,0,0
2026-09-23T19:16:25.000Z,2026-09-23T19:18:15.000Z,110,2.66666666666667,4.5,0,0
2026-09-23T19:22:55.000Z,2026-09-23T19:24:25.000Z,90,4.66666666666667,6.5,0,0
2026-09-23T19:29:05.000Z,2026-09-23T19:30:45.000Z,100,4.66666666666667,6.16666666666667,0,0
2026-09-23T19:33:35.000Z,2026-09-23T19:35:15.000Z,100,2.83333333333333,4.5,0,0
2026-09-23T19:35:55.000Z,2026-09-23T19:36:45.000Z,50,0.666666666666667,2.33333333333333,0,0
2026-09-23T19:40:05.000Z,2026-09-23T19:41:25.000Z,80,3.33333333333333,4.16666666666667,0,0
2026-09-23T19:46:15.000Z,2026-09-23T19:47:55.000Z,100,4.83333333333333,6.16666666666667,0,0
2026-09-23T19:50:35.000Z,2026-09-23T19:52:25.000Z,110,2.66666666666667,4.33333333333333,0,0
2026-09-23T19:52:45.000Z,2026-09-23T19:54:05.000Z,80,0.333333333333333,2.16666666666667,0,0
2026-09-23T19:57:05.000Z,2026-09-23T19:58:35.000Z,90,3,4.33333333333333,0,0
2026-09-23T20:03:25.000Z,2026-09-23T20:04:55.000Z,90,4.83333333333333,6.33333333333333,0,0
2026-09-23T20:07:45.000Z,2026-09-23T20:09:25.000Z,100,2.83333333333333,4.33333333333333,0,0
2026-09-23T20:09:35.000Z,2026-09-23T20:11:25.000Z,110,0.166666666666667,1.83333333333333,0,0
2026-09-23T20:14:05.000Z,2026-09-23T20:15:45.000Z,100,2.66666666666667,4.5,0,0
2026-09-23T20:20:35.000Z,2026-09-23T20:21:55.000Z,80,4.83333333333333,6.5,0,0
2026-09-23T20:25:15.000Z,2026-09-23T20:26:05.000Z,50,3.33333333333333,4.66666666666667,0,0
2026-09-23T20:26:45.000Z,2026-09-23T20:28:25.000Z,100,0.666666666666667,1.5,0,0
2026-09-23T20:31:15.000Z,2026-09-23T20:32:55.000Z,100,2.83333333333333,4.5,0,0
2026-09-23T20:37:35.000Z,2026-09-23T20:39:05.000Z,90,4.66666666666667,6.33333333333333,0,0
2026-09-23T20:43:45.000Z,2026-09-23T20:45:35.000Z,110,4.66666666666667,6.16666666666667,0,0
2026-09-23T20:48:15.000Z,2026-09-23T20:50:05.000Z,110,2.66666666666667,4.5,0,0
2026-09-23T20:50:55.000Z,2026-09-23T20:51:15.000Z,20,0.833333333333333,2.66666666666667,0,0
2026-09-23T20:54:45.000Z,2026-09-23T20:56:15.000Z,90,3.5,3.83333333333333,0,0
2026-09-23T21:00:55.000Z,2026-09-23T21:02:35.000Z,100,4.66666666666667,6.16666666666667,0,0
2026-09-23T21:05:25.000Z,2026-09-23T21:07:05.000Z,100,2.83333333333333,4.5,0,0
2026-09-23T21:07:25.000Z,2026-09-23T21:08:55.000Z,90,0.333333333333333,2,0,0
2026-09-23T21:11:55.000Z,2026-09-23T21:13:25.000Z,90,3,4.5,0,0
2026-09-23T21:18:05.000Z,2026-09-23T21:19:45.000Z,100,4.66666666666667,6.16666666666667,0,0
2026-09-23T21:22:35.000Z,2026-09-23T21:24:05.000Z,90,2.83333333333333,4.5,0,0
2026-09-23T21:24:25.000Z,2026-09-23T21:26:05.000Z,100,0.333333333333333,1.83333333333333,0,0
2026-09-23T21:28:55.000Z,2026-09-23T21:30:35.000Z,100,2.83333333333333,4.5,0,0
2026-09-23T21:35:15.000Z,2026-09-23T21:36:45.000Z,90,4.66666666666667,6.33333333333333,0,0
2026-09-23T21:39:55.000Z,2026-09-23T21:41:05.000Z,70,3.16666666666667,4.66666666666667,0,0
2026-09-23T21:41:25.000Z,2026-09-23T21:43:15.000Z,110,0.333333333333333,1.5,0,0
2026-09-23T21:45:55.000Z,2026-09-23T21:47:45.000Z,110,2.66666666666667,4.5,0,0
2026-09-23T21:52:25.000Z,2026-09-23T21:53:55.000Z,90,4.66666666666667,6.5,0,0
2026-09-23T21:58:35.000Z,2026-09-23T22:00:25.000Z,110,4.66666666666667,6.16666666666667,0,0
2026-09-23T22:03:05.000Z,2026-09-23T22:04:55.000Z,110,2.66666666666667,4.5,0,0
2026-09-23T22:09:35.000Z,2026-09-23T22:10:55.000Z,80,4.66666666666667,6.5,0,0
2026-09-23T22:15:45.000Z,2026-09-23T22:17:25.000Z,100,4.83333333333333,6.16666666666667,0,0
2026-09-23T22:20:05.000Z,2026-09-23T22:21:55.000Z,110,2.66666666666667,4.33333333333333,0,0
2026-09-23T22:22:15.000Z,2026-09-23T22:23:35.000Z,80,0.333333333333333,2.16666666666667,0,0
2026-09-23T22:26:35.000Z,2026-09-23T22:28:05.000Z,90,3,4.33333333333333,0,0
2026-09-23T22:32:55.000Z,2026-09-23T22:34:25.000Z,90,4.83333333333333,6.33333333333333,0,0
2026-09-23T22:37:15.000Z,2026-09-23T22:38:55.000Z,100,2.83333333333333,4.33333333333333,0,0
2026-09-23T22:39:15.000Z,2026-09-23T22:40:55.000Z,100,0.333333333333333,2,0,0
2026-09-23T22:43:45.000Z,2026-09-23T22:45:15.000Z,90,2.83333333333333,4.5,0,0
2026-09-23T22:50:05.000Z,2026-09-23T22:51:35.000Z,90,4.83333333333333,6.33333333333333,0,0
2026-09-23T22:54:35.000Z,2026-09-23T22:55:55.000Z,80,3,4.5,0,0
2026-09-23T22:56:15.000Z,2026-09-23T22:58:05.000Z,110,0.333333333333333,1.66666666666667,0,0
2026-09-23T23:00:45.000Z,2026-09-23T23:02:25.000Z,100,2.66666666666667,4.5,0,0
2026-09-23T23:07:15.000Z,2026-09-23T23:08:35.000Z,80,4.83333333333333,6.5,0,0
2026-09-23T23:13:15.000Z,2026-09-23T23:15:05.000Z,110,4.66666666666667,6,0,0
2026-09-23T23:17:45.000Z,2026-09-23T23:19:35.000Z,110,2.66666666666667,4.5,0,0
2026-09-23T23:24:15.000Z,2026-09-23T23:25:45.000Z,90,4.66666666666667,6.5,0,0
2026-09-23T23:30:25.000Z,2026-09-23T23:32:15.000Z,110,4.66666666666667,6.16666666666667,0,0
2026-09-23T23:34:55.000Z,2026-09-23T23:36:45.000Z,110,2.66666666666667,4.5,0,0
2026-09-23T23:37:05.000Z,2026-09-23T23:38:15.000Z,70,0.333333333333333,2.16666666666667,0,0
2026-09-23T23:41:25.000Z,2026-09-23T23:42:55.000Z,90,3.16666666666667,4.33333333333333,0,0
2026-09-23T23:47:35.000Z,2026-09-23T23:49:15.000Z,100,4.66666666666667,6.16666666666667,0,0
2026-09-23T23:52:05.000Z,2026-09-23T23:53:45.000Z,100,2.83333333333333,4.5,0,0
2026-09-23T23:54:05.000Z,2026-09-23T23:55:35.000Z,90,0.333333333333333,2,0,0
2026-09-23T23:58:25.000Z,2026-09-24T00:00:05.000Z,100,2.83333333333333,4.33333333333333,0,0
2026-09-24T00:04:45.000Z,2026-09-24T00:06:15.000Z,90,4.66666666666667,6.33333333333333,0,0
2026-09-24T00:09:15.000Z,2026-09-24T00:10:45.000Z,90,3,4.5,0,0
2026-09-24T00:11:05.000Z,2026-09-24T00:12:45.000Z,100,0.333333333333333,1.83333333333333,0,0
2026-09-24T00:15:35.000Z,2026-09-24T00:17:15.000Z,100,2.83333333333333,4.5,0,0
2026-09-24T00:21:55.000Z,2026-09-24T00:23:25.000Z,90,4.66666666666667,6.33333333333333,0,0
2026-09-24T00:26:55.000Z,2026-09-24T00:27:15.000Z,20,3.5,5,0,0
2026-09-24T00:28:05.000Z,2026-09-24T00:29:55.000Z,110,0.833333333333333,1.16666666666667,0,0
2026-09-24T00:32:35.000Z,2026-09-24T00:34:25.000Z,110,2.66666666666667,4.5,0,0
2026-09-24T00:39:05.000Z,2026-09-24T00:40:35.000Z,90,4.66666666666667,6.5,0,0
2026-09-24T00:45:15.000Z,2026-09-24T00:46:55.000Z,100,4.66666666666667,6.16666666666667,0,0
2026-09-24T00:49:45.000Z,2026-09-24T00:51:25.000Z,100,2.83333333333333,4.5,0,0
2026-09-24T00:52:05.000Z,2026-09-24T00:52:55.000Z,50,0.666666666666667,2.33333333333333,0,0
2026-09-24T00:56:15.000Z,2026-09-24T00:57:35.000Z,80,3.33333333333333,4.16666666666667,0,0
2026-09-24T01:02:25.000Z,2026-09-24T01:04:05.000Z,100,4.83333333333333,6.16666666666667,0,0
2026-09-24T01:06:45.000Z,2026-09-24T01:08:35.000Z,110,2.66666666666667,4.33333333333333,0,0
2026-09-24T01:08:45.000Z,2026-09-24T01:10:25.000Z,100,0.166666666666667,2,0,0
2026-09-24T01:13:15.000Z,2026-09-24T01:14:45.000Z,90,2.83333333333333,4.5,0,0
2026-09-24T01:19:35.000Z,2026-09-24T01:21:05.000Z,90,4.83333333333333,6.33333333333333,0,0
2026-09-24T01:24:05.000Z,2026-09-24T01:25:25.000Z,80,3,4.5,0,0
2026-09-24T01:25:45.000Z,2026-09-24T01:27:35.000Z,110,0.333333333333333,1.66666666666667,0,0
2026-09-24T01:30:15.000Z,2026-09-24T01:31:55.000Z,100,2.66666666666667,4.5,0,0
2026-09-24T01:36:45.000Z,2026-09-24T01:38:05.000Z,80,4.83333333333333,6.5,0,0
2026-09-24T01:41:25.000Z,2026-09-24T01:42:15.000Z,50,3.33333333333333,4.66666666666667,0,0
2026-09-24T01:42:55.000Z,2026-09-24T01:44:35.000Z,100,0.666666666666667,1.5,0,0
2026-09-24T01:47:25.000Z,2026-09-24T01:49:05.000Z,100,2.83333333333333,4.5,0,0
2026-09-24T01:53:55.000Z,2026-09-24T01:55:15.000Z,80,4.83333333333333,6.5,0,0
2026-09-24T01:59:55.000Z,2026-09-24T02:01:45.000Z,110,4.66666666666667,6,0,0
2026-09-24T02:04:25.000Z,2026-09-24T02:06:15.000Z,110,2.66666666666667,4.5,0,0
2026-09-24T02:06:55.000Z,2026-09-24T02:07:35.000Z,40,0.666666666666667,2.5,0,0
2026-09-24T02:10:55.000Z,2026-09-24T02:12:25.000Z,90,3.33333333333333,4,0,0
2026-09-24T02:17:05.000Z,2026-09-24T02:18:45.000Z,100,4.66666666666667,6.16666666666667,0,0
2026-09-24T02:21:35.000Z,2026-09-24T02:23:15.000Z,100,2.83333333333333,4.5,0,0
2026-09-24T02:23:35.000Z,2026-09-24T02:25:05.000Z,90,0.333333333333333,2,0,0
2026-09-24T02:28:05.000Z,2026-09-24T02:29:35.000Z,90,3,4.5,0,0
2026-09-24T02:34:15.000Z,2026-09-24T02:35:55.000Z,100,4.66666666666667,6.16666666666667,0,0
2026-09-24T02:38:45.000Z,2026-09-24T02:40:15.000Z,90,2.83333333333333,4.5,0,0
2026-09-24T02:40:35.000Z,2026-09-24T02:42:15.000Z,100,0.333333333333333,1.83333333333333,0,0
2026-09-24T02:45:05.000Z,2026-09-24T02:46:45.000Z,100,2.83333333333333,4.5,0,0
2026-09-24T02:51:25.000Z,2026-09-24T02:52:55.000Z,90,4.66666666666667,6.33333333333333,0,0
2026-09-24T02:56:05.000Z,2026-09-24T02:57:05.000Z,60,3.16666666666667,4.66666666666667,0,0
2026-09-24T02:57:35.000Z,2026-09-24T02:59:25.000Z,110,0.5,1.5,0,0
2026-09-24T03:02:05.000Z,2026-09-24T03:03:55.000Z,110,2.66666666666667,4.5,0,0
2026-09-24T03:08:35.000Z,2026-09-24T03:10:05.000Z,90,4.66666666666667,6.5,0,0
2026-09-24T03:14:45.000Z,2026-09-24T03:16:35.000Z,110,4.66666666666667,6.16666666666667,0,0
2026-09-24T03:19:15.000Z,2026-09-24T03:21:05.000Z,110,2.66666666666667,4.5,0,0
2026-09-24T03:21:55.000Z,2026-09-24T03:22:05.000Z,10,0.833333333333333,2.66666666666667,0,0
2026-09-24T03:25:45.000Z,2026-09-24T03:27:05.000Z,80,3.66666666666667,3.83333333333333,0,0
2026-09-24T03:31:55.000Z,2026-09-24T03:33:35.000Z,100,4.83333333333333,6.16666666666667,0,0
2026-09-24T03:36:15.000Z,2026-09-24T03:38:05.000Z,110,2.66666666666667,4.33333333333333,0,0
2026-09-24T03:38:25.000Z,2026-09-24T03:39:45.000Z,80,0.333333333333333,2.16666666666667,0,0
2026-09-24T03:42:45.000Z,2026-09-24T03:44:15.000Z,90,3,4.33333333333333,0,0
2026-09-24T03:49:05.000Z,2026-09-24T03:50:35.000Z,90,4.83333333333333,6.33333333333333,0,0
2026-09-24T03:53:25.000Z,2026-09-24T03:55:05.000Z,100,2.83333333333333,4.33333333333333,0,0
2026-09-24T03:55:25.000Z,2026-09-24T03:57:05.000Z,100,0.333333333333333,2,0,0
2026-09-24T03:59:55.000Z,2026-09-24T04:01:25.000Z,90,2.83333333333333,4.5,0,0
2026-09-24T04:06:15.000Z,2026-09-24T04:07:45.000Z,90,4.83333333333333,6.33333333333333,0,0
2026-09-24T04:10:45.000Z,2026-09-24T04:11:55.000Z,70,3,4.5,0,0
2026-09-24T04:12:25.000Z,2026-09-24T04:14:15.000Z,110,0.5,1.66666666666667,0,0
2026-09-24T04:16:55.000Z,2026-09-24T04:18:35.000Z,100,2.66666666666667,4.5,0,0
2026-09-24T04:23:25.000Z,2026-09-24T04:24:45.000Z,80,4.83333333333333,6.5,0,0
2026-09-24T04:29:25.000Z,2026-09-24T04:31:15.000Z,110,4.66666666666667,6,0,0
2026-09-24T04:33:55.000Z,2026-09-24T04:35:45.000Z,110,2.66666666666667,4.5,0,0
2026-09-24T04:40:25.000Z,2026-09-24T04:41:55.000Z,90,4.66666666666667,6.5,0,0
2026-09-24T04:46:35.000Z,2026-09-24T04:48:25.000Z,110,4.66666666666667,6.16666666666667,0,0
2026-09-24T04:51:05.000Z,2026-09-24T04:52:55.000Z,110,2.66666666666667,4.5,0,0
2026-09-24T04:53:15.000Z,2026-09-24T04:54:35.000Z,80,0.333333333333333,2.16666666666667,0,0
2026-09-24T04:57:35.000Z,2026-09-24T04:59:05.000Z,90,3,4.33333333333333,0,0
2026-09-24T05:03:45.000Z,2026-09-24T05:05:25.000Z,100,4.66666666666667,6.16666666666667,0,0
2026-09-24T05:08:15.000Z,2026-09-24T05:09:55.000Z,100,2.83333333333333,4.5,0,0
2026-09-24T05:10:05.000Z,2026-09-24T05:11:45.000Z,100,0.166666666666667,1.83333333333333,0,0
2026-09-24T05:14:35.000Z,2026-09-24T05:16:15.000Z,100,2.83333333333333,4.5,0,0
2026-09-24T05:20:55.000Z,2026-09-24T05:22:25.000Z,90,4.66666666666667,6.33333333333333,0,0
2026-09-24T05:25:35.000Z,2026-09-24T05:26:45.000Z,70,3.16666666666667,4.66666666666667,0,0
2026-09-24T05:27:05.000Z,2026-09-24T05:28:55.000Z,110,0.333333333333333,1.5,0,0
2026-09-24T05:31:45.000Z,2026-09-24T05:33:25.000Z,100,2.83333333333333,4.66666666666667,0,0
2026-09-24T05:38:05.000Z,2026-09-24T05:39:35.000Z,90,4.66666666666667,6.33333333333333,0,0
2026-09-24T05:44:15.000Z,2026-09-24T05:46:05.000Z,110,4.66666666666667,6.16666666666667,0,0
2026-09-24T05:48:45.000Z,2026-09-24T05:50:35.000Z,110,2.66666666666667,4.5,0,0
2026-09-24T05:55:15.000Z,2026-09-24T05:56:45.000Z,90,4.66666666666667,6.5,0,0
2026-09-24T06:01:25.000Z,2026-09-24T06:03:05.000Z,100,4.66666666666667,6.16666666666667,0,0
2026-09-24T06:05:55.000Z,2026-09-24T06:07:35.000Z,100,2.83333333333333,4.5,0,0
2026-09-24T06:08:05.000Z,2026-09-24T06:09:15.000Z,70,0.5,2.16666666666667,0,0
2026-09-24T06:12:25.000Z,2026-09-24T06:13:45.000Z,80,3.16666666666667,4.33333333333333,0,0
2026-09-24T06:18:35.000Z,2026-09-24T06:20:15.000Z,100,4.83333333333333,6.16666666666667,0,0
2026-09-24T06:22:55.000Z,2026-09-24T06:24:45.000Z,110,2.66666666666667,4.33333333333333,0,0
2026-09-24T06:24:55.000Z,2026-09-24T06:26:35.000Z,100,0.166666666666667,2,0,0
2026-09-24T06:29:25.000Z,2026-09-24T06:30:55.000Z,90,2.83333333333333,4.5,0,0
2026-09-24T06:35:45.000Z,2026-09-24T06:37:15.000Z,90,4.83333333333333,6.33333333333333,0,0
2026-09-24T06:40:15.000Z,2026-09-24T06:41:35.000Z,80,3,4.5,0,0
2026-09-24T06:41:55.000Z,2026-09-24T06:43:45.000Z,110,0.333333333333333,1.66666666666667,0,0
2026-09-24T06:46:25.000Z,2026-09-24T06:48:05.000Z,100,2.66666666666667,4.5,0,0
2026-09-24T06:52:55.000Z,2026-09-24T06:54:15.000Z,80,4.83333333333333,6.5,0,0
2026-09-24T06:57:45.000Z,2026-09-24T06:58:15.000Z,30,3.5,4.83333333333333,0,0
2026-09-24T06:59:05.000Z,2026-09-24T07:00:45.000Z,100,0.833333333333333,1.33333333333333,0,0
2026-09-24T07:03:35.000Z,2026-09-24T07:05:15.000Z,100,2.83333333333333,4.5,0,0
2026-09-24T07:10:05.000Z,2026-09-24T07:11:25.000Z,80,4.83333333333333,6.5,0,0
2026-09-24T07:16:05.000Z,2026-09-24T07:17:55.000Z,110,4.66666666666667,6,0,0
2026-09-24T07:20:35.000Z,2026-09-24T07:22:25.000Z,110,2.66666666666667,4.5,0,0
2026-09-24T07:22:55.000Z,2026-09-24T07:23:55.000Z,60,0.5,2.33333333333333,0,0
2026-09-24T07:27:05.000Z,2026-09-24T07:28:35.000Z,90,3.16666666666667,4.16666666666667,0,0
2026-09-24T07:33:15.000Z,2026-09-24T07:34:55.000Z,100,4.66666666666667,6.16666666666667,0,0
2026-09-24T07:37:45.000Z,2026-09-24T07:39:25.000Z,100,2.83333333333333,4.5,0,0
2026-09-24T07:39:45.000Z,2026-09-24T07:41:15.000Z,90,0.333333333333333,2,0,0
2026-09-24T07:44:15.000Z,2026-09-24T07:45:45.000Z,90,3,4.5,0,0
2026-09-24T07:50:25.000Z,2026-09-24T07:52:05.000Z,100,4.66666666666667,6.16666666666667,0,0
2026-09-24T07:54:55.000Z,2026-09-24T07:56:25.000Z,90,2.83333333333333,4.5,0,0
2026-09-24T07:56:45.000Z,2026-09-24T07:58:25.000Z,100,0.333333333333333,1.83333333333333,0,0
2026-09-24T08:01:15.000Z,2026-09-24T08:02:55.000Z,100,2.83333333333333,4.5,0,0
2026-09-24T08:07:35.000Z,2026-09-24T08:09:05.000Z,90,4.66666666666667,6.33333333333333,0,0
2026-09-24T08:12:25.000Z,2026-09-24T08:13:15.000Z,50,3.33333333333333,4.83333333333333,0,0
2026-09-24T08:13:45.000Z,2026-09-24T08:15:35.000Z,110,0.5,1.33333333333333,0,0
2026-09-24T08:18:15.000Z,2026-09-24T08:20:05.000Z,110,2.66666666666667,4.5,0,0
2026-09-24T08:24:45.000Z,2026-09-24T08:26:15.000Z,90,4.66666666666667,6.5,0,0
2026-09-24T08:30:55.000Z,2026-09-24T08:32:45.000Z,110,4.66666666666667,6.16666666666667,0,0
2026-09-24T08:35:25.000Z,2026-09-24T08:37:15.000Z,110,2.66666666666667,4.5,0,0
2026-09-24T08:37:55.000Z,2026-09-24T08:38:35.000Z,40,0.666666666666667,2.5,0,0
2026-09-24T08:41:55.000Z,2026-09-24T08:43:25.000Z,90,3.33333333333333,4,0,0
2026-09-24T08:48:05.000Z,2026-09-24T08:49:45.000Z,100,4.66666666666667,6.16666666666667,0,0
2026-09-24T08:52:35.000Z,2026-09-24T08:54:15.000Z,100,2.83333333333333,4.5,0,0
2026-09-24T08:54:35.000Z,2026-09-24T08:55:55.000Z,80,0.333333333333333,2,0,0
2026-09-24T08:58:55.000Z,2026-09-24T09:00:25.000Z,90,3,4.33333333333333,0,0
2026-09-24T09:05:15.000Z,2026-09-24T09:06:45.000Z,90,4.83333333333333,6.33333333333333,0,0
2026-09-24T09:09:45.000Z,2026-09-24T09:11:15.000Z,90,3,4.5,0,0
2026-09-24T09:11:35.000Z,2026-09-24T09:13:15.000Z,100,0.333333333333333,1.83333333333333,0,0
2026-09-24T09:16:05.000Z,2026-09-24T09:17:35.000Z,90,2.83333333333333,4.5,0,0
2026-09-24T09:22:25.000Z,2026-09-24T09:23:55.000Z,90,4.83333333333333,6.33333333333333,0,0
2026-09-24T09:27:05.000Z,2026-09-24T09:28:05.000Z,60,3.16666666666667,4.66666666666667,0,0
2026-09-24T09:28:35.000Z,2026-09-24T09:30:25.000Z,110,0.5,1.5,0,0
2026-09-24T09:33:05.000Z,2026-09-24T09:34:45.000Z,100,2.66666666666667,4.5,0,0
2026-09-24T09:39:35.000Z,2026-09-24T09:40:55.000Z,80,4.83333333333333,6.5,0,0
2026-09-24T09:45:35.000Z,2026-09-24T09:47:25.000Z,110,4.66666666666667,6,0,0
2026-09-24T09:50:05.000Z,2026-09-24T09:51:55.000Z,110,2.66666666666667,4.5,0,0
2026-09-24T09:56:35.000Z,2026-09-24T09:58:05.000Z,90,4.66666666666667,6.5,0,0
2026-09-24T10:02:45.000Z,2026-09-24T10:04:35.000Z,110,4.66666666666667,6.16666666666667,0,0
2026-09-24T10:07:15.000Z,2026-09-24T10:09:05.000Z,110,2.66666666666667,4.5,0,0
2026-09-24T10:09:25.000Z,2026-09-24T10:10:45.000Z,80,0.333333333333333,2.16666666666667,0,0
2026-09-24T10:13:45.000Z,2026-09-24T10:15:15.000Z,90,3,4.33333333333333,0,0
2026-09-24T10:19:55.000Z,2026-09-24T10:21:35.000Z,100,4.66666666666667,6.16666666666667,0,0
2026-09-24T10:24:25.000Z,2026-09-24T10:26:05.000Z,100,2.83333333333333,4.5,0,0
2026-09-24T10:26:15.000Z,2026-09-24T10:27:55.000Z,100,0.166666666666667,1.83333333333333,0,0
2026-09-24T10:30:45.000Z,2026-09-24T10:32:25.000Z,100,2.83333333333333,4.5,0,0
2026-09-24T10:37:05.000Z,2026-09-24T10:38:35.000Z,90,4.66666666666667,6.33333333333333,0,0
2026-09-24T10:41:45.000Z,2026-09-24T10:42:55.000Z,70,3.16666666666667,4.66666666666667,0,0
2026-09-24T10:43:15.000Z,2026-09-24T10:45:05.000Z,110,0.333333333333333,1.5,0,0
2026-09-24T10:47:55.000Z,2026-09-24T10:49:35.000Z,100,2.83333333333333,4.66666666666667,0,0
2026-09-24T10:54:15.000Z,2026-09-24T10:55:45.000Z,90,4.66666666666667,6.33333333333333,0,0
2026-09-24T11:00:25.000Z,2026-09-24T11:02:15.000Z,110,4.66666666666667,6.16666666666667,0,0
2026-09-24T11:04:55.000Z,2026-09-24T11:06:45.000Z,110,2.66666666666667,4.5,0,0
2026-09-24T11:11:25.000Z,2026-09-24T11:12:55.000Z,90,4.66666666666667,6.5,0,0
2026-09-24T11:17:35.000Z,2026-09-24T11:19:15.000Z,100,4.66666666666667,6.16666666666667,0,0
2026-09-24T11:22:05.000Z,2026-09-24T11:23:45.000Z,100,2.83333333333333,4.5,0,0
2026-09-24T11:24:15.000Z,2026-09-24T11:25:25.000Z,70,0.5,2.16666666666667,0,0
2026-09-24T11:28:35.000Z,2026-09-24T11:30:05.000Z,90,3.16666666666667,4.33333333333333,0,0
2026-09-24T11:34:45.000Z,2026-09-24T11:36:25.000Z,100,4.66666666666667,6.16666666666667,0,0
2026-09-24T11:39:15.000Z,2026-09-24T11:40:55.000Z,100,2.83333333333333,4.5,0,0
2026-09-24T11:41:05.000Z,2026-09-24T11:42:45.000Z,100,0.166666666666667,1.83333333333333,0,0
2026-09-24T11:45:35.000Z,2026-09-24T11:47:15.000Z,100,2.83333333333333,4.5,0,0
2026-09-24T11:51:55.000Z,2026-09-24T11:53:25.000Z,90,4.66666666666667,6.33333333333333,0,0
2026-09-24T11:56:25.000Z,2026-09-24T11:57:45.000Z,80,3,4.5,0,0
2026-09-24T11:58:05.000Z,2026-09-24T11:59:55.000Z,110,0.333333333333333,1.66666666666667,0,0
2026-09-24T12:02:35.000Z,2026-09-24T12:04:15.000Z,100,2.66666666666667,4.5,0,0
2026-09-24T12:09:05.000Z,2026-09-24T12:10:35.000Z,90,4.83333333333333,6.5,0,0
2026-09-24T12:15:15.000Z,2026-09-24T12:16:55.000Z,100,4.66666666666667,6.16666666666667,0,0
2026-09-24T12:19:45.000Z,2026-09-24T12:21:25.000Z,100,2.83333333333333,4.5,0,0
2026-09-24T12:26:15.000Z,2026-09-24T12:27:35.000Z,80,4.83333333333333,6.5,0,0
2026-09-24T12:32:15.000Z,2026-09-24T12:34:05.000Z,110,4.66666666666667,6,0,0
2026-09-24T12:36:45.000Z,2026-09-24T12:38:35.000Z,110,2.66666666666667,4.5,0,0
2026-09-24T12:39:05.000Z,2026-09-24T12:40:05.000Z,60,0.5,2.33333333333333,0,0
2026-09-24T12:43:15.000Z,2026-09-24T12:44:45.000Z,90,3.16666666666667,4.16666666666667,0,0
2026-09-24T12:49:25.000Z,2026-09-24T12:51:05.000Z,100,4.66666666666667,6.16666666666667,0,0
2026-09-24T12:53:55.000Z,2026-09-24T12:55:35.000Z,100,2.83333333333333,4.5,0,0
2026-09-24T12:55:55.000Z,2026-09-24T12:57:25.000Z,90,0.333333333333333,2,0,0
2026-09-24T13:00:25.000Z,2026-09-24T13:01:55.000Z,90,3,4.5,0,0
2026-09-24T13:06:35.000Z,2026-09-24T13:08:15.000Z,100,4.66666666666667,6.16666666666667,0,0
2026-09-24T13:11:05.000Z,2026-09-24T13:12:35.000Z,90,2.83333333333333,4.5,0,0
2026-09-24T13:12:55.000Z,2026-09-24T13:14:35.000Z,100,0.333333333333333,1.83333333333333,0,0
2026-09-24T13:17:25.000Z,2026-09-24T13:19:05.000Z,100,2.83333333333333,4.5,0,0
2026-09-24T13:23:45.000Z,2026-09-24T13:25:15.000Z,90,4.66666666666667,6.33333333333333,0,0
2026-09-24T13:28:35.000Z,2026-09-24T13:29:15.000Z,40,3.33333333333333,4.83333333333333,0,0
2026-09-24T13:29:55.000Z,2026-09-24T13:31:45.000Z,110,0.666666666666667,1.33333333333333,0,0
2026-09-24T13:34:25.000Z,2026-09-24T13:36:15.000Z,110,2.66666666666667,4.5,0,0
2026-09-24T13:40:55.000Z,2026-09-24T13:42:25.000Z,90,4.66666666666667,6.5,0,0
2026-09-24T13:47:05.000Z,2026-09-24T13:48:55.000Z,110,4.66666666666667,6.16666666666667,0,0
2026-09-24T13:51:35.000Z,2026-09-24T13:53:25.000Z,110,2.66666666666667,4.5,0,0
2026-09-24T13:53:55.000Z,2026-09-24T13:54:45.000Z,50,0.5,2.33333333333333,0,0
2026-09-24T13:58:05.000Z,2026-09-24T13:59:35.000Z,90,3.33333333333333,4.16666666666667,0,0
2026-09-24T14:04:15.000Z,2026-09-24T14:05:55.000Z,100,4.66666666666667,6.16666666666667,0,0
2026-09-24T14:08:45.000Z,2026-09-24T14:10:25.000Z,100,2.83333333333333,4.5,0,0
2026-09-24T14:10:45.000Z,2026-09-24T14:12:15.000Z,90,0.333333333333333,2,0,0
2026-09-24T14:15:05.000Z,2026-09-24T14:16:45.000Z,100,2.83333333333333,4.33333333333333,0,0
2026-09-24T14:21:25.000Z,2026-09-24T14:22:55.000Z,90,4.66666666666667,6.33333333333333,0,0
2026-09-24T14:25:55.000Z,2026-09-24T14:27:25.000Z,90,3,4.5,0,0
2026-09-24T14:27:35.000Z,2026-09-24T14:29:25.000Z,110,0.166666666666667,1.66666666666667,0,0
2026-09-24T14:32:15.000Z,2026-09-24T14:33:55.000Z,100,2.83333333333333,4.66666666666667,0,0
2026-09-24T14:38:35.000Z,2026-09-24T14:40:05.000Z,90,4.66666666666667,6.33333333333333,0,0
2026-09-24T14:43:15.000Z,2026-09-24T14:44:05.000Z,50,3.16666666666667,4.66666666666667,0,0
2026-09-24T14:44:45.000Z,2026-09-24T14:46:35.000Z,110,0.666666666666667,1.5,0,0
2026-09-24T14:49:15.000Z,2026-09-24T14:50:55.000Z,100,2.66666666666667,4.5,0,0
2026-09-24T14:55:45.000Z,2026-09-24T14:57:05.000Z,80,4.83333333333333,6.5,0,0
2026-09-24T15:01:55.000Z,2026-09-24T15:03:35.000Z,100,4.83333333333333,6.16666666666667,0,0
2026-09-24T15:06:15.000Z,2026-09-24T15:08:05.000Z,110,2.66666666666667,4.33333333333333,0,0
2026-09-24T15:08:55.000Z,2026-09-24T15:09:25.000Z,30,0.833333333333333,2.66666666666667,0,0
2026-09-24T15:12:45.000Z,2026-09-24T15:14:15.000Z,90,3.33333333333333,3.83333333333333,0,0
2026-09-24T15:18:55.000Z,2026-09-24T15:20:45.000Z,110,4.66666666666667,6.16666666666667,0,0
2026-09-24T15:23:25.000Z,2026-09-24T15:25:15.000Z,110,2.66666666666667,4.5,0,0
2026-09-24T15:25:35.000Z,2026-09-24T15:26:55.000Z,80,0.333333333333333,2.16666666666667,0,0
2026-09-24T15:29:55.000Z,2026-09-24T15:31:25.000Z,90,3,4.33333333333333,0,0
2026-09-24T15:36:05.000Z,2026-09-24T15:37:45.000Z,100,4.66666666666667,6.16666666666667,0,0
2026-09-24T15:40:35.000Z,2026-09-24T15:42:15.000Z,100,2.83333333333333,4.5,0,0
2026-09-24T15:42:25.000Z,2026-09-24T15:44:05.000Z,100,0.166666666666667,1.83333333333333,0,0
2026-09-24T15:46:55.000Z,2026-09-24T15:48:35.000Z,100,2.83333333333333,4.5,0,0
2026-09-24T15:53:15.000Z,2026-09-24T15:54:45.000Z,90,4.66666666666667,6.33333333333333,0,0
2026-09-24T15:57:55.000Z,2026-09-24T15:59:05.000Z,70,3.16666666666667,4.66666666666667,0,0
2026-09-24T15:59:25.000Z,2026-09-24T16:01:15.000Z,110,0.333333333333333,1.5,0,0
2026-09-24T16:04:05.000Z,2026-09-24T16:05:45.000Z,100,2.83333333333333,4.66666666666667,0,0
2026-09-24T16:10:25.000Z,2026-09-24T16:11:55.000Z,90,4.66666666666667,6.33333333333333,0,0
2026-09-24T16:16:35.000Z,2026-09-24T16:18:25.000Z,110,4.66666666666667,6.16666666666667,0,0
2026-09-24T16:21:05.000Z,2026-09-24T16:22:55.000Z,110,2.66666666666667,4.5,0,0
2026-09-24T16:27:35.000Z,2026-09-24T16:29:05.000Z,90,4.66666666666667,6.5,0,0
2026-09-24T16:33:45.000Z,2026-09-24T16:35:25.000Z,100,4.66666666666667,6.16666666666667,0,0
2026-09-24T16:38:15.000Z,2026-09-24T16:39:55.000Z,100,2.83333333333333,4.5,0,0
2026-09-24T16:40:25.000Z,2026-09-24T16:41:35.000Z,70,0.5,2.16666666666667,0,0
2026-09-24T16:44:45.000Z,2026-09-24T16:46:15.000Z,90,3.16666666666667,4.33333333333333,0,0
2026-09-24T16:50:55.000Z,2026-09-24T16:52:35.000Z,100,4.66666666666667,6.16666666666667,0,0
2026-09-24T16:55:25.000Z,2026-09-24T16:56:55.000Z,90,2.83333333333333,4.5,0,0
2026-09-24T16:57:15.000Z,2026-09-24T16:58:55.000Z,100,0.333333333333333,1.83333333333333,0,0
2026-09-24T17:01:45.000Z,2026-09-24T17:03:25.000Z,100,2.83333333333333,4.5,0,0
2026-09-24T17:08:05.000Z,2026-09-24T17:09:35.000Z,90,4.66666666666667,6.33333333333333,0,0
2026-09-24T17:12:35.000Z,2026-09-24T17:13:55.000Z,80,3,4.5,0,0
2026-09-24T17:14:15.000Z,2026-09-24T17:16:05.000Z,110,0.333333333333333,1.66666666666667,0,0
2026-09-24T17:18:45.000Z,2026-09-24T17:20:35.000Z,110,2.66666666666667,4.5,0,0
2026-09-24T17:25:15.000Z,2026-09-24T17:26:45.000Z,90,4.66666666666667,6.5,0,0
2026-09-24T17:31:25.000Z,2026-09-24T17:33:05.000Z,100,4.66666666666667,6.16666666666667,0,0
2026-09-24T17:35:55.000Z,2026-09-24T17:37:35.000Z,100,2.83333333333333,4.5,0,0
2026-09-24T17:42:25.000Z,2026-09-24T17:43:45.000Z,80,4.83333333333333,6.5,0,0
2026-09-24T17:48:35.000Z,2026-09-24T17:50:15.000Z,100,4.83333333333333,6.16666666666667,0,0
2026-09-24T17:52:55.000Z,2026-09-24T17:54:45.000Z,110,2.66666666666667,4.33333333333333,0,0
2026-09-24T17:55:15.000Z,2026-09-24T17:56:25.000Z,70,0.5,2.33333333333333,0,0
2026-09-24T17:59:25.000Z,2026-09-24T18:00:55.000Z,90,3,4.16666666666667,0,0
2026-09-24T18:05:35.000Z,2026-09-24T18:07:15.000Z,100,4.66666666666667,6.16666666666667,0,0
2026-09-24T18:10:05.000Z,2026-09-24T18:11:45.000Z,100,2.83333333333333,4.5,0,0
2026-09-24T18:12:05.000Z,2026-09-24T18:13:35.000Z,90,0.333333333333333,2,0,0
2026-09-24T18:16:35.000Z,2026-09-24T18:18:05.000Z,90,3,4.5,0,0
2026-09-24T18:22:45.000Z,2026-09-24T18:24:25.000Z,100,4.66666666666667,6.16666666666667,0,0
2026-09-24T18:27:25.000Z,2026-09-24T18:28:45.000Z,80,3,4.66666666666667,0,0
2026-09-24T18:29:05.000Z,2026-09-24T18:30:45.000Z,100,0.333333333333333,1.66666666666667,0,0
2026-09-24T18:33:35.000Z,2026-09-24T18:35:15.000Z,100,2.83333333333333,4.5,0,0
2026-09-24T18:39:55.000Z,2026-09-24T18:41:25.000Z,90,4.66666666666667,6.33333333333333,0,0
2026-09-24T18:44:55.000Z,2026-09-24T18:45:15.000Z,20,3.5,5,0,0
2026-09-24T18:46:05.000Z,2026-09-24T18:47:55.000Z,110,0.833333333333333,1.16666666666667,0,0
2026-09-24T18:50:35.000Z,2026-09-24T18:52:25.000Z,110,2.66666666666667,4.5,0,0
2026-09-24T18:57:05.000Z,2026-09-24T18:58:35.000Z,90,4.66666666666667,6.5,0,0
2026-09-24T19:03:15.000Z,2026-09-24T19:05:05.000Z,110,4.66666666666667,6.16666666666667,0,0
2026-09-24T19:07:45.000Z,2026-09-24T19:09:35.000Z,110,2.66666666666667,4.5,0,0
2026-09-24T19:10:05.000Z,2026-09-24T19:11:05.000Z,60,0.5,2.33333333333333,0,0
2026-09-24T19:14:15.000Z,2026-09-24T19:15:45.000Z,90,3.16666666666667,4.16666666666667,0,0
2026-09-24T19:20:25.000Z,2026-09-24T19:22:05.000Z,100,4.66666666666667,6.16666666666667,0,0
2026-09-24T19:24:55.000Z,2026-09-24T19:26:35.000Z,100,2.83333333333333,4.5,0,0
2026-09-24T19:26:55.000Z,2026-09-24T19:28:25.000Z,90,0.333333333333333,2,0,0
2026-09-24T19:31:15.000Z,2026-09-24T19:32:55.000Z,100,2.83333333333333,4.33333333333333,0,0
2026-09-24T19:37:35.000Z,2026-09-24T19:39:05.000Z,90,4.66666666666667,6.33333333333333,0,0
2026-09-24T19:42:05.000Z,2026-09-24T19:43:35.000Z,90,3,4.5,0,0
2026-09-24T19:43:45.000Z,2026-09-24T19:45:35.000Z,110,0.166666666666667,1.66666666666667,0,0
2026-09-24T19:48:25.000Z,2026-09-24T19:50:05.000Z,100,2.83333333333333,4.66666666666667,0,0
2026-09-24T19:54:45.000Z,2026-09-24T19:56:15.000Z,90,4.66666666666667,6.33333333333333,0,0
2026-09-24T19:59:35.000Z,2026-09-24T20:00:15.000Z,40,3.33333333333333,4.83333333333333,0,0
2026-09-24T20:00:55.000Z,2026-09-24T20:02:45.000Z,110,0.666666666666667,1.33333333333333,0,0
2026-09-24T20:05:25.000Z,2026-09-24T20:07:15.000Z,110,2.66666666666667,4.5,0,0
2026-09-24T20:11:55.000Z,2026-09-24T20:13:15.000Z,80,4.66666666666667,6.5,0,0
2026-09-24T20:18:05.000Z,2026-09-24T20:19:45.000Z,100,4.83333333333333,6.16666666666667,0,0
2026-09-24T20:22:25.000Z,2026-09-24T20:24:15.000Z,110,2.66666666666667,4.33333333333333,0,0
2026-09-24T20:24:55.000Z,2026-09-24T20:25:45.000Z,50,0.666666666666667,2.5,0,0
2026-09-24T20:28:55.000Z,2026-09-24T20:30:25.000Z,90,3.16666666666667,4,0,0
2026-09-24T20:35:15.000Z,2026-09-24T20:36:55.000Z,100,4.83333333333333,6.33333333333333,0,0
2026-09-24T20:39:35.000Z,2026-09-24T20:41:25.000Z,110,2.66666666666667,4.33333333333333,0,0
2026-09-24T20:41:35.000Z,2026-09-24T20:43:05.000Z,90,0.166666666666667,2,0,0
2026-09-24T20:46:05.000Z,2026-09-24T20:47:35.000Z,90,3,4.5,0,0
2026-09-24T20:52:25.000Z,2026-09-24T20:53:55.000Z,90,4.83333333333333,6.33333333333333,0,0
2026-09-24T20:56:45.000Z,2026-09-24T20:58:25.000Z,100,2.83333333333333,4.33333333333333,0,0
2026-09-24T20:58:35.000Z,2026-09-24T21:00:15.000Z,100,0.166666666666667,1.83333333333333,0,0
2026-09-24T21:03:05.000Z,2026-09-24T21:04:45.000Z,100,2.83333333333333,4.5,0,0
2026-09-24T21:09:25.000Z,2026-09-24T21:10:55.000Z,90,4.66666666666667,6.33333333333333,0,0
2026-09-24T21:14:05.000Z,2026-09-24T21:15:05.000Z,60,3.16666666666667,4.66666666666667,0,0
2026-09-24T21:15:35.000Z,2026-09-24T21:17:25.000Z,110,0.5,1.5,0,0
2026-09-24T21:20:15.000Z,2026-09-24T21:21:55.000Z,100,2.83333333333333,4.66666666666667,0,0
2026-09-24T21:26:35.000Z,2026-09-24T21:28:05.000Z,90,4.66666666666667,6.33333333333333,0,0
2026-09-24T21:32:45.000Z,2026-09-24T21:34:35.000Z,110,4.66666666666667,6.16666666666667,0,0
2026-09-24T21:37:15.000Z,2026-09-24T21:39:05.000Z,110,2.66666666666667,4.5,0,0
2026-09-24T21:39:55.000Z,2026-09-24T21:40:15.000Z,20,0.833333333333333,2.66666666666667,0,0
2026-09-24T21:43:45.000Z,2026-09-24T21:45:15.000Z,90,3.5,3.83333333333333,0,0
2026-09-24T21:49:55.000Z,2026-09-24T21:51:35.000Z,100,4.66666666666667,6.16666666666667,0,0
2026-09-24T21:54:25.000Z,2026-09-24T21:56:05.000Z,100,2.83333333333333,4.5,0,0
2026-09-24T21:56:25.000Z,2026-09-24T21:57:55.000Z,90,0.333333333333333,2,0,0
2026-09-24T22:00:55.000Z,2026-09-24T22:02:25.000Z,90,3,4.5,0,0
2026-09-24T22:07:05.000Z,2026-09-24T22:08:45.000Z,100,4.66666666666667,6.16666666666667,0,0
2026-09-24T22:11:35.000Z,2026-09-24T22:13:05.000Z,90,2.83333333333333,4.5,0,0
2026-09-24T22:13:25.000Z,2026-09-24T22:15:05.000Z,100,0.333333333333333,1.83333333333333,0,0
2026-09-24T22:17:55.000Z,2026-09-24T22:19:35.000Z,100,2.83333333333333,4.5,0,0
2026-09-24T22:24:15.000Z,2026-09-24T22:25:45.000Z,90,4.66666666666667,6.33333333333333,0,0
2026-09-24T22:28:55.000Z,2026-09-24T22:29:55.000Z,60,3.16666666666667,4.66666666666667,0,0
2026-09-24T22:30:25.000Z,2026-09-24T22:32:15.000Z,110,0.5,1.5,0,0
2026-09-24T22:34:55.000Z,2026-09-24T22:36:45.000Z,110,2.66666666666667,4.5,0,0
2026-09-24T22:41:25.000Z,2026-09-24T22:42:55.000Z,90,4.66666666666667,6.5,0,0
2026-09-24T22:47:35.000Z,2026-09-24T22:49:15.000Z,100,4.66666666666667,6.16666666666667,0,0
2026-09-24T22:52:05.000Z,2026-09-24T22:53:45.000Z,100,2.83333333333333,4.5,0,0
2026-09-24T22:58:35.000Z,2026-09-24T22:59:55.000Z,80,4.83333333333333,6.5,0,0
2026-09-24T23:04:45.000Z,2026-09-24T23:06:25.000Z,100,4.83333333333333,6.16666666666667,0,0
2026-09-24T23:09:05.000Z,2026-09-24T23:10:55.000Z,110,2.66666666666667,4.33333333333333,0,0
2026-09-24T23:11:15.000Z,2026-09-24T23:12:35.000Z,80,0.333333333333333,2.16666666666667,0,0
2026-09-24T23:15:35.000Z,2026-09-24T23:17:05.000Z,90,3,4.33333333333333,0,0
2026-09-24T23:21:55.000Z,2026-09-24T23:23:25.000Z,90,4.83333333333333,6.33333333333333,0,0
2026-09-24T23:26:15.000Z,2026-09-24T23:27:55.000Z,100,2.83333333333333,4.33333333333333,0,0
2026-09-24T23:28:15.000Z,2026-09-24T23:29:55.000Z,100,0.333333333333333,2,0,0
2026-09-24T23:32:45.000Z,2026-09-24T23:34:15.000Z,90,2.83333333333333,4.5,0,0
2026-09-24T23:39:05.000Z,2026-09-24T23:40:35.000Z,90,4.83333333333333,6.33333333333333,0,0
2026-09-24T23:43:35.000Z,2026-09-24T23:44:55.000Z,80,3,4.5,0,0
2026-09-24T23:45:15.000Z,2026-09-24T23:46:55.000Z,100,0.333333333333333,1.66666666666667,0,0
2026-09-24T23:49:45.000Z,2026-09-24T23:51:25.000Z,100,2.83333333333333,4.5,0,0
2026-09-24T23:56:05.000Z,2026-09-24T23:57:35.000Z,90,4.66666666666667,6.33333333333333,0,0
