start_utc,end_utc,duration_s,gap_from_previous_min,start_interval_min,left_censored,right_censored
2026-09-18T00:00:00.000Z,2026-09-18T00:00:25.000Z,25,NaN,NaN,1,0
2026-09-18T00:10:05.000Z,2026-09-18T00:10:45.000Z,40,9.66666666666667,NaN,0,0
2026-09-18T00:14:05.000Z,2026-09-18T00:17:35.000Z,210,3.33333333333333,4,0,0
2026-09-18T00:21:05.000Z,2026-09-18T00:21:25.000Z,20,3.5,7,0,0
2026-09-18T00:31:15.000Z,2026-09-18T00:34:35.000Z,200,9.83333333333333,10.1666666666667,0,0
2026-09-18T00:37:55.000Z,2026-09-18T00:38:55.000Z,60,3.33333333333333,6.66666666666667,0,0
2026-09-18T00:48:25.000Z,2026-09-18T00:49:55.000Z,90,9.5,10.5,0,0
2026-09-18T00:50:05.000Z,2026-09-18T00:51:35.000Z,90,0.166666666666667,1.66666666666667,0,0
2026-09-18T00:54:55.000Z,2026-09-18T00:56:15.000Z,80,3.33333333333333,4.83333333333333,0,0
2026-09-18T00:56:45.000Z,2026-09-18T00:57:55.000Z,70,0.5,1.83333333333333,0,0
2026-09-18T01:05:45.000Z,2026-09-18T01:06:45.000Z,60,7.83333333333333,9,0,0
2026-09-18T01:07:25.000Z,2026-09-18T01:08:35.000Z,70,0.666666666666667,1.66666666666667,0,0
2026-09-18T01:11:55.000Z,2026-09-18T01:13:25.000Z,90,3.33333333333333,4.5,0,0
2026-09-18T01:13:35.000Z,2026-09-18T01:15:15.000Z,100,0.166666666666667,1.66666666666667,0,0
2026-09-18T01:24:45.000Z,2026-09-18T01:25:35.000Z,50,9.5,11.1666666666667,0,0
2026-09-18T01:28:55.000Z,2026-09-18T01:32:25.000Z,210,3.33333333333333,4.16666666666667,0,0
2026-09-18T01:45:55.000Z,2026-09-18T01:49:25.000Z,210,13.5,17,0,0
2026-09-18T01:52:45.000Z,2026-09-18T01:53:35.000Z,50,3.33333333333333,6.83333333333333,0,0
2026-09-18T02:03:05.000Z,2026-09-18T02:04:45.000Z,100,9.5,10.3333333333333,0,0
2026-09-18T02:04:55.000Z,2026-09-18T02:06:25.000Z,90,0.166666666666667,1.83333333333333,0,0
2026-09-18T02:09:45.000Z,2026-09-18T02:10:55.000Z,70,3.33333333333333,4.83333333333333,0,0
2026-09-18T02:11:35.000Z,2026-09-18T02:12:35.000Z,60,0.666666666666667,1.83333333333333,0,0
2026-09-18T02:20:25.000Z,2026-09-18T02:21:35.000Z,70,7.83333333333333,8.83333333333333,0,0
2026-09-18T02:22:05.000Z,2026-09-18T02:23:25.000Z,80,0.5,1.66666666666667,0,0
2026-09-18T02:26:35.000Z,2026-09-18T02:29:55.000Z,200,3.16666666666667,4.5,0,0
2026-09-18T02:39:25.000Z,2026-09-18T02:40:25.000Z,60,9.5,12.8333333333333,0,0
2026-09-18T02:43:45.000Z,2026-09-18T02:47:05.000Z,200,3.33333333333333,4.33333333333333,0,0
2026-09-18T02:56:55.000Z,2026-09-18T02:57:05.000Z,10,9.83333333333333,13.1666666666667,0,0
2026-09-18T03:00:45.000Z,2026-09-18T03:04:15.000Z,210,3.66666666666667,3.83333333333333,0,0
2026-09-18T03:07:35.000Z,2026-09-18T03:08:15.000Z,40,3.33333333333333,6.83333333333333,0,0
2026-09-18T03:17:55.000Z,2026-09-18T03:21:15.000Z,200,9.66666666666667,10.3333333333333,0,0
2026-09-18T03:24:25.000Z,2026-09-18T03:25:45.000Z,80,3.16666666666667,6.5,0,0
2026-09-18T03:26:25.000Z,2026-09-18T03:27:15.000Z,50,0.666666666666667,2,0,0
2026-09-18T03:35:15.000Z,2026-09-18T03:36:25.000Z,70,8,8.83333333333333,0,0
2026-09-18T03:36:55.000Z,2026-09-18T03:38:15.000Z,80,0.5,1.66666666666667,0,0
2026-09-18T03:41:25.000Z,2026-09-18T03:42:55.000Z,90,3.16666666666667,4.5,0,0
2026-09-18T03:43:05.000Z,2026-09-18T03:44:45.000Z,100,0.166666666666667,1.66666666666667,0,0
2026-09-18T03:54:15.000Z,2026-09-18T03:55:05.000Z,50,9.5,11.1666666666667,0,0
2026-09-18T03:58:25.000Z,2026-09-18T04:01:55.000Z,210,3.33333333333333,4.16666666666667,0,0
2026-09-18T04:11:35.000Z,2026-09-18T04:11:55.000Z,20,9.66666666666667,13.1666666666667,0,0
2026-09-18T04:15:35.000Z,2026-09-18T04:18:55.000Z,200,3.66666666666667,4,0,0
2026-09-18T04:22:25.000Z,2026-09-18T04:23:05.000Z,40,3.5,6.83333333333333,0,0
2026-09-18T04:32:35.000Z,2026-09-18T04:36:05.000Z,210,9.5,10.1666666666667,0,0
2026-09-18T04:39:15.000Z,2026-09-18T04:40:25.000Z,70,3.16666666666667,6.66666666666667,0,0
2026-09-18T04:41:25.000Z,2026-09-18T04:41:45.000Z,20,1,2.16666666666667,0,0
2026-09-18T04:49:55.000Z,2026-09-18T04:51:15.000Z,80,8.16666666666667,8.5,0,0
2026-09-18T04:51:35.000Z,2026-09-18T04:53:05.000Z,90,0.333333333333333,1.66666666666667,0,0
2026-09-18T04:56:15.000Z,2026-09-18T04:57:45.000Z,90,3.16666666666667,4.66666666666667,0,0
2026-09-18T04:57:55.000Z,2026-09-18T04:59:25.000Z,90,0.166666666666667,1.66666666666667,0,0
2026-09-18T05:08:55.000Z,2026-09-18T05:09:55.000Z,60,9.5,11,0,0
2026-09-18T05:13:15.000Z,2026-09-18T05:16:35.000Z,200,3.33333333333333,4.33333333333333,0,0
2026-09-18T05:26:15.000Z,2026-09-18T05:26:45.000Z,30,9.66666666666667,13,0,0
2026-09-18T05:30:15.000Z,2026-09-18T05:33:45.000Z,210,3.5,4,0,0
2026-09-18T05:37:15.000Z,2026-09-18T05:37:45.000Z,30,3.5,7,0,0
2026-09-18T05:47:25.000Z,2026-09-18T05:50:45.000Z,200,9.66666666666667,10.1666666666667,0,0
2026-09-18T05:54:05.000Z,2026-09-18T05:55:05.000Z,60,3.33333333333333,6.66666666666667,0,0
2026-09-18T06:04:35.000Z,2026-09-18T06:06:05.000Z,90,9.5,10.5,0,0
2026-09-18T06:06:15.000Z,2026-09-18T06:07:45.000Z,90,0.166666666666667,1.66666666666667,0,0
2026-09-18T06:11:05.000Z,2026-09-18T06:12:25.000Z,80,3.33333333333333,4.83333333333333,0,0
2026-09-18T06:12:45.000Z,2026-09-18T06:14:05.000Z,80,0.333333333333333,1.66666666666667,0,0
2026-09-18T06:22:05.000Z,2026-09-18T06:22:45.000Z,40,8,9.33333333333333,0,0
2026-09-18T06:23:35.000Z,2026-09-18T06:24:45.000Z,70,0.833333333333333,1.5,0,0
2026-09-18T06:28:05.000Z,2026-09-18T06:29:35.000Z,90,3.33333333333333,4.5,0,0
2026-09-18T06:29:45.000Z,2026-09-18T06:31:25.000Z,100,0.166666666666667,1.66666666666667,0,0
2026-09-18T06:40:55.000Z,2026-09-18T06:41:35.000Z,40,9.5,11.1666666666667,0,0
2026-09-18T06:45:05.000Z,2026-09-18T06:48:35.000Z,210,3.5,4.16666666666667,0,0
2026-09-18T06:52:05.000Z,2026-09-18T06:52:25.000Z,20,3.5,7,0,0
2026-09-18T07:02:05.000Z,2026-09-18T07:05:35.000Z,210,9.66666666666667,10,0,0
2026-09-18T07:08:55.000Z,2026-09-18T07:09:45.000Z,50,3.33333333333333,6.83333333333333,0,0
2026-09-18T07:19:25.000Z,2026-09-18T07:20:55.000Z,90,9.66666666666667,10.5,0,0
2026-09-18T07:21:05.000Z,2026-09-18T07:22:35.000Z,90,0.166666666666667,1.66666666666667,0,0
2026-09-18T07:25:55.000Z,2026-09-18T07:27:05.000Z,70,3.33333333333333,4.83333333333333,0,0
2026-09-18T07:27:35.000Z,2026-09-18T07:28:45.000Z,70,0.5,1.66666666666667,0,0
2026-09-18T07:36:45.000Z,2026-09-18T07:37:45.000Z,60,8,9.16666666666667,0,0
2026-09-18T07:38:25.000Z,2026-09-18T07:39:35.000Z,70,0.666666666666667,1.66666666666667,0,0
2026-09-18T07:42:45.000Z,2026-09-18T07:46:05.000Z,200,3.16666666666667,4.33333333333333,0,0
2026-09-18T07:55:45.000Z,2026-09-18T07:56:25.000Z,40,9.66666666666667,13,0,0
2026-09-18T07:59:55.000Z,2026-09-18T08:03:15.000Z,200,3.5,4.16666666666667,0,0
2026-09-18T08:16:55.000Z,2026-09-18T08:20:25.000Z,210,13.6666666666667,17,0,0
2026-09-18T08:23:45.000Z,2026-09-18T08:24:35.000Z,50,3.33333333333333,6.83333333333333,0,0
2026-09-18T08:34:05.000Z,2026-09-18T08:37:25.000Z,200,9.5,10.3333333333333,0,0
2026-09-18T08:40:35.000Z,2026-09-18T08:41:55.000Z,80,3.16666666666667,6.5,0,0
2026-09-18T08:42:25.000Z,2026-09-18T08:43:25.000Z,60,0.5,1.83333333333333,0,0
2026-09-18T08:51:25.000Z,2026-09-18T08:52:35.000Z,70,8,9,0,0
2026-09-18T08:53:05.000Z,2026-09-18T08:54:25.000Z,80,0.5,1.66666666666667,0,0
2026-09-18T08:57:35.000Z,2026-09-18T08:59:05.000Z,90,3.16666666666667,4.5,0,0
2026-09-18T08:59:15.000Z,2026-09-18T09:00:55.000Z,100,0.166666666666667,1.66666666666667,0,0
2026-09-18T09:10:25.000Z,2026-09-18T09:11:15.000Z,50,9.5,11.1666666666667,0,0
2026-09-18T09:14:35.000Z,2026-09-18T09:18:05.000Z,210,3.33333333333333,4.16666666666667,0,0
2026-09-18T09:27:55.000Z,2026-09-18T09:28:05.000Z,10,9.83333333333333,13.3333333333333,0,0
2026-09-18T09:31:45.000Z,2026-09-18T09:35:05.000Z,200,3.66666666666667,3.83333333333333,0,0
2026-09-18T09:38:35.000Z,2026-09-18T09:39:15.000Z,40,3.5,6.83333333333333,0,0
2026-09-18T09:48:45.000Z,2026-09-18T09:52:15.000Z,210,9.5,10.1666666666667,0,0
2026-09-18T09:55:25.000Z,2026-09-18T09:56:35.000Z,70,3.16666666666667,6.66666666666667,0,0
2026-09-18T09:57:25.000Z,2026-09-18T09:58:05.000Z,40,0.833333333333333,2,0,0
2026-09-18T10:06:05.000Z,2026-09-18T10:07:25.000Z,80,8,8.66666666666667,0,0
2026-09-18T10:07:45.000Z,2026-09-18T10:09:05.000Z,80,0.333333333333333,1.66666666666667,0,0
2026-09-18T10:12:25.000Z,2026-09-18T10:13:55.000Z,90,3.33333333333333,4.66666666666667,0,0
2026-09-18T10:14:05.000Z,2026-09-18T10:15:35.000Z,90,0.166666666666667,1.66666666666667,0,0
2026-09-18T10:25:05.000Z,2026-09-18T10:26:05.000Z,60,9.5,11,0,0
2026-09-18T10:29:25.000Z,2026-09-18T10:32:45.000Z,200,3.33333333333333,4.33333333333333,0,0
2026-09-18T10:42:35.000Z,2026-09-18T10:42:55.000Z,20,9.83333333333333,13.1666666666667,0,0
2026-09-18T10:46:25.000Z,2026-09-18T10:49:55.000Z,210,3.5,3.83333333333333,0,0
2026-09-18T10:53:25.000Z,2026-09-18T10:53:55.000Z,30,3.5,7,0,0
2026-09-18T11:03:35.000Z,2026-09-18T11:06:55.000Z,200,9.66666666666667,10.1666666666667,0,0
2026-09-18T11:10:15.000Z,2026-09-18T11:11:15.000Z,60,3.33333333333333,6.66666666666667,0,0
2026-09-18T11:20:45.000Z,2026-09-18T11:22:15.000Z,90,9.5,10.5,0,0
2026-09-18T11:22:35.000Z,2026-09-18T11:23:55.000Z,80,0.333333333333333,1.83333333333333,0,0
2026-09-18T11:27:15.000Z,2026-09-18T11:28:35.000Z,80,3.33333333333333,4.66666666666667,0,0
2026-09-18T11:28:55.000Z,2026-09-18T11:30:15.000Z,80,0.333333333333333,1.66666666666667,0,0
2026-09-18T11:38:25.000Z,2026-09-18T11:38:45.000Z,20,8.16666666666667,9.5,0,0
2026-09-18T11:39:45.000Z,2026-09-18T11:40:55.000Z,70,1,1.33333333333333,0,0
2026-09-18T11:44:15.000Z,2026-09-18T11:47:35.000Z,200,3.33333333333333,4.5,0,0
2026-09-18T11:57:15.000Z,2026-09-18T11:57:45.000Z,30,9.66666666666667,13,0,0
2026-09-18T12:01:15.000Z,2026-09-18T12:04:45.000Z,210,3.5,4,0,0
2026-09-18T12:08:15.000Z,2026-09-18T12:08:35.000Z,20,3.5,7,0,0
2026-09-18T12:18:15.000Z,2026-09-18T12:21:45.000Z,210,9.66666666666667,10,0,0
2026-09-18T12:25:05.000Z,2026-09-18T12:26:05.000Z,60,3.33333333333333,6.83333333333333,0,0
2026-09-18T12:35:35.000Z,2026-09-18T12:37:05.000Z,90,9.5,10.5,0,0
2026-09-18T12:37:15.000Z,2026-09-18T12:38:45.000Z,90,0.166666666666667,1.66666666666667,0,0
2026-09-18T12:41:55.000Z,2026-09-18T12:43:25.000Z,90,3.16666666666667,4.66666666666667,0,0
2026-09-18T12:43:45.000Z,2026-09-18T12:45:05.000Z,80,0.333333333333333,1.83333333333333,0,0
2026-09-18T12:52:55.000Z,2026-09-18T12:53:45.000Z,50,7.83333333333333,9.16666666666667,0,0
2026-09-18T12:54:35.000Z,2026-09-18T12:55:45.000Z,70,0.833333333333333,1.66666666666667,0,0
2026-09-18T12:58:55.000Z,2026-09-18T13:02:15.000Z,200,3.16666666666667,4.33333333333333,0,0
2026-09-18T13:11:55.000Z,2026-09-18T13:12:35.000Z,40,9.66666666666667,13,0,0
2026-09-18T13:15:55.000Z,2026-09-18T13:19:25.000Z,210,3.33333333333333,4,0,0
2026-09-18T13:23:05.000Z,2026-09-18T13:23:15.000Z,10,3.66666666666667,7.16666666666667,0,0
2026-09-18T13:33:05.000Z,2026-09-18T13:36:35.000Z,210,9.83333333333333,10,0,0
2026-09-18T13:39:55.000Z,2026-09-18T13:40:45.000Z,50,3.33333333333333,6.83333333333333,0,0
2026-09-18T13:50:15.000Z,2026-09-18T13:53:35.000Z,200,9.5,10.3333333333333,0,0
2026-09-18T13:56:45.000Z,2026-09-18T13:58:05.000Z,80,3.16666666666667,6.5,0,0
2026-09-18T13:58:35.000Z,2026-09-18T13:59:45.000Z,70,0.5,1.83333333333333,0,0
2026-09-18T14:07:35.000Z,2026-09-18T14:08:35.000Z,60,7.83333333333333,9,0,0
2026-09-18T14:09:15.000Z,2026-09-18T14:10:35.000Z,80,0.666666666666667,1.66666666666667,0,0
2026-09-18T14:13:45.000Z,2026-09-18T14:15:15.000Z,90,3.16666666666667,4.5,0,0
2026-09-18T14:15:25.000Z,2026-09-18T14:17:05.000Z,100,0.166666666666667,1.66666666666667,0,0
2026-09-18T14:26:35.000Z,2026-09-18T14:27:25.000Z,50,9.5,11.1666666666667,0,0
2026-09-18T14:30:45.000Z,2026-09-18T14:34:15.000Z,210,3.33333333333333,4.16666666666667,0,0
2026-09-18T14:47:55.000Z,2026-09-18T14:51:15.000Z,200,13.6666666666667,17.1666666666667,0,0
2026-09-18T14:54:45.000Z,2026-09-18T14:55:25.000Z,40,3.5,6.83333333333333,0,0
2026-09-18T15:05:05.000Z,2026-09-18T15:08:15.000Z,190,9.66666666666667,10.3333333333333,0,0
2026-09-18T15:11:35.000Z,2026-09-18T15:12:45.000Z,70,3.33333333333333,6.5,0,0
2026-09-18T15:13:25.000Z,2026-09-18T15:14:25.000Z,60,0.666666666666667,1.83333333333333,0,0
2026-09-18T15:22:15.000Z,2026-09-18T15:23:35.000Z,80,7.83333333333333,8.83333333333333,0,0
2026-09-18T15:23:55.000Z,2026-09-18T15:25:15.000Z,80,0.333333333333333,1.66666666666667,0,0
2026-09-18T15:28:35.000Z,2026-09-18T15:30:05.000Z,90,3.33333333333333,4.66666666666667,0,0
2026-09-18T15:30:15.000Z,2026-09-18T15:31:45.000Z,90,0.166666666666667,1.66666666666667,0,0
2026-09-18T15:41:15.000Z,2026-09-18T15:42:15.000Z,60,9.5,11,0,0
2026-09-18T15:45:35.000Z,2026-09-18T15:48:55.000Z,200,3.33333333333333,4.33333333333333,0,0
2026-09-18T15:58:45.000Z,2026-09-18T15:59:05.000Z,20,9.83333333333333,13.1666666666667,0,0
2026-09-18T16:02:35.000Z,2026-09-18T16:06:05.000Z,210,3.5,3.83333333333333,0,0
2026-09-18T16:09:25.000Z,2026-09-18T16:10:05.000Z,40,3.33333333333333,6.83333333333333,0,0
2026-09-18T16:19:45.000Z,2026-09-18T16:23:05.000Z,200,9.66666666666667,10.3333333333333,0,0
2026-09-18T16:26:25.000Z,2026-09-18T16:27:35.000Z,70,3.33333333333333,6.66666666666667,0,0
2026-09-18T16:28:25.000Z,2026-09-18T16:29:05.000Z,40,0.833333333333333,2,0,0
2026-09-18T16:37:05.000Z,2026-09-18T16:38:25.000Z,80,8,8.66666666666667,0,0
2026-09-18T16:38:45.000Z,2026-09-18T16:40:05.000Z,80,0.333333333333333,1.66666666666667,0,0
2026-09-18T16:43:25.000Z,2026-09-18T16:44:45.000Z,80,3.33333333333333,4.66666666666667,0,0
2026-09-18T16:45:05.000Z,2026-09-18T16:46:35.000Z,90,0.333333333333333,1.66666666666667,0,0
2026-09-18T16:56:05.000Z,2026-09-18T16:57:05.000Z,60,9.5,11,0,0
2026-09-18T17:00:25.000Z,2026-09-18T17:03:45.000Z,200,3.33333333333333,4.33333333333333,0,0
2026-09-18T17:13:25.000Z,2026-09-18T17:13:55.000Z,30,9.66666666666667,13,0,0
2026-09-18T17:17:25.000Z,2026-09-18T17:20:55.000Z,210,3.5,4,0,0
2026-09-18T17:24:15.000Z,2026-09-18T17:24:55.000Z,40,3.33333333333333,6.83333333333333,0,0
2026-09-18T17:34:35.000Z,2026-09-18T17:37:55.000Z,200,9.66666666666667,10.3333333333333,0,0
2026-09-18T17:41:15.000Z,2026-09-18T17:42:15.000Z,60,3.33333333333333,6.66666666666667,0,0
2026-09-18T17:51:45.000Z,2026-09-18T17:53:15.000Z,90,9.5,10.5,0,0
2026-09-18T17:53:25.000Z,2026-09-18T17:54:55.000Z,90,0.166666666666667,1.66666666666667,0,0
2026-09-18T17:58:05.000Z,2026-09-18T17:59:35.000Z,90,3.16666666666667,4.66666666666667,0,0
2026-09-18T17:59:55.000Z,2026-09-18T18:01:15.000Z,80,0.333333333333333,1.83333333333333,0,0
2026-09-18T18:09:15.000Z,2026-09-18T18:09:45.000Z,30,8,9.33333333333333,0,0
2026-09-18T18:10:45.000Z,2026-09-18T18:11:55.000Z,70,1,1.5,0,0
2026-09-18T18:15:05.000Z,2026-09-18T18:18:25.000Z,200,3.16666666666667,4.33333333333333,0,0
2026-09-18T18:28:05.000Z,2026-09-18T18:28:45.000Z,40,9.66666666666667,13,0,0
2026-09-18T18:32:05.000Z,2026-09-18T18:35:35.000Z,210,3.33333333333333,4,0,0
2026-09-18T18:39:05.000Z,2026-09-18T18:39:35.000Z,30,3.5,7,0,0
2026-09-18T18:49:15.000Z,2026-09-18T18:52:45.000Z,210,9.66666666666667,10.1666666666667,0,0
2026-09-18T18:55:55.000Z,2026-09-18T18:56:55.000Z,60,3.16666666666667,6.66666666666667,0,0
2026-09-18T19:06:25.000Z,2026-09-18T19:08:05.000Z,100,9.5,10.5,0,0
2026-09-18T19:08:15.000Z,2026-09-18T19:09:45.000Z,90,0.166666666666667,1.83333333333333,0,0
2026-09-18T19:12:55.000Z,2026-09-18T19:14:15.000Z,80,3.16666666666667,4.66666666666667,0,0
2026-09-18T19:14:45.000Z,2026-09-18T19:15:55.000Z,70,0.5,1.83333333333333,0,0
2026-09-18T19:23:55.000Z,2026-09-18T19:24:45.000Z,50,8,9.16666666666667,0,0
2026-09-18T19:25:25.000Z,2026-09-18T19:26:35.000Z,70,0.666666666666667,1.5,0,0
2026-09-18T19:29:55.000Z,2026-09-18T19:33:15.000Z,200,3.33333333333333,4.5,0,0
2026-09-18T19:42:45.000Z,2026-09-18T19:43:35.000Z,50,9.5,12.8333333333333,0,0
2026-09-18T19:46:55.000Z,2026-09-18T19:50:25.000Z,210,3.33333333333333,4.16666666666667,0,0
2026-09-18T20:04:05.000Z,2026-09-18T20:07:25.000Z,200,13.6666666666667,17.1666666666667,0,0
2026-09-18T20:10:45.000Z,2026-09-18T20:11:35.000Z,50,3.33333333333333,6.66666666666667,0,0
2026-09-18T20:21:15.000Z,2026-09-18T20:22:45.000Z,90,9.66666666666667,10.5,0,0
2026-09-18T20:22:55.000Z,2026-09-18T20:24:25.000Z,90,0.166666666666667,1.66666666666667,0,0
2026-09-18T20:27:45.000Z,2026-09-18T20:28:55.000Z,70,3.33333333333333,4.83333333333333,0,0
2026-09-18T20:29:35.000Z,2026-09-18T20:30:35.000Z,60,0.666666666666667,1.83333333333333,0,0
2026-09-18T20:38:35.000Z,2026-09-18T20:39:35.000Z,60,8,9,0,0
2026-09-18T20:40:15.000Z,2026-09-18T20:41:25.000Z,70,0.666666666666667,1.66666666666667,0,0
2026-09-18T20:44:45.000Z,2026-09-18T20:46:15.000Z,90,3.33333333333333,4.5,0,0
2026-09-18T20:46:25.000Z,2026-09-18T20:47:55.000Z,90,0.166666666666667,1.66666666666667,0,0
2026-09-18T20:57:35.000Z,2026-09-18T20:58:25.000Z,50,9.66666666666667,11.1666666666667,0,0
2026-09-18T21:01:45.000Z,2026-09-18T21:05:05.000Z,200,3.33333333333333,4.16666666666667,0,0
2026-09-18T21:18:45.000Z,2026-09-18T21:22:15.000Z,210,13.6666666666667,17,0,0
2026-09-18T21:25:35.000Z,2026-09-18T21:26:25.000Z,50,3.33333333333333,6.83333333333333,0,0
2026-09-18T21:35:55.000Z,2026-09-18T21:39:15.000Z,200,9.5,10.3333333333333,0,0
2026-09-18T21:42:35.000Z,2026-09-18T21:43:45.000Z,70,3.33333333333333,6.66666666666667,0,0
2026-09-18T21:44:25.000Z,2026-09-18T21:45:15.000Z,50,0.666666666666667,1.83333333333333,0,0
2026-09-18T21:53:15.000Z,2026-09-18T21:54:25.000Z,70,8,8.83333333333333,0,0
2026-09-18T21:54:55.000Z,2026-09-18T21:56:15.000Z,80,0.5,1.66666666666667,0,0
2026-09-18T21:59:25.000Z,2026-09-18T22:00:55.000Z,90,3.16666666666667,4.5,0,0
2026-09-18T22:01:05.000Z,2026-09-18T22:02:45.000Z,100,0.166666666666667,1.66666666666667,0,0
2026-09-18T22:12:15.000Z,2026-09-18T22:13:15.000Z,60,9.5,11.1666666666667,0,0
2026-09-18T22:16:25.000Z,2026-09-18T22:19:55.000Z,210,3.16666666666667,4.16666666666667,0,0
2026-09-18T22:29:35.000Z,2026-09-18T22:30:05.000Z,30,9.66666666666667,13.1666666666667,0,0
2026-09-18T22:33:35.000Z,2026-09-18T22:37:05.000Z,210,3.5,4,0,0
2026-09-18T22:40:25.000Z,2026-09-18T22:41:05.000Z,40,3.33333333333333,6.83333333333333,0,0
2026-09-18T22:50:45.000Z,2026-09-18T22:54:05.000Z,200,9.66666666666667,10.3333333333333,0,0
2026-09-18T22:57:15.000Z,2026-09-18T22:58:25.000Z,70,3.16666666666667,6.5,0,0
2026-09-18T22:59:25.000Z,2026-09-18T22:59:55.000Z,30,1,2.16666666666667,0,0
2026-09-18T23:07:55.000Z,2026-09-18T23:09:15.000Z,80,8,8.5,0,0
2026-09-18T23:09:35.000Z,2026-09-18T23:11:05.000Z,90,0.333333333333333,1.66666666666667,0,0
2026-09-18T23:14:15.000Z,2026-09-18T23:15:45.000Z,90,3.16666666666667,4.66666666666667,0,0
2026-09-18T23:15:55.000Z,2026-09-18T23:17:25.000Z,90,0.166666666666667,1.66666666666667,0,0
2026-09-18T23:26:55.000Z,2026-09-18T23:27:55.000Z,60,9.5,11,0,0
2026-09-18T23:31:15.000Z,2026-09-18T23:34:45.000Z,210,3.33333333333333,4.33333333333333,0,0
2026-09-18T23:44:25.000Z,2026-09-18T23:44:55.000Z,30,9.66666666666667,13.1666666666667,0,0
2026-09-18T23:48:15.000Z,2026-09-18T23:51:45.000Z,210,3.33333333333333,3.83333333333333,0,0
2026-09-18T23:55:15.000Z,2026-09-18T23:55:45.000Z,30,3.5,7,0,0
2026-09-19T00:05:25.000Z,2026-09-19T00:08:55.000Z,210,9.66666666666667,10.1666666666667,0,0
2026-09-19T00:12:05.000Z,2026-09-19T00:13:05.000Z,60,3.16666666666667,6.66666666666667,0,0
2026-09-19T00:22:35.000Z,2026-09-19T00:24:05.000Z,90,9.5,10.5,0,0
2026-09-19T00:24:25.000Z,2026-09-19T00:25:55.000Z,90,0.333333333333333,1.83333333333333,0,0
2026-09-19T00:29:05.000Z,2026-09-19T00:30:25.000Z,80,3.16666666666667,4.66666666666667,0,0
2026-09-19T00:30:45.000Z,2026-09-19T00:32:05.000Z,80,0.333333333333333,1.66666666666667,0,0
2026-09-19T00:40:15.000Z,2026-09-19T00:40:45.000Z,30,8.16666666666667,9.5,0,0
2026-09-19T00:41:35.000Z,2026-09-19T00:42:45.000Z,70,0.833333333333333,1.33333333333333,0,0
2026-09-19T00:46:05.000Z,2026-09-19T00:49:25.000Z,200,3.33333333333333,4.5,0,0
2026-09-19T00:59:05.000Z,2026-09-19T00:59:45.000Z,40,9.66666666666667,13,0,0
2026-09-19T01:03:05.000Z,2026-09-19T01:06:35.000Z,210,3.33333333333333,4,0,0
2026-09-19T01:10:05.000Z,2026-09-19T01:10:25.000Z,20,3.5,7,0,0
2026-09-19T01:20:15.000Z,2026-09-19T01:23:35.000Z,200,9.83333333333333,10.1666666666667,0,0
2026-09-19T01:26:55.000Z,2026-09-19T01:27:55.000Z,60,3.33333333333333,6.66666666666667,0,0
2026-09-19T01:37:25.000Z,2026-09-19T01:38:55.000Z,90,9.5,10.5,0,0
2026-09-19T01:39:05.000Z,2026-09-19T01:40:35.000Z,90,0.166666666666667,1.66666666666667,0,0
2026-09-19T01:43:55.000Z,2026-09-19T01:45:15.000Z,80,3.33333333333333,4.83333333333333,0,0
2026-09-19T01:45:35.000Z,2026-09-19T01:46:55.000Z,80,0.333333333333333,1.66666666666667,0,0
2026-09-19T01:54:45.000Z,2026-09-19T01:55:45.000Z,60,7.83333333333333,9.16666666666667,0,0
2026-09-19T01:56:25.000Z,2026-09-19T01:57:35.000Z,70,0.666666666666667,1.66666666666667,0,0
2026-09-19T02:00:55.000Z,2026-09-19T02:02:25.000Z,90,3.33333333333333,4.5,0,0
2026-09-19T02:02:35.000Z,2026-09-19T02:04:15.000Z,100,0.166666666666667,1.66666666666667,0,0
2026-09-19T02:13:45.000Z,2026-09-19T02:14:35.000Z,50,9.5,11.1666666666667,0,0
2026-09-19T02:17:55.000Z,2026-09-19T02:21:15.000Z,200,3.33333333333333,4.16666666666667,0,0
2026-09-19T02:34:55.000Z,2026-09-19T02:38:25.000Z,210,13.6666666666667,17,0,0
2026-09-19T02:41:45.000Z,2026-09-19T02:42:35.000Z,50,3.33333333333333,6.83333333333333,0,0
2026-09-19T02:52:05.000Z,2026-09-19T02:53:45.000Z,100,9.5,10.3333333333333,0,0
2026-09-19T02:53:55.000Z,2026-09-19T02:55:25.000Z,90,0.166666666666667,1.83333333333333,0,0
2026-09-19T02:58:45.000Z,2026-09-19T02:59:55.000Z,70,3.33333333333333,4.83333333333333,0,0
2026-09-19T03:00:35.000Z,2026-09-19T03:01:35.000Z,60,0.666666666666667,1.83333333333333,0,0
2026-09-19T03:09:25.000Z,2026-09-19T03:10:35.000Z,70,7.83333333333333,8.83333333333333,0,0
2026-09-19T03:11:05.000Z,2026-09-19T03:12:25.000Z,80,0.5,1.66666666666667,0,0
2026-09-19T03:15:35.000Z,2026-09-19T03:18:55.000Z,200,3.16666666666667,4.5,0,0
2026-09-19T03:28:25.000Z,2026-09-19T03:29:15.000Z,50,9.5,12.8333333333333,0,0
2026-09-19T03:32:35.000Z,2026-09-19T03:36:05.000Z,210,3.33333333333333,4.16666666666667,0,0
2026-09-19T03:45:55.000Z,2026-09-19T03:46:05.000Z,10,9.83333333333333,13.3333333333333,0,0
2026-09-19T03:49:45.000Z,2026-09-19T03:53:15.000Z,210,3.66666666666667,3.83333333333333,0,0
2026-09-19T03:56:35.000Z,2026-09-19T03:57:15.000Z,40,3.33333333333333,6.83333333333333,0,0
2026-09-19T04:06:55.000Z,2026-09-19T04:10:15.000Z,200,9.66666666666667,10.3333333333333,0,0
2026-09-19T04:13:25.000Z,2026-09-19T04:14:35.000Z,70,3.16666666666667,6.5,0,0
2026-09-19T04:15:25.000Z,2026-09-19T04:16:15.000Z,50,0.833333333333333,2,0,0
2026-09-19T04:24:05.000Z,2026-09-19T04:25:25.000Z,80,7.83333333333333,8.66666666666667,0,0
2026-09-19T04:25:55.000Z,2026-09-19T04:27:15.000Z,80,0.5,1.83333333333333,0,0
2026-09-19T04:30:25.000Z,2026-09-19T04:31:55.000Z,90,3.16666666666667,4.5,0,0
2026-09-19T04:32:05.000Z,2026-09-19T04:33:35.000Z,90,0.166666666666667,1.66666666666667,0,0
2026-09-19T04:43:05.000Z,2026-09-19T04:44:05.000Z,60,9.5,11,0,0
2026-09-19T04:47:25.000Z,2026-09-19T04:50:55.000Z,210,3.33333333333333,4.33333333333333,0,0
2026-09-19T05:00:35.000Z,2026-09-19T05:00:55.000Z,20,9.66666666666667,13.1666666666667,0,0
2026-09-19T05:04:25.000Z,2026-09-19T05:07:55.000Z,210,3.5,3.83333333333333,0,0
2026-09-19T05:11:25.000Z,2026-09-19T05:11:55.000Z,30,3.5,7,0,0
2026-09-19T05:21:35.000Z,2026-09-19T05:24:55.000Z,200,9.66666666666667,10.1666666666667,0,0
2026-09-19T05:28:15.000Z,2026-09-19T05:29:25.000Z,70,3.33333333333333,6.66666666666667,0,0
2026-09-19T05:30:25.000Z,2026-09-19T05:30:45.000Z,20,1,2.16666666666667,0,0
2026-09-19T05:38:55.000Z,2026-09-19T05:40:15.000Z,80,8.16666666666667,8.5,0,0
2026-09-19T05:40:35.000Z,2026-09-19T05:41:55.000Z,80,0.333333333333333,1.66666666666667,0,0
2026-09-19T05:45:15.000Z,2026-09-19T05:46:35.000Z,80,3.33333333333333,4.66666666666667,0,0
2026-09-19T05:46:55.000Z,2026-09-19T05:48:25.000Z,90,0.333333333333333,1.66666666666667,0,0
2026-09-19T05:57:55.000Z,2026-09-19T05:58:55.000Z,60,9.5,11,0,0
2026-09-19T06:02:15.000Z,2026-09-19T06:05:35.000Z,200,3.33333333333333,4.33333333333333,0,0
2026-09-19T06:15:15.000Z,2026-09-19T06:15:45.000Z,30,9.66666666666667,13,0,0
2026-09-19T06:19:15.000Z,2026-09-19T06:22:45.000Z,210,3.5,4,0,0
2026-09-19T06:26:15.000Z,2026-09-19T06:26:45.000Z,30,3.5,7,0,0
2026-09-19T06:36:25.000Z,2026-09-19T06:39:45.000Z,200,9.66666666666667,10.1666666666667,0,0
2026-09-19T06:43:05.000Z,2026-09-19T06:44:05.000Z,60,3.33333333333333,6.66666666666667,0,0
2026-09-19T06:53:35.000Z,2026-09-19T06:55:05.000Z,90,9.5,10.5,0,0
2026-09-19T06:55:15.000Z,2026-09-19T06:56:45.000Z,90,0.166666666666667,1.66666666666667,0,0
2026-09-19T07:00:05.000Z,2026-09-19T07:01:25.000Z,80,3.33333333333333,4.83333333333333,0,0
2026-09-19T07:01:45.000Z,2026-09-19T07:03:05.000Z,80,0.333333333333333,1.66666666666667,0,0
2026-09-19T07:11:05.000Z,2026-09-19T07:11:45.000Z,40,8,9.33333333333333,0,0
2026-09-19T07:12:35.000Z,2026-09-19T07:13:45.000Z,70,0.833333333333333,1.5,0,0
2026-09-19T07:17:05.000Z,2026-09-19T07:20:25.000Z,200,3.33333333333333,4.5,0,0
2026-09-19T07:29:55.000Z,2026-09-19T07:30:35.000Z,40,9.5,12.8333333333333,0,0
2026-09-19T07:34:05.000Z,2026-09-19T07:37:25.000Z,200,3.5,4.16666666666667,0,0
2026-09-19T07:41:05.000Z,2026-09-19T07:41:15.000Z,10,3.66666666666667,7,0,0
2026-09-19T07:51:05.000Z,2026-09-19T07:54:35.000Z,210,9.83333333333333,10,0,0
2026-09-19T07:57:55.000Z,2026-09-19T07:58:45.000Z,50,3.33333333333333,6.83333333333333,0,0
2026-09-19T08:08:15.000Z,2026-09-19T08:09:55.000Z,100,9.5,10.3333333333333,0,0
2026-09-19T08:10:05.000Z,2026-09-19T08:11:35.000Z,90,0.166666666666667,1.83333333333333,0,0
2026-09-19T08:14:45.000Z,2026-09-19T08:16:05.000Z,80,3.16666666666667,4.66666666666667,0,0
2026-09-19T08:16:35.000Z,2026-09-19T08:17:45.000Z,70,0.5,1.83333333333333,0,0
2026-09-19T08:25:45.000Z,2026-09-19T08:26:45.000Z,60,8,9.16666666666667,0,0
2026-09-19T08:27:15.000Z,2026-09-19T08:28:35.000Z,80,0.5,1.5,0,0
2026-09-19T08:31:45.000Z,2026-09-19T08:35:05.000Z,200,3.16666666666667,4.5,0,0
2026-09-19T08:44:35.000Z,2026-09-19T08:45:25.000Z,50,9.5,12.8333333333333,0,0
2026-09-19T08:48:45.000Z,2026-09-19T08:52:15.000Z,210,3.33333333333333,4.16666666666667,0,0
2026-09-19T09:05:55.000Z,2026-09-19T09:09:25.000Z,210,13.6666666666667,17.1666666666667,0,0
2026-09-19T09:12:45.000Z,2026-09-19T09:13:35.000Z,50,3.33333333333333,6.83333333333333,0,0
2026-09-19T09:23:05.000Z,2026-09-19T09:26:25.000Z,200,9.5,10.3333333333333,0,0
2026-09-19T09:29:35.000Z,2026-09-19T09:30:55.000Z,80,3.16666666666667,6.5,0,0
2026-09-19T09:31:25.000Z,2026-09-19T09:32:25.000Z,60,0.5,1.83333333333333,0,0
2026-09-19T09:40:25.000Z,2026-09-19T09:41:35.000Z,70,8,9,0,0
2026-09-19T09:42:05.000Z,2026-09-19T09:43:25.000Z,80,0.5,1.66666666666667,0,0
2026-09-19T09:46:35.000Z,2026-09-19T09:48:05.000Z,90,3.16666666666667,4.5,0,0
2026-09-19T09:48:15.000Z,2026-09-19T09:49:55.000Z,100,0.166666666666667,1.66666666666667,0,0
2026-09-19T09:59:25.000Z,2026-09-19T10:00:15.000Z,50,9.5,11.1666666666667,0,0
2026-09-19T10:03:35.000Z,2026-09-19T10:07:05.000Z,210,3.33333333333333,4.16666666666667,0,0
2026-09-19T10:16:45.000Z,2026-09-19T10:17:05.000Z,20,9.66666666666667,13.1666666666667,0,0
2026-09-19T10:20:35.000Z,2026-09-19T10:24:05.000Z,210,3.5,3.83333333333333,0,0
2026-09-19T10:27:35.000Z,2026-09-19T10:28:15.000Z,40,3.5,7,0,0
2026-09-19T10:37:45.000Z,2026-09-19T10:41:05.000Z,200,9.5,10.1666666666667,0,0
2026-09-19T10:44:25.000Z,2026-09-19T10:45:35.000Z,70,3.33333333333333,6.66666666666667,0,0
2026-09-19T10:46:25.000Z,2026-09-19T10:47:05.000Z,40,0.833333333333333,2,0,0
2026-09-19T10:55:05.000Z,2026-09-19T10:56:25.000Z,80,8,8.66666666666667,0,0
2026-09-19T10:56:45.000Z,2026-09-19T10:58:05.000Z,80,0.333333333333333,1.66666666666667,0,0
2026-09-19T11:01:25.000Z,2026-09-19T11:02:55.000Z,90,3.33333333333333,4.66666666666667,0,0
2026-09-19T11:03:05.000Z,2026-09-19T11:04:35.000Z,90,0.166666666666667,1.66666666666667,0,0
2026-09-19T11:14:05.000Z,2026-09-19T11:15:05.000Z,60,9.5,11,0,0
2026-09-19T11:18:25.000Z,2026-09-19T11:21:45.000Z,200,3.33333333333333,4.33333333333333,0,0
2026-09-19T11:31:25.000Z,2026-09-19T11:31:55.000Z,30,9.66666666666667,13,0,0
2026-09-19T11:35:25.000Z,2026-09-19T11:38:55.000Z,210,3.5,4,0,0
2026-09-19T11:42:25.000Z,2026-09-19T11:42:55.000Z,30,3.5,7,0,0
2026-09-19T11:52:35.000Z,2026-09-19T11:55:55.000Z,200,9.66666666666667,10.1666666666667,0,0
2026-09-19T11:59:15.000Z,2026-09-19T12:00:15.000Z,60,3.33333333333333,6.66666666666667,0,0
2026-09-19T12:09:45.000Z,2026-09-19T12:11:15.000Z,90,9.5,10.5,0,0
2026-09-19T12:11:25.000Z,2026-09-19T12:12:55.000Z,90,0.166666666666667,1.66666666666667,0,0
2026-09-19T12:16:15.000Z,2026-09-19T12:17:35.000Z,80,3.33333333333333,4.83333333333333,0,0
2026-09-19T12:17:55.000Z,2026-09-19T12:19:15.000Z,80,0.333333333333333,1.66666666666667,0,0
2026-09-19T12:27:25.000Z,2026-09-19T12:27:45.000Z,20,8.16666666666667,9.5,0,0
2026-09-19T12:28:45.000Z,2026-09-19T12:29:55.000Z,70,1,1.33333333333333,0,0
2026-09-19T12:33:05.000Z,2026-09-19T12:36:35.000Z,210,3.16666666666667,4.33333333333333,0,0
2026-09-19T12:46:05.000Z,2026-09-19T12:46:45.000Z,40,9.5,13,0,0
2026-09-19T12:50:15.000Z,2026-09-19T12:53:35.000Z,200,3.5,4.16666666666667,0,0
2026-09-19T12:57:15.000Z,2026-09-19T12:57:35.000Z,20,3.66666666666667,7,0,0
2026-09-19T13:07:15.000Z,2026-09-19T13:10:45.000Z,210,9.66666666666667,10,0,0
2026-09-19T13:14:05.000Z,2026-09-19T13:15:05.000Z,60,3.33333333333333,6.83333333333333,0,0
2026-09-19T13:24:35.000Z,2026-09-19T13:26:05.000Z,90,9.5,10.5,0,0
2026-09-19T13:26:15.000Z,2026-09-19T13:27:45.000Z,90,0.166666666666667,1.66666666666667,0,0
2026-09-19T13:30:55.000Z,2026-09-19T13:32:15.000Z,80,3.16666666666667,4.66666666666667,0,0
2026-09-19T13:32:45.000Z,2026-09-19T13:34:05.000Z,80,0.5,1.83333333333333,0,0
2026-09-19T13:41:55.000Z,2026-09-19T13:42:45.000Z,50,7.83333333333333,9.16666666666667,0,0
2026-09-19T13:43:35.000Z,2026-09-19T13:44:45.000Z,70,0.833333333333333,1.66666666666667,0,0
2026-09-19T13:47:55.000Z,2026-09-19T13:51:15.000Z,200,3.16666666666667,4.33333333333333,0,0
2026-09-19T14:00:55.000Z,2026-09-19T14:01:35.000Z,40,9.66666666666667,13,0,0
2026-09-19T14:04:55.000Z,2026-09-19T14:08:25.000Z,210,3.33333333333333,4,0,0
2026-09-19T14:12:05.000Z,2026-09-19T14:12:15.000Z,10,3.66666666666667,7.16666666666667,0,0
2026-09-19T14:22:05.000Z,2026-09-19T14:25:35.000Z,210,9.83333333333333,10,0,0
2026-09-19T14:28:55.000Z,2026-09-19T14:29:45.000Z,50,3.33333333333333,6.83333333333333,0,0
2026-09-19T14:39:15.000Z,2026-09-19T14:42:35.000Z,200,9.5,10.3333333333333,0,0
2026-09-19T14:45:45.000Z,2026-09-19T14:47:05.000Z,80,3.16666666666667,6.5,0,0
2026-09-19T14:47:35.000Z,2026-09-19T14:48:45.000Z,70,0.5,1.83333333333333,0,0
2026-09-19T14:56:35.000Z,2026-09-19T14:57:35.000Z,60,7.83333333333333,9,0,0
2026-09-19T14:58:15.000Z,2026-09-19T14:59:25.000Z,70,0.666666666666667,1.66666666666667,0,0
2026-09-19T15:02:45.000Z,2026-09-19T15:04:15.000Z,90,3.33333333333333,4.5,0,0
2026-09-19T15:04:25.000Z,2026-09-19T15:06:05.000Z,100,0.166666666666667,1.66666666666667,0,0
2026-09-19T15:15:35.000Z,2026-09-19T15:16:25.000Z,50,9.5,11.1666666666667,0,0
2026-09-19T15:19:45.000Z,2026-09-19T15:23:15.000Z,210,3.33333333333333,4.16666666666667,0,0
2026-09-19T15:36:45.000Z,2026-09-19T15:40:15.000Z,210,13.5,17,0,0
2026-09-19T15:43:35.000Z,2026-09-19T15:44:25.000Z,50,3.33333333333333,6.83333333333333,0,0
2026-09-19T15:53:55.000Z,2026-09-19T15:55:35.000Z,100,9.5,10.3333333333333,0,0
2026-09-19T15:55:45.000Z,2026-09-19T15:57:15.000Z,90,0.166666666666667,1.83333333333333,0,0
2026-09-19T16:00:35.000Z,2026-09-19T16:01:45.000Z,70,3.33333333333333,4.83333333333333,0,0
2026-09-19T16:02:25.000Z,2026-09-19T16:03:25.000Z,60,0.666666666666667,1.83333333333333,0,0
2026-09-19T16:11:15.000Z,2026-09-19T16:12:35.000Z,80,7.83333333333333,8.83333333333333,0,0
2026-09-19T16:12:55.000Z,2026-09-19T16:14:15.000Z,80,0.333333333333333,1.66666666666667,0,0
2026-09-19T16:17:35.000Z,2026-09-19T16:19:05.000Z,90,3.33333333333333,4.66666666666667,0,0
2026-09-19T16:19:15.000Z,2026-09-19T16:20:45.000Z,90,0.166666666666667,1.66666666666667,0,0
2026-09-19T16:30:15.000Z,2026-09-19T16:31:15.000Z,60,9.5,11,0,0
2026-09-19T16:34:35.000Z,2026-09-19T16:37:55.000Z,200,3.33333333333333,4.33333333333333,0,0
2026-09-19T16:47:45.000Z,2026-09-19T16:48:05.000Z,20,9.83333333333333,13.1666666666667,0,0
2026-09-19T16:51:35.000Z,2026-09-19T16:55:05.000Z,210,3.5,3.83333333333333,0,0
2026-09-19T16:58:25.000Z,2026-09-19T16:59:05.000Z,40,3.33333333333333,6.83333333333333,0,0
2026-09-19T17:08:45.000Z,2026-09-19T17:12:05.000Z,200,9.66666666666667,10.3333333333333,0,0
2026-09-19T17:15:25.000Z,2026-09-19T17:16:25.000Z,60,3.33333333333333,6.66666666666667,0,0
2026-09-19T17:17:25.000Z,2026-09-19T17:17:55.000Z,30,1,2,0,0
2026-09-19T17:25:55.000Z,2026-09-19T17:27:25.000Z,90,8,8.5,0,0
2026-09-19T17:27:45.000Z,2026-09-19T17:29:05.000Z,80,0.333333333333333,1.83333333333333,0,0
2026-09-19T17:32:15.000Z,2026-09-19T17:33:45.000Z,90,3.16666666666667,4.5,0,0
2026-09-19T17:34:05.000Z,2026-09-19T17:35:25.000Z,80,0.333333333333333,1.83333333333333,0,0
2026-09-19T17:44:55.000Z,2026-09-19T17:46:05.000Z,70,9.5,10.8333333333333,0,0
2026-09-19T17:49:15.000Z,2026-09-19T17:52:45.000Z,210,3.16666666666667,4.33333333333333,0,0
2026-09-19T18:02:25.000Z,2026-09-19T18:02:55.000Z,30,9.66666666666667,13.1666666666667,0,0
2026-09-19T18:06:25.000Z,2026-09-19T18:09:45.000Z,200,3.5,4,0,0
2026-09-19T18:13:15.000Z,2026-09-19T18:13:45.000Z,30,3.5,6.83333333333333,0,0
2026-09-19T18:23:25.000Z,2026-09-19T18:26:55.000Z,210,9.66666666666667,10.1666666666667,0,0
2026-09-19T18:30:15.000Z,2026-09-19T18:31:15.000Z,60,3.33333333333333,6.83333333333333,0,0
2026-09-19T18:40:45.000Z,2026-09-19T18:42:15.000Z,90,9.5,10.5,0,0
2026-09-19T18:42:25.000Z,2026-09-19T18:43:55.000Z,90,0.166666666666667,1.66666666666667,0,0
2026-09-19T18:47:05.000Z,2026-09-19T18:48:35.000Z,90,3.16666666666667,4.66666666666667,0,0
2026-09-19T18:48:55.000Z,2026-09-19T18:50:15.000Z,80,0.333333333333333,1.83333333333333,0,0
2026-09-19T18:58:15.000Z,2026-09-19T18:58:45.000Z,30,8,9.33333333333333,0,0
2026-09-19T18:59:45.000Z,2026-09-19T19:00:45.000Z,60,1,1.5,0,0
2026-09-19T19:04:05.000Z,2026-09-19T19:07:25.000Z,200,3.33333333333333,4.33333333333333,0,0
2026-09-19T19:17:05.000Z,2026-09-19T19:17:45.000Z,40,9.66666666666667,13,0,0
2026-09-19T19:21:05.000Z,2026-09-19T19:24:35.000Z,210,3.33333333333333,4,0,0
2026-09-19T19:28:05.000Z,2026-09-19T19:28:25.000Z,20,3.5,7,0,0
2026-09-19T19:38:15.000Z,2026-09-19T19:41:35.000Z,200,9.83333333333333,10.1666666666667,0,0
2026-09-19T19:44:55.000Z,2026-09-19T19:45:55.000Z,60,3.33333333333333,6.66666666666667,0,0
2026-09-19T19:55:25.000Z,2026-09-19T19:56:55.000Z,90,9.5,10.5,0,0
2026-09-19T19:57:05.000Z,2026-09-19T19:58:45.000Z,100,0.166666666666667,1.66666666666667,0,0
2026-09-19T20:01:55.000Z,2026-09-19T20:03:15.000Z,80,3.16666666666667,4.83333333333333,0,0
2026-09-19T20:03:45.000Z,2026-09-19T20:04:55.000Z,70,0.5,1.83333333333333,0,0
2026-09-19T20:12:55.000Z,2026-09-19T20:13:45.000Z,50,8,9.16666666666667,0,0
2026-09-19T20:14:25.000Z,2026-09-19T20:15:35.000Z,70,0.666666666666667,1.5,0,0
2026-09-19T20:18:55.000Z,2026-09-19T20:20:25.000Z,90,3.33333333333333,4.5,0,0
2026-09-19T20:20:35.000Z,2026-09-19T20:22:15.000Z,100,0.166666666666667,1.66666666666667,0,0
2026-09-19T20:31:45.000Z,2026-09-19T20:32:35.000Z,50,9.5,11.1666666666667,0,0
2026-09-19T20:35:55.000Z,2026-09-19T20:39:25.000Z,210,3.33333333333333,4.16666666666667,0,0
2026-09-19T20:52:55.000Z,2026-09-19T20:56:25.000Z,210,13.5,17,0,0
2026-09-19T20:59:45.000Z,2026-09-19T21:00:35.000Z,50,3.33333333333333,6.83333333333333,0,0
2026-09-19T21:10:15.000Z,2026-09-19T21:11:45.000Z,90,9.66666666666667,10.5,0,0
2026-09-19T21:11:55.000Z,2026-09-19T21:13:25.000Z,90,0.166666666666667,1.66666666666667,0,0
2026-09-19T21:16:45.000Z,2026-09-19T21:17:55.000Z,70,3.33333333333333,4.83333333333333,0,0
2026-09-19T21:18:35.000Z,2026-09-19T21:19:35.000Z,60,0.666666666666667,1.83333333333333,0,0
2026-09-19T21:27:35.000Z,2026-09-19T21:28:35.000Z,60,8,9,0,0
2026-09-19T21:29:05.000Z,2026-09-19T21:30:25.000Z,80,0.5,1.5,0,0
2026-09-19T21:33:45.000Z,2026-09-19T21:35:15.000Z,90,3.33333333333333,4.66666666666667,0,0
2026-09-19T21:35:25.000Z,2026-09-19T21:36:55.000Z,90,0.166666666666667,1.66666666666667,0,0
2026-09-19T21:46:25.000Z,2026-09-19T21:47:25.000Z,60,9.5,11,0,0
2026-09-19T21:50:45.000Z,2026-09-19T21:54:05.000Z,200,3.33333333333333,4.33333333333333,0,0
2026-09-19T22:07:45.000Z,2026-09-19T22:11:15.000Z,210,13.6666666666667,17,0,0
2026-09-19T22:14:35.000Z,2026-09-19T22:15:25.000Z,50,3.33333333333333,6.83333333333333,0,0
2026-09-19T22:24:55.000Z,2026-09-19T22:28:15.000Z,200,9.5,10.3333333333333,0,0
2026-09-19T22:31:35.000Z,2026-09-19T22:32:45.000Z,70,3.33333333333333,6.66666666666667,0,0
2026-09-19T22:33:25.000Z,2026-09-19T22:34:15.000Z,50,0.666666666666667,1.83333333333333,0,0
2026-09-19T22:42:15.000Z,2026-09-19T22:43:25.000Z,70,8,8.83333333333333,0,0
2026-09-19T22:43:55.000Z,2026-09-19T22:45:15.000Z,80,0.5,1.66666666666667,0,0
2026-09-19T22:48:25.000Z,2026-09-19T22:49:55.000Z,90,3.16666666666667,4.5,0,0
2026-09-19T22:50:05.000Z,2026-09-19T22:51:45.000Z,100,0.166666666666667,1.66666666666667,0,0
2026-09-19T23:01:15.000Z,2026-09-19T23:02:05.000Z,50,9.5,11.1666666666667,0,0
2026-09-19T23:05:25.000Z,2026-09-19T23:08:55.000Z,210,3.33333333333333,4.16666666666667,0,0
2026-09-19T23:18:35.000Z,2026-09-19T23:18:55.000Z,20,9.66666666666667,13.1666666666667,0,0
2026-09-19T23:22:35.000Z,2026-09-19T23:25:55.000Z,200,3.66666666666667,4,0,0
2026-09-19T23:29:25.000Z,2026-09-19T23:30:05.000Z,40,3.5,6.83333333333333,0,0
2026-09-19T23:39:35.000Z,2026-09-19T23:43:05.000Z,210,9.5,10.1666666666667,0,0
2026-09-19T23:46:15.000Z,2026-09-19T23:47:25.000Z,70,3.16666666666667,6.66666666666667,0,0
2026-09-19T23:48:25.000Z,2026-09-19T23:48:45.000Z,20,1,2.16666666666667,0,0
2026-09-19T23:56:55.000Z,2026-09-19T23:58:15.000Z,80,8.16666666666667,8.5,0,0
2026-09-19T23:58:35.000Z,2026-09-20T00:00:05.000Z,90,0.333333333333333,1.66666666666667,0,0
2026-09-20T00:03:15.000Z,2026-09-20T00:04:45.000Z,90,3.16666666666667,4.66666666666667,0,0
2026-09-20T00:04:55.000Z,2026-09-20T00:06:25.000Z,90,0.166666666666667,1.66666666666667,0,0
2026-09-20T00:15:55.000Z,2026-09-20T00:16:55.000Z,60,9.5,11,0,0
2026-09-20T00:20:15.000Z,2026-09-20T00:23:35.000Z,200,3.33333333333333,4.33333333333333,0,0
2026-09-20T00:33:15.000Z,2026-09-20T00:33:55.000Z,40,9.66666666666667,13,0,0
2026-09-20T00:37:15.000Z,2026-09-20T00:40:45.000Z,210,3.33333333333333,4,0,0
2026-09-20T00:44:15.000Z,2026-09-20T00:44:45.000Z,30,3.5,7,0,0
2026-09-20T00:54:25.000Z,2026-09-20T00:57:45.000Z,200,9.66666666666667,10.1666666666667,0,0
2026-09-20T01:01:05.000Z,2026-09-20T01:02:05.000Z,60,3.33333333333333,6.66666666666667,0,0
2026-09-20T01:11:35.000Z,2026-09-20T01:13:05.000Z,90,9.5,10.5,0,0
2026-09-20T01:13:25.000Z,2026-09-20T01:14:45.000Z,80,0.333333333333333,1.83333333333333,0,0
2026-09-20T01:18:05.000Z,2026-09-20T01:19:25.000Z,80,3.33333333333333,4.66666666666667,0,0
2026-09-20T01:19:45.000Z,2026-09-20T01:21:05.000Z,80,0.333333333333333,1.66666666666667,0,0
2026-09-20T01:29:05.000Z,2026-09-20T01:29:45.000Z,40,8,9.33333333333333,0,0
2026-09-20T01:30:35.000Z,2026-09-20T01:31:45.000Z,70,0.833333333333333,1.5,0,0
2026-09-20T01:35:05.000Z,2026-09-20T01:38:25.000Z,200,3.33333333333333,4.5,0,0
2026-09-20T01:47:55.000Z,2026-09-20T01:48:45.000Z,50,9.5,12.8333333333333,0,0
2026-09-20T01:52:05.000Z,2026-09-20T01:55:35.000Z,210,3.33333333333333,4.16666666666667,0,0
2026-09-20T01:59:05.000Z,2026-09-20T01:59:25.000Z,20,3.5,7,0,0
2026-09-20T02:09:15.000Z,2026-09-20T02:12:35.000Z,200,9.83333333333333,10.1666666666667,0,0
2026-09-20T02:15:55.000Z,2026-09-20T02:16:55.000Z,60,3.33333333333333,6.66666666666667,0,0
2026-09-20T02:26:25.000Z,2026-09-20T02:27:55.000Z,90,9.5,10.5,0,0
2026-09-20T02:28:05.000Z,2026-09-20T02:29:35.000Z,90,0.166666666666667,1.66666666666667,0,0
2026-09-20T02:32:55.000Z,2026-09-20T02:34:05.000Z,70,3.33333333333333,4.83333333333333,0,0
2026-09-20T02:34:35.000Z,2026-09-20T02:35:55.000Z,80,0.5,1.66666666666667,0,0
2026-09-20T02:43:45.000Z,2026-09-20T02:44:45.000Z,60,7.83333333333333,9.16666666666667,0,0
2026-09-20T02:45:25.000Z,2026-09-20T02:46:35.000Z,70,0.666666666666667,1.66666666666667,0,0
2026-09-20T02:49:55.000Z,2026-09-20T02:53:05.000Z,190,3.33333333333333,4.5,0,0
2026-09-20T03:02:45.000Z,2026-09-20T03:03:25.000Z,40,9.66666666666667,12.8333333333333,0,0
2026-09-20T03:06:55.000Z,2026-09-20T03:10:15.000Z,200,3.5,4.16666666666667,0,0
2026-09-20T03:23:55.000Z,2026-09-20T03:27:25.000Z,210,13.6666666666667,17,0,0
2026-09-20T03:30:45.000Z,2026-09-20T03:31:35.000Z,50,3.33333333333333,6.83333333333333,0,0
2026-09-20T03:41:05.000Z,2026-09-20T03:44:25.000Z,200,9.5,10.3333333333333,0,0
2026-09-20T03:47:35.000Z,2026-09-20T03:48:55.000Z,80,3.16666666666667,6.5,0,0
2026-09-20T03:49:35.000Z,2026-09-20T03:50:35.000Z,60,0.666666666666667,2,0,0
2026-09-20T03:58:25.000Z,2026-09-20T03:59:35.000Z,70,7.83333333333333,8.83333333333333,0,0
2026-09-20T04:00:05.000Z,2026-09-20T04:01:25.000Z,80,0.5,1.66666666666667,0,0
2026-09-20T04:04:35.000Z,2026-09-20T04:06:05.000Z,90,3.16666666666667,4.5,0,0
2026-09-20T04:06:15.000Z,2026-09-20T04:07:55.000Z,100,0.166666666666667,1.66666666666667,0,0
2026-09-20T04:17:25.000Z,2026-09-20T04:18:15.000Z,50,9.5,11.1666666666667,0,0
2026-09-20T04:21:35.000Z,2026-09-20T04:25:05.000Z,210,3.33333333333333,4.16666666666667,0,0
2026-09-20T04:34:55.000Z,2026-09-20T04:35:05.000Z,10,9.83333333333333,13.3333333333333,0,0
2026-09-20T04:38:45.000Z,2026-09-20T04:42:05.000Z,200,3.66666666666667,3.83333333333333,0,0
2026-09-20T04:45:35.000Z,2026-09-20T04:46:15.000Z,40,3.5,6.83333333333333,0,0
2026-09-20T04:55:55.000Z,2026-09-20T04:59:15.000Z,200,9.66666666666667,10.3333333333333,0,0
2026-09-20T05:02:25.000Z,2026-09-20T05:03:35.000Z,70,3.16666666666667,6.5,0,0
2026-09-20T05:04:25.000Z,2026-09-20T05:05:05.000Z,40,0.833333333333333,2,0,0
2026-09-20T05:13:05.000Z,2026-09-20T05:14:25.000Z,80,8,8.66666666666667,0,0
2026-09-20T05:14:45.000Z,2026-09-20T05:16:15.000Z,90,0.333333333333333,1.66666666666667,0,0
2026-09-20T05:19:25.000Z,2026-09-20T05:20:55.000Z,90,3.16666666666667,4.66666666666667,0,0
2026-09-20T05:21:05.000Z,2026-09-20T05:22:35.000Z,90,0.166666666666667,1.66666666666667,0,0
2026-09-20T05:32:05.000Z,2026-09-20T05:33:05.000Z,60,9.5,11,0,0
2026-09-20T05:36:25.000Z,2026-09-20T05:39:45.000Z,200,3.33333333333333,4.33333333333333,0,0
2026-09-20T05:49:35.000Z,2026-09-20T05:49:55.000Z,20,9.83333333333333,13.1666666666667,0,0
2026-09-20T05:53:25.000Z,2026-09-20T05:56:55.000Z,210,3.5,3.83333333333333,0,0
2026-09-20T06:00:25.000Z,2026-09-20T06:00:55.000Z,30,3.5,7,0,0
2026-09-20T06:10:35.000Z,2026-09-20T06:13:55.000Z,200,9.66666666666667,10.1666666666667,0,0
2026-09-20T06:17:15.000Z,2026-09-20T06:18:25.000Z,70,3.33333333333333,6.66666666666667,0,0
2026-09-20T06:19:25.000Z,2026-09-20T06:19:35.000Z,10,1,2.16666666666667,0,0
2026-09-20T06:27:45.000Z,2026-09-20T06:29:15.000Z,90,8.16666666666667,8.33333333333333,0,0
2026-09-20T06:29:35.000Z,2026-09-20T06:30:55.000Z,80,0.333333333333333,1.83333333333333,0,0
2026-09-20T06:34:15.000Z,2026-09-20T06:35:35.000Z,80,3.33333333333333,4.66666666666667,0,0
2026-09-20T06:35:55.000Z,2026-09-20T06:37:25.000Z,90,0.333333333333333,1.66666666666667,0,0
2026-09-20T06:45:35.000Z,2026-09-20T06:45:45.000Z,10,8.16666666666667,9.66666666666667,0,0
2026-09-20T06:46:55.000Z,2026-09-20T06:47:55.000Z,60,1.16666666666667,1.33333333333333,0,0
2026-09-20T06:51:15.000Z,2026-09-20T06:54:35.000Z,200,3.33333333333333,4.33333333333333,0,0
2026-09-20T07:04:15.000Z,2026-09-20T07:04:45.000Z,30,9.66666666666667,13,0,0
2026-09-20T07:08:15.000Z,2026-09-20T07:11:45.000Z,210,3.5,4,0,0
2026-09-20T07:15:15.000Z,2026-09-20T07:15:35.000Z,20,3.5,7,0,0
2026-09-20T07:25:25.000Z,2026-09-20T07:28:45.000Z,200,9.83333333333333,10.1666666666667,0,0
2026-09-20T07:32:05.000Z,2026-09-20T07:33:05.000Z,60,3.33333333333333,6.66666666666667,0,0
2026-09-20T07:42:35.000Z,2026-09-20T07:44:05.000Z,90,9.5,10.5,0,0
2026-09-20T07:44:15.000Z,2026-09-20T07:45:45.000Z,90,0.166666666666667,1.66666666666667,0,0
2026-09-20T07:49:05.000Z,2026-09-20T07:50:25.000Z,80,3.33333333333333,4.83333333333333,0,0
2026-09-20T07:50:45.000Z,2026-09-20T07:52:05.000Z,80,0.333333333333333,1.66666666666667,0,0
2026-09-20T08:00:05.000Z,2026-09-20T08:00:45.000Z,40,8,9.33333333333333,0,0
2026-09-20T08:01:35.000Z,2026-09-20T08:02:45.000Z,70,0.833333333333333,1.5,0,0
2026-09-20T08:05:55.000Z,2026-09-20T08:09:25.000Z,210,3.16666666666667,4.33333333333333,0,0
2026-09-20T08:18:55.000Z,2026-09-20T08:19:35.000Z,40,9.5,13,0,0
2026-09-20T08:23:05.000Z,2026-09-20T08:26:25.000Z,200,3.5,4.16666666666667,0,0
2026-09-20T08:30:05.000Z,2026-09-20T08:30:15.000Z,10,3.66666666666667,7,0,0
2026-09-20T08:40:05.000Z,2026-09-20T08:43:35.000Z,210,9.83333333333333,10,0,0
2026-09-20T08:46:55.000Z,2026-09-20T08:47:45.000Z,50,3.33333333333333,6.83333333333333,0,0
2026-09-20T08:57:15.000Z,2026-09-20T08:58:55.000Z,100,9.5,10.3333333333333,0,0
2026-09-20T08:59:05.000Z,2026-09-20T09:00:35.000Z,90,0.166666666666667,1.83333333333333,0,0
2026-09-20T09:03:45.000Z,2026-09-20T09:05:05.000Z,80,3.16666666666667,4.66666666666667,0,0
2026-09-20T09:05:35.000Z,2026-09-20T09:06:45.000Z,70,0.5,1.83333333333333,0,0
2026-09-20T09:14:35.000Z,2026-09-20T09:15:35.000Z,60,7.83333333333333,9,0,0
2026-09-20T09:16:15.000Z,2026-09-20T09:17:35.000Z,80,0.666666666666667,1.66666666666667,0,0
2026-09-20T09:20:45.000Z,2026-09-20T09:24:05.000Z,200,3.16666666666667,4.5,0,0
2026-09-20T09:33:35.000Z,2026-09-20T09:34:25.000Z,50,9.5,12.8333333333333,0,0
2026-09-20T09:37:45.000Z,2026-09-20T09:41:15.000Z,210,3.33333333333333,4.16666666666667,0,0
2026-09-20T09:54:55.000Z,2026-09-20T09:58:15.000Z,200,13.6666666666667,17.1666666666667,0,0
2026-09-20T10:01:45.000Z,2026-09-20T10:02:25.000Z,40,3.5,6.83333333333333,0,0
2026-09-20T10:12:05.000Z,2026-09-20T10:15:25.000Z,200,9.66666666666667,10.3333333333333,0,0
2026-09-20T10:18:35.000Z,2026-09-20T10:19:45.000Z,70,3.16666666666667,6.5,0,0
2026-09-20T10:20:25.000Z,2026-09-20T10:21:25.000Z,60,0.666666666666667,1.83333333333333,0,0
2026-09-20T10:29:25.000Z,2026-09-20T10:30:35.000Z,70,8,9,0,0
2026-09-20T10:31:05.000Z,2026-09-20T10:32:15.000Z,70,0.5,1.66666666666667,0,0
2026-09-20T10:35:35.000Z,2026-09-20T10:37:05.000Z,90,3.33333333333333,4.5,0,0
2026-09-20T10:37:15.000Z,2026-09-20T10:38:45.000Z,90,0.166666666666667,1.66666666666667,0,0
2026-09-20T10:48:15.000Z,2026-09-20T10:49:15.000Z,60,9.5,11,0,0
2026-09-20T10:52:35.000Z,2026-09-20T10:56:05.000Z,210,3.33333333333333,4.33333333333333,0,0
2026-09-20T11:05:45.000Z,2026-09-20T11:06:05.000Z,20,9.66666666666667,13.1666666666667,0,0
2026-09-20T11:09:35.000Z,2026-09-20T11:13:05.000Z,210,3.5,3.83333333333333,0,0
2026-09-20T11:16:35.000Z,2026-09-20T11:17:15.000Z,40,3.5,7,0,0
2026-09-20T11:26:45.000Z,2026-09-20T11:30:05.000Z,200,9.5,10.1666666666667,0,0
2026-09-20T11:33:25.000Z,2026-09-20T11:34:35.000Z,70,3.33333333333333,6.66666666666667,0,0
2026-09-20T11:35:25.000Z,2026-09-20T11:36:05.000Z,40,0.833333333333333,2,0,0
2026-09-20T11:44:05.000Z,2026-09-20T11:45:25.000Z,80,8,8.66666666666667,0,0
2026-09-20T11:45:45.000Z,2026-09-20T11:47:05.000Z,80,0.333333333333333,1.66666666666667,0,0
2026-09-20T11:50:25.000Z,2026-09-20T11:51:45.000Z,80,3.33333333333333,4.66666666666667,0,0
2026-09-20T11:52:05.000Z,2026-09-20T11:53:35.000Z,90,0.333333333333333,1.66666666666667,0,0
2026-09-20T12:03:05.000Z,2026-09-20T12:04:05.000Z,60,9.5,11,0,0
2026-09-20T12:07:25.000Z,2026-09-20T12:10:45.000Z,200,3.33333333333333,4.33333333333333,0,0
2026-09-20T12:20:25.000Z,2026-09-20T12:20:55.000Z,30,9.66666666666667,13,0,0
2026-09-20T12:24:25.000Z,2026-09-20T12:27:55.000Z,210,3.5,4,0,0
2026-09-20T12:31:15.000Z,2026-09-20T12:31:55.000Z,40,3.33333333333333,6.83333333333333,0,0
2026-09-20T12:41:35.000Z,2026-09-20T12:44:55.000Z,200,9.66666666666667,10.3333333333333,0,0
2026-09-20T12:48:15.000Z,2026-09-20T12:49:15.000Z,60,3.33333333333333,6.66666666666667,0,0
2026-09-20T12:58:45.000Z,2026-09-20T13:00:15.000Z,90,9.5,10.5,0,0
2026-09-20T13:00:25.000Z,2026-09-20T13:01:55.000Z,90,0.166666666666667,1.66666666666667,0,0
2026-09-20T13:05:05.000Z,2026-09-20T13:06:35.000Z,90,3.16666666666667,4.66666666666667,0,0
2026-09-20T13:06:55.000Z,2026-09-20T13:08:15.000Z,80,0.333333333333333,1.83333333333333,0,0
2026-09-20T13:16:25.000Z,2026-09-20T13:16:45.000Z,20,8.16666666666667,9.5,0,0
2026-09-20T13:17:45.000Z,2026-09-20T13:18:55.000Z,70,1,1.33333333333333,0,0
2026-09-20T13:22:05.000Z,2026-09-20T13:25:35.000Z,210,3.16666666666667,4.33333333333333,0,0
2026-09-20T13:35:05.000Z,2026-09-20T13:35:45.000Z,40,9.5,13,0,0
2026-09-20T13:39:15.000Z,2026-09-20T13:42:35.000Z,200,3.5,4.16666666666667,0,0
2026-09-20T13:46:15.000Z,2026-09-20T13:46:35.000Z,20,3.66666666666667,7,0,0
2026-09-20T13:56:15.000Z,2026-09-20T13:59:45.000Z,210,9.66666666666667,10,0,0
2026-09-20T14:03:05.000Z,2026-09-20T14:03:55.000Z,50,3.33333333333333,6.83333333333333,0,0
2026-09-20T14:13:25.000Z,2026-09-20T14:15:05.000Z,100,9.5,10.3333333333333,0,0
2026-09-20T14:15:15.000Z,2026-09-20T14:16:45.000Z,90,0.166666666666667,1.83333333333333,0,0
2026-09-20T14:19:55.000Z,2026-09-20T14:21:15.000Z,80,3.16666666666667,4.66666666666667,0,0
2026-09-20T14:21:45.000Z,2026-09-20T14:22:55.000Z,70,0.5,1.83333333333333,0,0
2026-09-20T14:30:55.000Z,2026-09-20T14:31:45.000Z,50,8,9.16666666666667,0,0
2026-09-20T14:32:25.000Z,2026-09-20T14:33:35.000Z,70,0.666666666666667,1.5,0,0
2026-09-20T14:36:55.000Z,2026-09-20T14:40:15.000Z,200,3.33333333333333,4.5,0,0
2026-09-20T14:49:55.000Z,2026-09-20T14:50:35.000Z,40,9.66666666666667,13,0,0
2026-09-20T14:53:55.000Z,2026-09-20T14:57:25.000Z,210,3.33333333333333,4,0,0
2026-09-20T15:11:05.000Z,2026-09-20T15:14:25.000Z,200,13.6666666666667,17.1666666666667,0,0
2026-09-20T15:17:45.000Z,2026-09-20T15:18:45.000Z,60,3.33333333333333,6.66666666666667,0,0
2026-09-20T15:28:15.000Z,2026-09-20T15:31:25.000Z,190,9.5,10.5,0,0
2026-09-20T15:34:45.000Z,2026-09-20T15:36:05.000Z,80,3.33333333333333,6.5,0,0
2026-09-20T15:36:35.000Z,2026-09-20T15:37:35.000Z,60,0.5,1.83333333333333,0,0
2026-09-20T15:45:35.000Z,2026-09-20T15:46:35.000Z,60,8,9,0,0
2026-09-20T15:47:15.000Z,2026-09-20T15:48:25.000Z,70,0.666666666666667,1.66666666666667,0,0
2026-09-20T15:51:45.000Z,2026-09-20T15:53:15.000Z,90,3.33333333333333,4.5,0,0
2026-09-20T15:53:25.000Z,2026-09-20T15:55:05.000Z,100,0.166666666666667,1.66666666666667,0,0
2026-09-20T16:04:35.000Z,2026-09-20T16:05:25.000Z,50,9.5,11.1666666666667,0,0
2026-09-20T16:08:45.000Z,2026-09-20T16:12:15.000Z,210,3.33333333333333,4.16666666666667,0,0
2026-09-20T16:25:45.000Z,2026-09-20T16:29:15.000Z,210,13.5,17,0,0
2026-09-20T16:32:35.000Z,2026-09-20T16:33:25.000Z,50,3.33333333333333,6.83333333333333,0,0
2026-09-20T16:42:55.000Z,2026-09-20T16:44:35.000Z,100,9.5,10.3333333333333,0,0
2026-09-20T16:44:45.000Z,2026-09-20T16:46:15.000Z,90,0.166666666666667,1.83333333333333,0,0
2026-09-20T16:49:35.000Z,2026-09-20T16:50:45.000Z,70,3.33333333333333,4.83333333333333,0,0
2026-09-20T16:51:25.000Z,2026-09-20T16:52:15.000Z,50,0.666666666666667,1.83333333333333,0,0
2026-09-20T17:00:15.000Z,2026-09-20T17:01:25.000Z,70,8,8.83333333333333,0,0
2026-09-20T17:01:55.000Z,2026-09-20T17:03:15.000Z,80,0.5,1.66666666666667,0,0
2026-09-20T17:06:35.000Z,2026-09-20T17:08:05.000Z,90,3.33333333333333,4.66666666666667,0,0
2026-09-20T17:08:15.000Z,2026-09-20T17:09:45.000Z,90,0.166666666666667,1.66666666666667,0,0
2026-09-20T17:19:15.000Z,2026-09-20T17:20:15.000Z,60,9.5,11,0,0
2026-09-20T17:23:35.000Z,2026-09-20T17:26:55.000Z,200,3.33333333333333,4.33333333333333,0,0
2026-09-20T17:36:45.000Z,2026-09-20T17:37:05.000Z,20,9.83333333333333,13.1666666666667,0,0
2026-09-20T17:40:35.000Z,2026-09-20T17:44:05.000Z,210,3.5,3.83333333333333,0,0
2026-09-20T17:47:25.000Z,2026-09-20T17:48:05.000Z,40,3.33333333333333,6.83333333333333,0,0
2026-09-20T17:57:45.000Z,2026-09-20T18:01:05.000Z,200,9.66666666666667,10.3333333333333,0,0
2026-09-20T18:04:25.000Z,2026-09-20T18:05:25.000Z,60,3.33333333333333,6.66666666666667,0,0
2026-09-20T18:06:25.000Z,2026-09-20T18:06:55.000Z,30,1,2,0,0
2026-09-20T18:14:55.000Z,2026-09-20T18:16:25.000Z,90,8,8.5,0,0
2026-09-20T18:16:45.000Z,2026-09-20T18:18:05.000Z,80,0.333333333333333,1.83333333333333,0,0
2026-09-20T18:21:15.000Z,2026-09-20T18:22:45.000Z,90,3.16666666666667,4.5,0,0
2026-09-20T18:22:55.000Z,2026-09-20T18:24:25.000Z,90,0.166666666666667,1.66666666666667,0,0
2026-09-20T18:33:55.000Z,2026-09-20T18:35:05.000Z,70,9.5,11,0,0
2026-09-20T18:38:15.000Z,2026-09-20T18:41:45.000Z,210,3.16666666666667,4.33333333333333,0,0
2026-09-20T18:51:25.000Z,2026-09-20T18:51:55.000Z,30,9.66666666666667,13.1666666666667,0,0
2026-09-20T18:55:25.000Z,2026-09-20T18:58:45.000Z,200,3.5,4,0,0
2026-09-20T19:02:15.000Z,2026-09-20T19:02:45.000Z,30,3.5,6.83333333333333,0,0
2026-09-20T19:12:25.000Z,2026-09-20T19:15:55.000Z,210,9.66666666666667,10.1666666666667,0,0
2026-09-20T19:19:05.000Z,2026-09-20T19:20:15.000Z,70,3.16666666666667,6.66666666666667,0,0
2026-09-20T19:29:45.000Z,2026-09-20T19:31:05.000Z,80,9.5,10.6666666666667,0,0
2026-09-20T19:31:25.000Z,2026-09-20T19:32:55.000Z,90,0.333333333333333,1.66666666666667,0,0
2026-09-20T19:36:05.000Z,2026-09-20T19:37:25.000Z,80,3.16666666666667,4.66666666666667,0,0
2026-09-20T19:37:45.000Z,2026-09-20T19:39:15.000Z,90,0.333333333333333,1.66666666666667,0,0
2026-09-20T19:47:15.000Z,2026-09-20T19:47:45.000Z,30,8,9.5,0,0
2026-09-20T19:48:45.000Z,2026-09-20T19:49:45.000Z,60,1,1.5,0,0
2026-09-20T19:53:05.000Z,2026-09-20T19:56:25.000Z,200,3.33333333333333,4.33333333333333,0,0
2026-09-20T20:06:05.000Z,2026-09-20T20:06:45.000Z,40,9.66666666666667,13,0,0
2026-09-20T20:10:05.000Z,2026-09-20T20:13:35.000Z,210,3.33333333333333,4,0,0
2026-09-20T20:17:05.000Z,2026-09-20T20:17:25.000Z,20,3.5,7,0,0
2026-09-20T20:27:15.000Z,2026-09-20T20:30:35.000Z,200,9.83333333333333,10.1666666666667,0,0
2026-09-20T20:33:55.000Z,2026-09-20T20:34:55.000Z,60,3.33333333333333,6.66666666666667,0,0
2026-09-20T20:44:25.000Z,2026-09-20T20:45:55.000Z,90,9.5,10.5,0,0
2026-09-20T20:46:05.000Z,2026-09-20T20:47:35.000Z,90,0.166666666666667,1.66666666666667,0,0
2026-09-20T20:50:55.000Z,2026-09-20T20:52:15.000Z,80,3.33333333333333,4.83333333333333,0,0
2026-09-20T20:52:45.000Z,2026-09-20T20:53:55.000Z,70,0.5,1.83333333333333,0,0
2026-09-20T21:01:45.000Z,2026-09-20T21:02:45.000Z,60,7.83333333333333,9,0,0
2026-09-20T21:03:25.000Z,2026-09-20T21:04:35.000Z,70,0.666666666666667,1.66666666666667,0,0
2026-09-20T21:07:55.000Z,2026-09-20T21:09:25.000Z,90,3.33333333333333,4.5,0,0
2026-09-20T21:09:35.000Z,2026-09-20T21:11:15.000Z,100,0.166666666666667,1.66666666666667,0,0
2026-09-20T21:20:45.000Z,2026-09-20T21:21:35.000Z,50,9.5,11.1666666666667,0,0
2026-09-20T21:24:55.000Z,2026-09-20T21:28:25.000Z,210,3.33333333333333,4.16666666666667,0,0
2026-09-20T21:41:55.000Z,2026-09-20T21:45:25.000Z,210,13.5,17,0,0
2026-09-20T21:48:45.000Z,2026-09-20T21:49:35.000Z,50,3.33333333333333,6.83333333333333,0,0
2026-09-20T21:59:05.000Z,2026-09-20T22:00:45.000Z,100,9.5,10.3333333333333,0,0
2026-09-20T22:00:55.000Z,2026-09-20T22:02:25.000Z,90,0.166666666666667,1.83333333333333,0,0
2026-09-20T22:05:45.000Z,2026-09-20T22:06:55.000Z,70,3.33333333333333,4.83333333333333,0,0
2026-09-20T22:07:35.000Z,2026-09-20T22:08:35.000Z,60,0.666666666666667,1.83333333333333,0,0
2026-09-20T22:16:25.000Z,2026-09-20T22:17:35.000Z,70,7.83333333333333,8.83333333333333,0,0
2026-09-20T22:18:05.000Z,2026-09-20T22:19:25.000Z,80,0.5,1.66666666666667,0,0
2026-09-20T22:22:35.000Z,2026-09-20T22:25:55.000Z,200,3.16666666666667,4.5,0,0
2026-09-20T22:35:25.000Z,2026-09-20T22:36:25.000Z,60,9.5,12.8333333333333,0,0
2026-09-20T22:39:45.000Z,2026-09-20T22:43:05.000Z,200,3.33333333333333,4.33333333333333,0,0
2026-09-20T22:52:55.000Z,2026-09-20T22:53:05.000Z,10,9.83333333333333,13.1666666666667,0,0
2026-09-20T22:56:45.000Z,2026-09-20T23:00:15.000Z,210,3.66666666666667,3.83333333333333,0,0
2026-09-20T23:03:35.000Z,2026-09-20T23:04:15.000Z,40,3.33333333333333,6.83333333333333,0,0
2026-09-20T23:13:55.000Z,2026-09-20T23:17:15.000Z,200,9.66666666666667,10.3333333333333,0,0
2026-09-20T23:20:25.000Z,2026-09-20T23:21:35.000Z,70,3.16666666666667,6.5,0,0
2026-09-20T23:22:25.000Z,2026-09-20T23:23:15.000Z,50,0.833333333333333,2,0,0
2026-09-20T23:31:15.000Z,2026-09-20T23:32:25.000Z,70,8,8.83333333333333,0,0
2026-09-20T23:32:55.000Z,2026-09-20T23:34:15.000Z,80,0.5,1.66666666666667,0,0
2026-09-20T23:37:25.000Z,2026-09-20T23:38:55.000Z,90,3.16666666666667,4.5,0,0
2026-09-20T23:39:05.000Z,2026-09-20T23:40:45.000Z,100,0.166666666666667,1.66666666666667,0,0
2026-09-20T23:50:15.000Z,2026-09-20T23:51:05.000Z,50,9.5,11.1666666666667,0,0
2026-09-20T23:54:25.000Z,2026-09-20T23:57:55.000Z,210,3.33333333333333,4.16666666666667,0,0
2026-09-21T00:07:35.000Z,2026-09-21T00:07:55.000Z,20,9.66666666666667,13.1666666666667,0,0
2026-09-21T00:11:35.000Z,2026-09-21T00:14:55.000Z,200,3.66666666666667,4,0,0
2026-09-21T00:18:25.000Z,2026-09-21T00:19:05.000Z,40,3.5,6.83333333333333,0,0
2026-09-21T00:28:35.000Z,2026-09-21T00:32:05.000Z,210,9.5,10.1666666666667,0,0
2026-09-21T00:35:15.000Z,2026-09-21T00:36:25.000Z,70,3.16666666666667,6.66666666666667,0,0
2026-09-21T00:37:25.000Z,2026-09-21T00:37:45.000Z,20,1,2.16666666666667,0,0
2026-09-21T00:45:55.000Z,2026-09-21T00:47:15.000Z,80,8.16666666666667,8.5,0,0
2026-09-21T00:47:35.000Z,2026-09-21T00:49:05.000Z,90,0.333333333333333,1.66666666666667,0,0
2026-09-21T00:52:15.000Z,2026-09-21T00:53:45.000Z,90,3.16666666666667,4.66666666666667,0,0
2026-09-21T00:53:55.000Z,2026-09-21T00:55:25.000Z,90,0.166666666666667,1.66666666666667,0,0
2026-09-21T01:04:55.000Z,2026-09-21T01:05:55.000Z,60,9.5,11,0,0
2026-09-21T01:09:15.000Z,2026-09-21T01:12:35.000Z,200,3.33333333333333,4.33333333333333,0,0
2026-09-21T01:22:15.000Z,2026-09-21T01:22:45.000Z,30,9.66666666666667,13,0,0
2026-09-21T01:26:15.000Z,2026-09-21T01:29:45.000Z,210,3.5,4,0,0
2026-09-21T01:33:15.000Z,2026-09-21T01:33:45.000Z,30,3.5,7,0,0
2026-09-21T01:43:25.000Z,2026-09-21T01:46:45.000Z,200,9.66666666666667,10.1666666666667,0,0
2026-09-21T01:50:05.000Z,2026-09-21T01:51:05.000Z,60,3.33333333333333,6.66666666666667,0,0
2026-09-21T02:00:35.000Z,2026-09-21T02:02:05.000Z,90,9.5,10.5,0,0
2026-09-21T02:02:15.000Z,2026-09-21T02:03:45.000Z,90,0.166666666666667,1.66666666666667,0,0
2026-09-21T02:07:05.000Z,2026-09-21T02:08:25.000Z,80,3.33333333333333,4.83333333333333,0,0
2026-09-21T02:08:45.000Z,2026-09-21T02:10:05.000Z,80,0.333333333333333,1.66666666666667,0,0
2026-09-21T02:18:05.000Z,2026-09-21T02:18:45.000Z,40,8,9.33333333333333,0,0
2026-09-21T02:19:35.000Z,2026-09-21T02:20:45.000Z,70,0.833333333333333,1.5,0,0
2026-09-21T02:24:05.000Z,2026-09-21T02:25:35.000Z,90,3.33333333333333,4.5,0,0
2026-09-21T02:25:45.000Z,2026-09-21T02:27:25.000Z,100,0.166666666666667,1.66666666666667,0,0
2026-09-21T02:36:55.000Z,2026-09-21T02:37:35.000Z,40,9.5,11.1666666666667,0,0
2026-09-21T02:41:05.000Z,2026-09-21T02:44:35.000Z,210,3.5,4.16666666666667,0,0
2026-09-21T02:48:05.000Z,2026-09-21T02:48:25.000Z,20,3.5,7,0,0
2026-09-21T02:58:05.000Z,2026-09-21T03:01:35.000Z,210,9.66666666666667,10,0,0
2026-09-21T03:04:55.000Z,2026-09-21T03:05:45.000Z,50,3.33333333333333,6.83333333333333,0,0
2026-09-21T03:15:25.000Z,2026-09-21T03:16:55.000Z,90,9.66666666666667,10.5,0,0
2026-09-21T03:17:05.000Z,2026-09-21T03:18:35.000Z,90,0.166666666666667,1.66666666666667,0,0
2026-09-21T03:21:55.000Z,2026-09-21T03:23:05.000Z,70,3.33333333333333,4.83333333333333,0,0
2026-09-21T03:23:35.000Z,2026-09-21T03:24:45.000Z,70,0.5,1.66666666666667,0,0
2026-09-21T03:32:45.000Z,2026-09-21T03:33:45.000Z,60,8,9.16666666666667,0,0
2026-09-21T03:34:25.000Z,2026-09-21T03:35:35.000Z,70,0.666666666666667,1.66666666666667,0,0
2026-09-21T03:38:45.000Z,2026-09-21T03:42:05.000Z,200,3.16666666666667,4.33333333333333,0,0
2026-09-21T03:51:45.000Z,2026-09-21T03:52:25.000Z,40,9.66666666666667,13,0,0
2026-09-21T03:55:55.000Z,2026-09-21T03:59:15.000Z,200,3.5,4.16666666666667,0,0
2026-09-21T04:12:55.000Z,2026-09-21T04:16:25.000Z,210,13.6666666666667,17,0,0
2026-09-21T04:19:45.000Z,2026-09-21T04:20:35.000Z,50,3.33333333333333,6.83333333333333,0,0
2026-09-21T04:30:05.000Z,2026-09-21T04:33:25.000Z,200,9.5,10.3333333333333,0,0
2026-09-21T04:36:35.000Z,2026-09-21T04:37:55.000Z,80,3.16666666666667,6.5,0,0
2026-09-21T04:38:25.000Z,2026-09-21T04:39:25.000Z,60,0.5,1.83333333333333,0,0
2026-09-21T04:47:25.000Z,2026-09-21T04:48:35.000Z,70,8,9,0,0
2026-09-21T04:49:05.000Z,2026-09-21T04:50:25.000Z,80,0.5,1.66666666666667,0,0
2026-09-21T04:53:35.000Z,2026-09-21T04:55:05.000Z,90,3.16666666666667,4.5,0,0
2026-09-21T04:55:15.000Z,2026-09-21T04:56:55.000Z,100,0.166666666666667,1.66666666666667,0,0
2026-09-21T05:06:25.000Z,2026-09-21T05:07:15.000Z,50,9.5,11.1666666666667,0,0
2026-09-21T05:10:35.000Z,2026-09-21T05:14:05.000Z,210,3.33333333333333,4.16666666666667,0,0
2026-09-21T05:23:55.000Z,2026-09-21T05:24:05.000Z,10,9.83333333333333,13.3333333333333,0,0
2026-09-21T05:27:45.000Z,2026-09-21T05:31:05.000Z,200,3.66666666666667,3.83333333333333,0,0
2026-09-21T05:34:35.000Z,2026-09-21T05:35:15.000Z,40,3.5,6.83333333333333,0,0
2026-09-21T05:44:45.000Z,2026-09-21T05:48:15.000Z,210,9.5,10.1666666666667,0,0
2026-09-21T05:51:25.000Z,2026-09-21T05:52:35.000Z,70,3.16666666666667,6.66666666666667,0,0
2026-09-21T05:53:25.000Z,2026-09-21T05:54:05.000Z,40,0.833333333333333,2,0,0
2026-09-21T06:02:05.000Z,2026-09-21T06:03:25.000Z,80,8,8.66666666666667,0,0
2026-09-21T06:03:45.000Z,2026-09-21T06:05:05.000Z,80,0.333333333333333,1.66666666666667,0,0
2026-09-21T06:08:25.000Z,2026-09-21T06:09:55.000Z,90,3.33333333333333,4.66666666666667,0,0
2026-09-21T06:10:05.000Z,2026-09-21T06:11:35.000Z,90,0.166666666666667,1.66666666666667,0,0
2026-09-21T06:21:05.000Z,2026-09-21T06:22:05.000Z,60,9.5,11,0,0
2026-09-21T06:25:25.000Z,2026-09-21T06:28:45.000Z,200,3.33333333333333,4.33333333333333,0,0
2026-09-21T06:38:35.000Z,2026-09-21T06:38:55.000Z,20,9.83333333333333,13.1666666666667,0,0
2026-09-21T06:42:25.000Z,2026-09-21T06:45:55.000Z,210,3.5,3.83333333333333,0,0
2026-09-21T06:49:25.000Z,2026-09-21T06:49:55.000Z,30,3.5,7,0,0
2026-09-21T06:59:35.000Z,2026-09-21T07:02:55.000Z,200,9.66666666666667,10.1666666666667,0,0
2026-09-21T07:06:15.000Z,2026-09-21T07:07:15.000Z,60,3.33333333333333,6.66666666666667,0,0
2026-09-21T07:16:45.000Z,2026-09-21T07:18:15.000Z,90,9.5,10.5,0,0
2026-09-21T07:18:35.000Z,2026-09-21T07:19:55.000Z,80,0.333333333333333,1.83333333333333,0,0
2026-09-21T07:23:15.000Z,2026-09-21T07:24:35.000Z,80,3.33333333333333,4.66666666666667,0,0
2026-09-21T07:24:55.000Z,2026-09-21T07:26:15.000Z,80,0.333333333333333,1.66666666666667,0,0
2026-09-21T07:34:25.000Z,2026-09-21T07:34:45.000Z,20,8.16666666666667,9.5,0,0
2026-09-21T07:35:45.000Z,2026-09-21T07:36:55.000Z,70,1,1.33333333333333,0,0
2026-09-21T07:40:15.000Z,2026-09-21T07:43:35.000Z,200,3.33333333333333,4.5,0,0
2026-09-21T07:53:15.000Z,2026-09-21T07:53:45.000Z,30,9.66666666666667,13,0,0
2026-09-21T07:57:15.000Z,2026-09-21T08:00:45.000Z,210,3.5,4,0,0
2026-09-21T08:04:15.000Z,2026-09-21T08:04:35.000Z,20,3.5,7,0,0
2026-09-21T08:14:15.000Z,2026-09-21T08:17:45.000Z,210,9.66666666666667,10,0,0
2026-09-21T08:21:05.000Z,2026-09-21T08:22:05.000Z,60,3.33333333333333,6.83333333333333,0,0
2026-09-21T08:31:35.000Z,2026-09-21T08:33:05.000Z,90,9.5,10.5,0,0
2026-09-21T08:33:15.000Z,2026-09-21T08:34:45.000Z,90,0.166666666666667,1.66666666666667,0,0
2026-09-21T08:37:55.000Z,2026-09-21T08:39:25.000Z,90,3.16666666666667,4.66666666666667,0,0
2026-09-21T08:39:45.000Z,2026-09-21T08:41:05.000Z,80,0.333333333333333,1.83333333333333,0,0
2026-09-21T08:48:55.000Z,2026-09-21T08:49:45.000Z,50,7.83333333333333,9.16666666666667,0,0
2026-09-21T08:50:35.000Z,2026-09-21T08:51:45.000Z,70,0.833333333333333,1.66666666666667,0,0
2026-09-21T08:54:55.000Z,2026-09-21T08:58:15.000Z,200,3.16666666666667,4.33333333333333,0,0
2026-09-21T09:07:55.000Z,2026-09-21T09:08:35.000Z,40,9.66666666666667,13,0,0
2026-09-21T09:11:55.000Z,2026-09-21T09:15:25.000Z,210,3.33333333333333,4,0,0
2026-09-21T09:19:05.000Z,2026-09-21T09:19:15.000Z,10,3.66666666666667,7.16666666666667,0,0
2026-09-21T09:29:05.000Z,2026-09-21T09:32:35.000Z,210,9.83333333333333,10,0,0
2026-09-21T09:35:55.000Z,2026-09-21T09:36:45.000Z,50,3.33333333333333,6.83333333333333,0,0
2026-09-21T09:46:15.000Z,2026-09-21T09:49:35.000Z,200,9.5,10.3333333333333,0,0
2026-09-21T09:52:45.000Z,2026-09-21T09:54:05.000Z,80,3.16666666666667,6.5,0,0
2026-09-21T09:54:35.000Z,2026-09-21T09:55:45.000Z,70,0.5,1.83333333333333,0,0
2026-09-21T10:03:35.000Z,2026-09-21T10:04:35.000Z,60,7.83333333333333,9,0,0
2026-09-21T10:05:15.000Z,2026-09-21T10:06:35.000Z,80,0.666666666666667,1.66666666666667,0,0
2026-09-21T10:09:45.000Z,2026-09-21T10:11:15.000Z,90,3.16666666666667,4.5,0,0
2026-09-21T10:11:25.000Z,2026-09-21T10:13:05.000Z,100,0.166666666666667,1.66666666666667,0,0
2026-09-21T10:22:35.000Z,2026-09-21T10:23:25.000Z,50,9.5,11.1666666666667,0,0
2026-09-21T10:26:45.000Z,2026-09-21T10:30:15.000Z,210,3.33333333333333,4.16666666666667,0,0
2026-09-21T10:43:55.000Z,2026-09-21T10:47:15.000Z,200,13.6666666666667,17.1666666666667,0,0
2026-09-21T10:50:45.000Z,2026-09-21T10:51:25.000Z,40,3.5,6.83333333333333,0,0
2026-09-21T11:01:05.000Z,2026-09-21T11:04:15.000Z,190,9.66666666666667,10.3333333333333,0,0
2026-09-21T11:07:35.000Z,2026-09-21T11:08:45.000Z,70,3.33333333333333,6.5,0,0
2026-09-21T11:09:25.000Z,2026-09-21T11:10:25.000Z,60,0.666666666666667,1.83333333333333,0,0
2026-09-21T11:18:15.000Z,2026-09-21T11:19:35.000Z,80,7.83333333333333,8.83333333333333,0,0
2026-09-21T11:19:55.000Z,2026-09-21T11:21:15.000Z,80,0.333333333333333,1.66666666666667,0,0
2026-09-21T11:24:35.000Z,2026-09-21T11:26:05.000Z,90,3.33333333333333,4.66666666666667,0,0
2026-09-21T11:26:15.000Z,2026-09-21T11:27:45.000Z,90,0.166666666666667,1.66666666666667,0,0
2026-09-21T11:37:15.000Z,2026-09-21T11:38:15.000Z,60,9.5,11,0,0
2026-09-21T11:41:35.000Z,2026-09-21T11:44:55.000Z,200,3.33333333333333,4.33333333333333,0,0
2026-09-21T11:54:45.000Z,2026-09-21T11:55:05.000Z,20,9.83333333333333,13.1666666666667,0,0
2026-09-21T11:58:35.000Z,2026-09-21T12:02:05.000Z,210,3.5,3.83333333333333,0,0
2026-09-21T12:05:25.000Z,2026-09-21T12:06:05.000Z,40,3.33333333333333,6.83333333333333,0,0
2026-09-21T12:15:45.000Z,2026-09-21T12:19:05.000Z,200,9.66666666666667,10.3333333333333,0,0
2026-09-21T12:22:25.000Z,2026-09-21T12:23:35.000Z,70,3.33333333333333,6.66666666666667,0,0
2026-09-21T12:24:25.000Z,2026-09-21T12:25:05.000Z,40,0.833333333333333,2,0,0
2026-09-21T12:33:05.000Z,2026-09-21T12:34:25.000Z,80,8,8.66666666666667,0,0
2026-09-21T12:34:45.000Z,2026-09-21T12:36:05.000Z,80,0.333333333333333,1.66666666666667,0,0
2026-09-21T12:39:25.000Z,2026-09-21T12:40:45.000Z,80,3.33333333333333,4.66666666666667,0,0
2026-09-21T12:41:05.000Z,2026-09-21T12:42:35.000Z,90,0.333333333333333,1.66666666666667,0,0
2026-09-21T12:52:05.000Z,2026-09-21T12:53:05.000Z,60,9.5,11,0,0
2026-09-21T12:56:25.000Z,2026-09-21T12:59:45.000Z,200,3.33333333333333,4.33333333333333,0,0
2026-09-21T13:09:25.000Z,2026-09-21T13:09:55.000Z,30,9.66666666666667,13,0,0
2026-09-21T13:13:25.000Z,2026-09-21T13:16:55.000Z,210,3.5,4,0,0
2026-09-21T13:20:15.000Z,2026-09-21T13:20:55.000Z,40,3.33333333333333,6.83333333333333,0,0
2026-09-21T13:30:35.000Z,2026-09-21T13:33:55.000Z,200,9.66666666666667,10.3333333333333,0,0
2026-09-21T13:37:15.000Z,2026-09-21T13:38:15.000Z,60,3.33333333333333,6.66666666666667,0,0
2026-09-21T13:47:45.000Z,2026-09-21T13:49:15.000Z,90,9.5,10.5,0,0
2026-09-21T13:49:25.000Z,2026-09-21T13:50:55.000Z,90,0.166666666666667,1.66666666666667,0,0
2026-09-21T13:54:05.000Z,2026-09-21T13:55:35.000Z,90,3.16666666666667,4.66666666666667,0,0
2026-09-21T13:55:55.000Z,2026-09-21T13:57:15.000Z,80,0.333333333333333,1.83333333333333,0,0
2026-09-21T14:05:15.000Z,2026-09-21T14:05:45.000Z,30,8,9.33333333333333,0,0
2026-09-21T14:06:45.000Z,2026-09-21T14:07:55.000Z,70,1,1.5,0,0
2026-09-21T14:11:05.000Z,2026-09-21T14:14:25.000Z,200,3.16666666666667,4.33333333333333,0,0
2026-09-21T14:24:05.000Z,2026-09-21T14:24:45.000Z,40,9.66666666666667,13,0,0
2026-09-21T14:28:05.000Z,2026-09-21T14:31:35.000Z,210,3.33333333333333,4,0,0
2026-09-21T14:35:05.000Z,2026-09-21T14:35:35.000Z,30,3.5,7,0,0
2026-09-21T14:45:15.000Z,2026-09-21T14:48:45.000Z,210,9.66666666666667,10.1666666666667,0,0
2026-09-21T14:51:55.000Z,2026-09-21T14:52:55.000Z,60,3.16666666666667,6.66666666666667,0,0
2026-09-21T15:02:25.000Z,2026-09-21T15:04:05.000Z,100,9.5,10.5,0,0
2026-09-21T15:04:15.000Z,2026-09-21T15:05:45.000Z,90,0.166666666666667,1.83333333333333,0,0
2026-09-21T15:08:55.000Z,2026-09-21T15:10:15.000Z,80,3.16666666666667,4.66666666666667,0,0
2026-09-21T15:10:45.000Z,2026-09-21T15:11:55.000Z,70,0.5,1.83333333333333,0,0
2026-09-21T15:19:55.000Z,2026-09-21T15:20:45.000Z,50,8,9.16666666666667,0,0
2026-09-21T15:21:25.000Z,2026-09-21T15:22:35.000Z,70,0.666666666666667,1.5,0,0
2026-09-21T15:25:55.000Z,2026-09-21T15:29:15.000Z,200,3.33333333333333,4.5,0,0
2026-09-21T15:38:45.000Z,2026-09-21T15:39:35.000Z,50,9.5,12.8333333333333,0,0
2026-09-21T15:42:55.000Z,2026-09-21T15:46:25.000Z,210,3.33333333333333,4.16666666666667,0,0
2026-09-21T16:00:05.000Z,2026-09-21T16:03:25.000Z,200,13.6666666666667,17.1666666666667,0,0
2026-09-21T16:06:45.000Z,2026-09-21T16:07:35.000Z,50,3.33333333333333,6.66666666666667,0,0
2026-09-21T16:17:15.000Z,2026-09-21T16:18:45.000Z,90,9.66666666666667,10.5,0,0
2026-09-21T16:18:55.000Z,2026-09-21T16:20:25.000Z,90,0.166666666666667,1.66666666666667,0,0
2026-09-21T16:23:45.000Z,2026-09-21T16:24:55.000Z,70,3.33333333333333,4.83333333333333,0,0
2026-09-21T16:25:35.000Z,2026-09-21T16:26:35.000Z,60,0.666666666666667,1.83333333333333,0,0
2026-09-21T16:34:35.000Z,2026-09-21T16:35:35.000Z,60,8,9,0,0
2026-09-21T16:36:15.000Z,2026-09-21T16:37:25.000Z,70,0.666666666666667,1.66666666666667,0,0
2026-09-21T16:40:45.000Z,2026-09-21T16:42:15.000Z,90,3.33333333333333,4.5,0,0
2026-09-21T16:42:25.000Z,2026-09-21T16:43:55.000Z,90,0.166666666666667,1.66666666666667,0,0
2026-09-21T16:53:35.000Z,2026-09-21T16:54:25.000Z,50,9.66666666666667,11.1666666666667,0,0
2026-09-21T16:57:45.000Z,2026-09-21T17:01:05.000Z,200,3.33333333333333,4.16666666666667,0,0
2026-09-21T17:14:45.000Z,2026-09-21T17:18:15.000Z,210,13.6666666666667,17,0,0
2026-09-21T17:21:35.000Z,2026-09-21T17:22:25.000Z,50,3.33333333333333,6.83333333333333,0,0
2026-09-21T17:31:55.000Z,2026-09-21T17:35:15.000Z,200,9.5,10.3333333333333,0,0
2026-09-21T17:38:35.000Z,2026-09-21T17:39:45.000Z,70,3.33333333333333,6.66666666666667,0,0
2026-09-21T17:40:25.000Z,2026-09-21T17:41:15.000Z,50,0.666666666666667,1.83333333333333,0,0
2026-09-21T17:49:15.000Z,2026-09-21T17:50:25.000Z,70,8,8.83333333333333,0,0
2026-09-21T17:50:55.000Z,2026-09-21T17:52:15.000Z,80,0.5,1.66666666666667,0,0
2026-09-21T17:55:25.000Z,2026-09-21T17:56:55.000Z,90,3.16666666666667,4.5,0,0
2026-09-21T17:57:05.000Z,2026-09-21T17:58:45.000Z,100,0.166666666666667,1.66666666666667,0,0
2026-09-21T18:08:15.000Z,2026-09-21T18:09:15.000Z,60,9.5,11.1666666666667,0,0
2026-09-21T18:12:25.000Z,2026-09-21T18:15:55.000Z,210,3.16666666666667,4.16666666666667,0,0
2026-09-21T18:25:35.000Z,2026-09-21T18:26:05.000Z,30,9.66666666666667,13.1666666666667,0,0
2026-09-21T18:29:35.000Z,2026-09-21T18:33:05.000Z,210,3.5,4,0,0
2026-09-21T18:36:25.000Z,2026-09-21T18:37:05.000Z,40,3.33333333333333,6.83333333333333,0,0
2026-09-21T18:46:45.000Z,2026-09-21T18:50:05.000Z,200,9.66666666666667,10.3333333333333,0,0
2026-09-21T18:53:15.000Z,2026-09-21T18:54:25.000Z,70,3.16666666666667,6.5,0,0
2026-09-21T18:55:25.000Z,2026-09-21T18:55:55.000Z,30,1,2.16666666666667,0,0
2026-09-21T19:03:55.000Z,2026-09-21T19:05:15.000Z,80,8,8.5,0,0
2026-09-21T19:05:35.000Z,2026-09-21T19:07:05.000Z,90,0.333333333333333,1.66666666666667,0,0
2026-09-21T19:10:15.000Z,2026-09-21T19:11:45.000Z,90,3.16666666666667,4.66666666666667,0,0
2026-09-21T19:11:55.000Z,2026-09-21T19:13:25.000Z,90,0.166666666666667,1.66666666666667,0,0
2026-09-21T19:22:55.000Z,2026-09-21T19:23:55.000Z,60,9.5,11,0,0
2026-09-21T19:27:15.000Z,2026-09-21T19:30:45.000Z,210,3.33333333333333,4.33333333333333,0,0
2026-09-21T19:40:15.000Z,2026-09-21T19:40:55.000Z,40,9.5,13,0,0
2026-09-21T19:44:15.000Z,2026-09-21T19:47:45.000Z,210,3.33333333333333,4,0,0
2026-09-21T19:51:15.000Z,2026-09-21T19:51:45.000Z,30,3.5,7,0,0
2026-09-21T20:01:25.000Z,2026-09-21T20:04:55.000Z,210,9.66666666666667,10.1666666666667,0,0
2026-09-21T20:08:05.000Z,2026-09-21T20:09:05.000Z,60,3.16666666666667,6.66666666666667,0,0
2026-09-21T20:18:35.000Z,2026-09-21T20:20:05.000Z,90,9.5,10.5,0,0
2026-09-21T20:20:25.000Z,2026-09-21T20:21:55.000Z,90,0.333333333333333,1.83333333333333,0,0
2026-09-21T20:25:05.000Z,2026-09-21T20:26:25.000Z,80,3.16666666666667,4.66666666666667,0,0
2026-09-21T20:26:45.000Z,2026-09-21T20:28:05.000Z,80,0.333333333333333,1.66666666666667,0,0
2026-09-21T20:36:15.000Z,2026-09-21T20:36:45.000Z,30,8.16666666666667,9.5,0,0
2026-09-21T20:37:35.000Z,2026-09-21T20:38:45.000Z,70,0.833333333333333,1.33333333333333,0,0
2026-09-21T20:42:05.000Z,2026-09-21T20:45:25.000Z,200,3.33333333333333,4.5,0,0
2026-09-21T20:55:05.000Z,2026-09-21T20:55:45.000Z,40,9.66666666666667,13,0,0
2026-09-21T20:59:05.000Z,2026-09-21T21:02:35.000Z,210,3.33333333333333,4,0,0
2026-09-21T21:06:05.000Z,2026-09-21T21:06:25.000Z,20,3.5,7,0,0
2026-09-21T21:16:15.000Z,2026-09-21T21:19:35.000Z,200,9.83333333333333,10.1666666666667,0,0
2026-09-21T21:22:55.000Z,2026-09-21T21:23:55.000Z,60,3.33333333333333,6.66666666666667,0,0
2026-09-21T21:33:25.000Z,2026-09-21T21:34:55.000Z,90,9.5,10.5,0,0
2026-09-21T21:35:05.000Z,2026-09-21T21:36:35.000Z,90,0.166666666666667,1.66666666666667,0,0
2026-09-21T21:39:55.000Z,2026-09-21T21:41:15.000Z,80,3.33333333333333,4.83333333333333,0,0
2026-09-21T21:41:35.000Z,2026-09-21T21:42:55.000Z,80,0.333333333333333,1.66666666666667,0,0
2026-09-21T21:50:45.000Z,2026-09-21T21:51:45.000Z,60,7.83333333333333,9.16666666666667,0,0
2026-09-21T21:52:25.000Z,2026-09-21T21:53:35.000Z,70,0.666666666666667,1.66666666666667,0,0
2026-09-21T21:56:55.000Z,2026-09-21T21:58:25.000Z,90,3.33333333333333,4.5,0,0
2026-09-21T21:58:35.000Z,2026-09-21T22:00:15.000Z,100,0.166666666666667,1.66666666666667,0,0
2026-09-21T22:09:45.000Z,2026-09-21T22:10:35.000Z,50,9.5,11.1666666666667,0,0
2026-09-21T22:13:55.000Z,2026-09-21T22:17:15.000Z,200,3.33333333333333,4.16666666666667,0,0
2026-09-21T22:30:55.000Z,2026-09-21T22:34:25.000Z,210,13.6666666666667,17,0,0
2026-09-21T22:37:45.000Z,2026-09-21T22:38:35.000Z,50,3.33333333333333,6.83333333333333,0,0
2026-09-21T22:48:05.000Z,2026-09-21T22:49:45.000Z,100,9.5,10.3333333333333,0,0
2026-09-21T22:49:55.000Z,2026-09-21T22:51:25.000Z,90,0.166666666666667,1.83333333333333,0,0
2026-09-21T22:54:45.000Z,2026-09-21T22:55:55.000Z,70,3.33333333333333,4.83333333333333,0,0
2026-09-21T22:56:35.000Z,2026-09-21T22:57:35.000Z,60,0.666666666666667,1.83333333333333,0,0
2026-09-21T23:05:25.000Z,2026-09-21T23:06:35.000Z,70,7.83333333333333,8.83333333333333,0,0
2026-09-21T23:07:05.000Z,2026-09-21T23:08:25.000Z,80,0.5,1.66666666666667,0,0
2026-09-21T23:11:35.000Z,2026-09-21T23:14:55.000Z,200,3.16666666666667,4.5,0,0
2026-09-21T23:24:25.000Z,2026-09-21T23:25:15.000Z,50,9.5,12.8333333333333,0,0
2026-09-21T23:28:35.000Z,2026-09-21T23:32:05.000Z,210,3.33333333333333,4.16666666666667,0,0
2026-09-21T23:41:55.000Z,2026-09-21T23:42:05.000Z,10,9.83333333333333,13.3333333333333,0,0
2026-09-21T23:45:45.000Z,2026-09-21T23:49:15.000Z,210,3.66666666666667,3.83333333333333,0,0
2026-09-21T23:52:35.000Z,2026-09-21T23:53:15.000Z,40,3.33333333333333,6.83333333333333,0,0
2026-09-22T00:02:55.000Z,2026-09-22T00:06:15.000Z,200,9.66666666666667,10.3333333333333,0,0
2026-09-22T00:09:25.000Z,2026-09-22T00:10:35.000Z,70,3.16666666666667,6.5,0,0
2026-09-22T00:11:25.000Z,2026-09-22T00:12:15.000Z,50,0.833333333333333,2,0,0
2026-09-22T00:20:05.000Z,2026-09-22T00:21:25.000Z,80,7.83333333333333,8.66666666666667,0,0
2026-09-22T00:21:55.000Z,2026-09-22T00:23:15.000Z,80,0.5,1.83333333333333,0,0
2026-09-22T00:26:25.000Z,2026-09-22T00:27:55.000Z,90,3.16666666666667,4.5,0,0
2026-09-22T00:28:05.000Z,2026-09-22T00:29:35.000Z,90,0.166666666666667,1.66666666666667,0,0
2026-09-22T00:39:05.000Z,2026-09-22T00:40:05.000Z,60,9.5,11,0,0
2026-09-22T00:43:25.000Z,2026-09-22T00:46:55.000Z,210,3.33333333333333,4.33333333333333,0,0
2026-09-22T00:56:35.000Z,2026-09-22T00:56:55.000Z,20,9.66666666666667,13.1666666666667,0,0
2026-09-22T01:00:25.000Z,2026-09-22T01:03:55.000Z,210,3.5,3.83333333333333,0,0
2026-09-22T01:07:25.000Z,2026-09-22T01:07:55.000Z,30,3.5,7,0,0
2026-09-22T01:17:35.000Z,2026-09-22T01:20:55.000Z,200,9.66666666666667,10.1666666666667,0,0
2026-09-22T01:24:15.000Z,2026-09-22T01:25:25.000Z,70,3.33333333333333,6.66666666666667,0,0
2026-09-22T01:26:25.000Z,2026-09-22T01:26:45.000Z,20,1,2.16666666666667,0,0
2026-09-22T01:34:55.000Z,2026-09-22T01:36:15.000Z,80,8.16666666666667,8.5,0,0
2026-09-22T01:36:35.000Z,2026-09-22T01:37:55.000Z,80,0.333333333333333,1.66666666666667,0,0
2026-09-22T01:41:15.000Z,2026-09-22T01:42:35.000Z,80,3.33333333333333,4.66666666666667,0,0
2026-09-22T01:42:55.000Z,2026-09-22T01:44:25.000Z,90,0.333333333333333,1.66666666666667,0,0
2026-09-22T01:53:55.000Z,2026-09-22T01:54:55.000Z,60,9.5,11,0,0
2026-09-22T01:58:15.000Z,2026-09-22T02:01:35.000Z,200,3.33333333333333,4.33333333333333,0,0
2026-09-22T02:11:15.000Z,2026-09-22T02:11:45.000Z,30,9.66666666666667,13,0,0
2026-09-22T02:15:15.000Z,2026-09-22T02:18:45.000Z,210,3.5,4,0,0
2026-09-22T02:22:15.000Z,2026-09-22T02:22:45.000Z,30,3.5,7,0,0
2026-09-22T02:32:25.000Z,2026-09-22T02:35:45.000Z,200,9.66666666666667,10.1666666666667,0,0
2026-09-22T02:39:05.000Z,2026-09-22T02:40:05.000Z,60,3.33333333333333,6.66666666666667,0,0
2026-09-22T02:49:35.000Z,2026-09-22T02:51:05.000Z,90,9.5,10.5,0,0
2026-09-22T02:51:15.000Z,2026-09-22T02:52:45.000Z,90,0.166666666666667,1.66666666666667,0,0
2026-09-22T02:56:05.000Z,2026-09-22T02:57:25.000Z,80,3.33333333333333,4.83333333333333,0,0
2026-09-22T02:57:45.000Z,2026-09-22T02:59:05.000Z,80,0.333333333333333,1.66666666666667,0,0
2026-09-22T03:07:05.000Z,2026-09-22T03:07:45.000Z,40,8,9.33333333333333,0,0
2026-09-22T03:08:35.000Z,2026-09-22T03:09:45.000Z,70,0.833333333333333,1.5,0,0
2026-09-22T03:13:05.000Z,2026-09-22T03:16:25.000Z,200,3.33333333333333,4.5,0,0
2026-09-22T03:25:55.000Z,2026-09-22T03:26:35.000Z,40,9.5,12.8333333333333,0,0
2026-09-22T03:30:05.000Z,2026-09-22T03:33:25.000Z,200,3.5,4.16666666666667,0,0
2026-09-22T03:37:05.000Z,2026-09-22T03:37:15.000Z,10,3.66666666666667,7,0,0
2026-09-22T03:47:05.000Z,2026-09-22T03:50:35.000Z,210,9.83333333333333,10,0,0
2026-09-22T03:53:55.000Z,2026-09-22T03:54:45.000Z,50,3.33333333333333,6.83333333333333,0,0
2026-09-22T04:04:15.000Z,2026-09-22T04:05:55.000Z,100,9.5,10.3333333333333,0,0
2026-09-22T04:06:05.000Z,2026-09-22T04:07:35.000Z,90,0.166666666666667,1.83333333333333,0,0
2026-09-22T04:10:45.000Z,2026-09-22T04:12:05.000Z,80,3.16666666666667,4.66666666666667,0,0
2026-09-22T04:12:35.000Z,2026-09-22T04:13:45.000Z,70,0.5,1.83333333333333,0,0
2026-09-22T04:21:45.000Z,2026-09-22T04:22:45.000Z,60,8,9.16666666666667,0,0
2026-09-22T04:23:15.000Z,2026-09-22T04:24:35.000Z,80,0.5,1.5,0,0
2026-09-22T04:27:45.000Z,2026-09-22T04:31:05.000Z,200,3.16666666666667,4.5,0,0
2026-09-22T04:40:35.000Z,2026-09-22T04:41:25.000Z,50,9.5,12.8333333333333,0,0
2026-09-22T04:44:45.000Z,2026-09-22T04:48:15.000Z,210,3.33333333333333,4.16666666666667,0,0
2026-09-22T05:01:55.000Z,2026-09-22T05:05:25.000Z,210,13.6666666666667,17.1666666666667,0,0
2026-09-22T05:08:45.000Z,2026-09-22T05:09:25.000Z,40,3.33333333333333,6.83333333333333,0,0
2026-09-22T05:19:05.000Z,2026-09-22T05:22:25.000Z,200,9.66666666666667,10.3333333333333,0,0
2026-09-22T05:25:35.000Z,2026-09-22T05:26:55.000Z,80,3.16666666666667,6.5,0,0
2026-09-22T05:27:25.000Z,2026-09-22T05:28:25.000Z,60,0.5,1.83333333333333,0,0
2026-09-22T05:36:25.000Z,2026-09-22T05:37:35.000Z,70,8,9,0,0
2026-09-22T05:38:05.000Z,2026-09-22T05:39:25.000Z,80,0.5,1.66666666666667,0,0
2026-09-22T05:42:35.000Z,2026-09-22T05:44:05.000Z,90,3.16666666666667,4.5,0,0
2026-09-22T05:44:15.000Z,2026-09-22T05:45:55.000Z,100,0.166666666666667,1.66666666666667,0,0
2026-09-22T05:55:25.000Z,2026-09-22T05:56:15.000Z,50,9.5,11.1666666666667,0,0
2026-09-22T05:59:35.000Z,2026-09-22T06:03:05.000Z,210,3.33333333333333,4.16666666666667,0,0
2026-09-22T06:12:45.000Z,2026-09-22T06:13:05.000Z,20,9.66666666666667,13.1666666666667,0,0
2026-09-22T06:16:35.000Z,2026-09-22T06:20:05.000Z,210,3.5,3.83333333333333,0,0
2026-09-22T06:23:35.000Z,2026-09-22T06:24:15.000Z,40,3.5,7,0,0
2026-09-22T06:33:45.000Z,2026-09-22T06:37:05.000Z,200,9.5,10.1666666666667,0,0
2026-09-22T06:40:25.000Z,2026-09-22T06:41:35.000Z,70,3.33333333333333,6.66666666666667,0,0
2026-09-22T06:42:25.000Z,2026-09-22T06:43:05.000Z,40,0.833333333333333,2,0,0
2026-09-22T06:51:05.000Z,2026-09-22T06:52:25.000Z,80,8,8.66666666666667,0,0
2026-09-22T06:52:45.000Z,2026-09-22T06:54:05.000Z,80,0.333333333333333,1.66666666666667,0,0
2026-09-22T06:57:25.000Z,2026-09-22T06:58:55.000Z,90,3.33333333333333,4.66666666666667,0,0
2026-09-22T06:59:05.000Z,2026-09-22T07:00:35.000Z,90,0.166666666666667,1.66666666666667,0,0
2026-09-22T07:10:05.000Z,2026-09-22T07:11:05.000Z,60,9.5,11,0,0
2026-09-22T07:14:25.000Z,2026-09-22T07:17:45.000Z,200,3.33333333333333,4.33333333333333,0,0
2026-09-22T07:27:25.000Z,2026-09-22T07:27:55.000Z,30,9.66666666666667,13,0,0
2026-09-22T07:31:25.000Z,2026-09-22T07:34:55.000Z,210,3.5,4,0,0
2026-09-22T07:38:25.000Z,2026-09-22T07:38:55.000Z,30,3.5,7,0,0
2026-09-22T07:48:35.000Z,2026-09-22T07:51:55.000Z,200,9.66666666666667,10.1666666666667,0,0
2026-09-22T07:55:15.000Z,2026-09-22T07:56:15.000Z,60,3.33333333333333,6.66666666666667,0,0
2026-09-22T08:05:45.000Z,2026-09-22T08:07:15.000Z,90,9.5,10.5,0,0
2026-09-22T08:07:25.000Z,2026-09-22T08:08:55.000Z,90,0.166666666666667,1.66666666666667,0,0
2026-09-22T08:12:15.000Z,2026-09-22T08:13:35.000Z,80,3.33333333333333,4.83333333333333,0,0
2026-09-22T08:13:55.000Z,2026-09-22T08:15:15.000Z,80,0.333333333333333,1.66666666666667,0,0
2026-09-22T08:23:25.000Z,2026-09-22T08:23:45.000Z,20,8.16666666666667,9.5,0,0
2026-09-22T08:24:45.000Z,2026-09-22T08:25:55.000Z,70,1,1.33333333333333,0,0
2026-09-22T08:29:05.000Z,2026-09-22T08:32:35.000Z,210,3.16666666666667,4.33333333333333,0,0
2026-09-22T08:42:05.000Z,2026-09-22T08:42:45.000Z,40,9.5,13,0,0
2026-09-22T08:46:15.000Z,2026-09-22T08:49:35.000Z,200,3.5,4.16666666666667,0,0
2026-09-22T08:53:15.000Z,2026-09-22T08:53:35.000Z,20,3.66666666666667,7,0,0
2026-09-22T09:03:15.000Z,2026-09-22T09:06:45.000Z,210,9.66666666666667,10,0,0
2026-09-22T09:10:05.000Z,2026-09-22T09:10:55.000Z,50,3.33333333333333,6.83333333333333,0,0
2026-09-22T09:20:35.000Z,2026-09-22T09:22:05.000Z,90,9.66666666666667,10.5,0,0
2026-09-22T09:22:15.000Z,2026-09-22T09:23:45.000Z,90,0.166666666666667,1.66666666666667,0,0
2026-09-22T09:26:55.000Z,2026-09-22T09:28:15.000Z,80,3.16666666666667,4.66666666666667,0,0
2026-09-22T09:28:45.000Z,2026-09-22T09:30:05.000Z,80,0.5,1.83333333333333,0,0
2026-09-22T09:37:55.000Z,2026-09-22T09:38:45.000Z,50,7.83333333333333,9.16666666666667,0,0
2026-09-22T09:39:35.000Z,2026-09-22T09:40:45.000Z,70,0.833333333333333,1.66666666666667,0,0
2026-09-22T09:43:55.000Z,2026-09-22T09:47:15.000Z,200,3.16666666666667,4.33333333333333,0,0
2026-09-22T09:56:55.000Z,2026-09-22T09:57:35.000Z,40,9.66666666666667,13,0,0
2026-09-22T10:00:55.000Z,2026-09-22T10:04:25.000Z,210,3.33333333333333,4,0,0
2026-09-22T10:08:05.000Z,2026-09-22T10:08:15.000Z,10,3.66666666666667,7.16666666666667,0,0
2026-09-22T10:18:05.000Z,2026-09-22T10:21:25.000Z,200,9.83333333333333,10,0,0
2026-09-22T10:24:55.000Z,2026-09-22T10:25:45.000Z,50,3.5,6.83333333333333,0,0
2026-09-22T10:35:15.000Z,2026-09-22T10:38:35.000Z,200,9.5,10.3333333333333,0,0
2026-09-22T10:41:45.000Z,2026-09-22T10:43:05.000Z,80,3.16666666666667,6.5,0,0
2026-09-22T10:43:35.000Z,2026-09-22T10:44:45.000Z,70,0.5,1.83333333333333,0,0
2026-09-22T10:52:35.000Z,2026-09-22T10:53:35.000Z,60,7.83333333333333,9,0,0
2026-09-22T10:54:15.000Z,2026-09-22T10:55:25.000Z,70,0.666666666666667,1.66666666666667,0,0
2026-09-22T10:58:45.000Z,2026-09-22T11:00:15.000Z,90,3.33333333333333,4.5,0,0
2026-09-22T11:00:25.000Z,2026-09-22T11:02:05.000Z,100,0.166666666666667,1.66666666666667,0,0
2026-09-22T11:11:35.000Z,2026-09-22T11:12:25.000Z,50,9.5,11.1666666666667,0,0
2026-09-22T11:15:45.000Z,2026-09-22T11:19:15.000Z,210,3.33333333333333,4.16666666666667,0,0
2026-09-22T11:32:45.000Z,2026-09-22T11:36:15.000Z,210,13.5,17,0,0
2026-09-22T11:39:35.000Z,2026-09-22T11:40:25.000Z,50,3.33333333333333,6.83333333333333,0,0
2026-09-22T11:49:55.000Z,2026-09-22T11:51:35.000Z,100,9.5,10.3333333333333,0,0
2026-09-22T11:51:45.000Z,2026-09-22T11:53:15.000Z,90,0.166666666666667,1.83333333333333,0,0
2026-09-22T11:56:35.000Z,2026-09-22T11:57:45.000Z,70,3.33333333333333,4.83333333333333,0,0
2026-09-22T11:58:25.000Z,2026-09-22T11:59:25.000Z,60,0.666666666666667,1.83333333333333,0,0
2026-09-22T12:07:15.000Z,2026-09-22T12:08:35.000Z,80,7.83333333333333,8.83333333333333,0,0
2026-09-22T12:08:55.000Z,2026-09-22T12:10:15.000Z,80,0.333333333333333,1.66666666666667,0,0
2026-09-22T12:13:35.000Z,2026-09-22T12:15:05.000Z,90,3.33333333333333,4.66666666666667,0,0
2026-09-22T12:15:15.000Z,2026-09-22T12:16:45.000Z,90,0.166666666666667,1.66666666666667,0,0
2026-09-22T12:26:15.000Z,2026-09-22T12:27:15.000Z,60,9.5,11,0,0
2026-09-22T12:30:35.000Z,2026-09-22T12:33:55.000Z,200,3.33333333333333,4.33333333333333,0,0
2026-09-22T12:43:45.000Z,2026-09-22T12:44:05.000Z,20,9.83333333333333,13.1666666666667,0,0
2026-09-22T12:47:35.000Z,2026-09-22T12:51:05.000Z,210,3.5,3.83333333333333,0,0
2026-09-22T12:54:25.000Z,2026-09-22T12:55:05.000Z,40,3.33333333333333,6.83333333333333,0,0
2026-09-22T13:04:45.000Z,2026-09-22T13:08:05.000Z,200,9.66666666666667,10.3333333333333,0,0
2026-09-22T13:11:25.000Z,2026-09-22T13:12:25.000Z,60,3.33333333333333,6.66666666666667,0,0
2026-09-22T13:13:25.000Z,2026-09-22T13:13:55.000Z,30,1,2,0,0
2026-09-22T13:21:55.000Z,2026-09-22T13:23:25.000Z,90,8,8.5,0,0
2026-09-22T13:23:45.000Z,2026-09-22T13:25:05.000Z,80,0.333333333333333,1.83333333333333,0,0
2026-09-22T13:28:15.000Z,2026-09-22T13:29:45.000Z,90,3.16666666666667,4.5,0,0
2026-09-22T13:30:05.000Z,2026-09-22T13:31:25.000Z,80,0.333333333333333,1.83333333333333,0,0
2026-09-22T13:40:55.000Z,2026-09-22T13:42:05.000Z,70,9.5,10.8333333333333,0,0
2026-09-22T13:45:15.000Z,2026-09-22T13:48:45.000Z,210,3.16666666666667,4.33333333333333,0,0
2026-09-22T13:58:25.000Z,2026-09-22T13:58:55.000Z,30,9.66666666666667,13.1666666666667,0,0
2026-09-22T14:02:25.000Z,2026-09-22T14:05:45.000Z,200,3.5,4,0,0
2026-09-22T14:09:15.000Z,2026-09-22T14:09:45.000Z,30,3.5,6.83333333333333,0,0
2026-09-22T14:19:25.000Z,2026-09-22T14:22:55.000Z,210,9.66666666666667,10.1666666666667,0,0
2026-09-22T14:26:15.000Z,2026-09-22T14:27:15.000Z,60,3.33333333333333,6.83333333333333,0,0
2026-09-22T14:36:45.000Z,2026-09-22T14:38:15.000Z,90,9.5,10.5,0,0
2026-09-22T14:38:25.000Z,2026-09-22T14:39:55.000Z,90,0.166666666666667,1.66666666666667,0,0
2026-09-22T14:43:05.000Z,2026-09-22T14:44:35.000Z,90,3.16666666666667,4.66666666666667,0,0
2026-09-22T14:44:55.000Z,2026-09-22T14:46:15.000Z,80,0.333333333333333,1.83333333333333,0,0
2026-09-22T14:54:15.000Z,2026-09-22T14:54:45.000Z,30,8,9.33333333333333,0,0
2026-09-22T14:55:45.000Z,2026-09-22T14:56:45.000Z,60,1,1.5,0,0
2026-09-22T15:00:05.000Z,2026-09-22T15:03:25.000Z,200,3.33333333333333,4.33333333333333,0,0
2026-09-22T15:13:05.000Z,2026-09-22T15:13:45.000Z,40,9.66666666666667,13,0,0
2026-09-22T15:17:05.000Z,2026-09-22T15:20:35.000Z,210,3.33333333333333,4,0,0
2026-09-22T15:24:05.000Z,2026-09-22T15:24:25.000Z,20,3.5,7,0,0
2026-09-22T15:34:15.000Z,2026-09-22T15:37:35.000Z,200,9.83333333333333,10.1666666666667,0,0
2026-09-22T15:40:55.000Z,2026-09-22T15:41:55.000Z,60,3.33333333333333,6.66666666666667,0,0
2026-09-22T15:51:25.000Z,2026-09-22T15:52:55.000Z,90,9.5,10.5,0,0
2026-09-22T15:53:05.000Z,2026-09-22T15:54:35.000Z,90,0.166666666666667,1.66666666666667,0,0
2026-09-22T15:57:55.000Z,2026-09-22T15:59:15.000Z,80,3.33333333333333,4.83333333333333,0,0
2026-09-22T15:59:45.000Z,2026-09-22T16:00:55.000Z,70,0.5,1.83333333333333,0,0
2026-09-22T16:08:55.000Z,2026-09-22T16:09:45.000Z,50,8,9.16666666666667,0,0
2026-09-22T16:10:25.000Z,2026-09-22T16:11:35.000Z,70,0.666666666666667,1.5,0,0
2026-09-22T16:14:55.000Z,2026-09-22T16:16:25.000Z,90,3.33333333333333,4.5,0,0
2026-09-22T16:16:35.000Z,2026-09-22T16:18:15.000Z,100,0.166666666666667,1.66666666666667,0,0
2026-09-22T16:27:45.000Z,2026-09-22T16:28:35.000Z,50,9.5,11.1666666666667,0,0
2026-09-22T16:31:55.000Z,2026-09-22T16:35:25.000Z,210,3.33333333333333,4.16666666666667,0,0
2026-09-22T16:48:55.000Z,2026-09-22T16:52:25.000Z,210,13.5,17,0,0
2026-09-22T16:55:45.000Z,2026-09-22T16:56:35.000Z,50,3.33333333333333,6.83333333333333,0,0
2026-09-22T17:06:05.000Z,2026-09-22T17:07:45.000Z,100,9.5,10.3333333333333,0,0
2026-09-22T17:07:55.000Z,2026-09-22T17:09:25.000Z,90,0.166666666666667,1.83333333333333,0,0
2026-09-22T17:12:45.000Z,2026-09-22T17:13:55.000Z,70,3.33333333333333,4.83333333333333,0,0
2026-09-22T17:14:35.000Z,2026-09-22T17:15:35.000Z,60,0.666666666666667,1.83333333333333,0,0
2026-09-22T17:23:35.000Z,2026-09-22T17:24:35.000Z,60,8,9,0,0
2026-09-22T17:25:05.000Z,2026-09-22T17:26:25.000Z,80,0.5,1.5,0,0
2026-09-22T17:29:45.000Z,2026-09-22T17:31:15.000Z,90,3.33333333333333,4.66666666666667,0,0
2026-09-22T17:31:25.000Z,2026-09-22T17:32:55.000Z,90,0.166666666666667,1.66666666666667,0,0
2026-09-22T17:42:25.000Z,2026-09-22T17:43:25.000Z,60,9.5,11,0,0
2026-09-22T17:46:45.000Z,2026-09-22T17:50:05.000Z,200,3.33333333333333,4.33333333333333,0,0
2026-09-22T18:03:45.000Z,2026-09-22T18:07:15.000Z,210,13.6666666666667,17,0,0
2026-09-22T18:10:35.000Z,2026-09-22T18:11:25.000Z,50,3.33333333333333,6.83333333333333,0,0
2026-09-22T18:20:55.000Z,2026-09-22T18:24:15.000Z,200,9.5,10.3333333333333,0,0
2026-09-22T18:27:35.000Z,2026-09-22T18:28:45.000Z,70,3.33333333333333,6.66666666666667,0,0
2026-09-22T18:29:25.000Z,2026-09-22T18:30:15.000Z,50,0.666666666666667,1.83333333333333,0,0
2026-09-22T18:38:15.000Z,2026-09-22T18:39:25.000Z,70,8,8.83333333333333,0,0
2026-09-22T18:39:55.000Z,2026-09-22T18:41:15.000Z,80,0.5,1.66666666666667,0,0
2026-09-22T18:44:25.000Z,2026-09-22T18:45:55.000Z,90,3.16666666666667,4.5,0,0
2026-09-22T18:46:05.000Z,2026-09-22T18:47:45.000Z,100,0.166666666666667,1.66666666666667,0,0
2026-09-22T18:57:15.000Z,2026-09-22T18:58:05.000Z,50,9.5,11.1666666666667,0,0
2026-09-22T19:01:25.000Z,2026-09-22T19:04:55.000Z,210,3.33333333333333,4.16666666666667,0,0
2026-09-22T19:14:35.000Z,2026-09-22T19:15:05.000Z,30,9.66666666666667,13.1666666666667,0,0
2026-09-22T19:18:35.000Z,2026-09-22T19:21:55.000Z,200,3.5,4,0,0
2026-09-22T19:25:25.000Z,2026-09-22T19:26:05.000Z,40,3.5,6.83333333333333,0,0
2026-09-22T19:35:35.000Z,2026-09-22T19:39:05.000Z,210,9.5,10.1666666666667,0,0
2026-09-22T19:42:15.000Z,2026-09-22T19:43:25.000Z,70,3.16666666666667,6.66666666666667,0,0
2026-09-22T19:44:25.000Z,2026-09-22T19:44:45.000Z,20,1,2.16666666666667,0,0
2026-09-22T19:52:55.000Z,2026-09-22T19:54:15.000Z,80,8.16666666666667,8.5,0,0
2026-09-22T19:54:35.000Z,2026-09-22T19:56:05.000Z,90,0.333333333333333,1.66666666666667,0,0
2026-09-22T19:59:15.000Z,2026-09-22T20:00:45.000Z,90,3.16666666666667,4.66666666666667,0,0
2026-09-22T20:00:55.000Z,2026-09-22T20:02:25.000Z,90,0.166666666666667,1.66666666666667,0,0
2026-09-22T20:11:55.000Z,2026-09-22T20:12:55.000Z,60,9.5,11,0,0
2026-09-22T20:16:15.000Z,2026-09-22T20:19:35.000Z,200,3.33333333333333,4.33333333333333,0,0
2026-09-22T20:29:15.000Z,2026-09-22T20:29:55.000Z,40,9.66666666666667,13,0,0
2026-09-22T20:33:15.000Z,2026-09-22T20:36:45.000Z,210,3.33333333333333,4,0,0
2026-09-22T20:40:15.000Z,2026-09-22T20:40:45.000Z,30,3.5,7,0,0
2026-09-22T20:50:25.000Z,2026-09-22T20:53:45.000Z,200,9.66666666666667,10.1666666666667,0,0
2026-09-22T20:57:05.000Z,2026-09-22T20:58:05.000Z,60,3.33333333333333,6.66666666666667,0,0
2026-09-22T21:07:35.000Z,2026-09-22T21:09:05.000Z,90,9.5,10.5,0,0
2026-09-22T21:09:25.000Z,2026-09-22T21:10:45.000Z,80,0.333333333333333,1.83333333333333,0,0
2026-09-22T21:14:05.000Z,2026-09-22T21:15:25.000Z,80,3.33333333333333,4.66666666666667,0,0
2026-09-22T21:15:45.000Z,2026-09-22T21:17:05.000Z,80,0.333333333333333,1.66666666666667,0,0
2026-09-22T21:25:05.000Z,2026-09-22T21:25:45.000Z,40,8,9.33333333333333,0,0
2026-09-22T21:26:35.000Z,2026-09-22T21:27:45.000Z,70,0.833333333333333,1.5,0,0
2026-09-22T21:31:05.000Z,2026-09-22T21:34:25.000Z,200,3.33333333333333,4.5,0,0
2026-09-22T21:43:55.000Z,2026-09-22T21:44:45.000Z,50,9.5,12.8333333333333,0,0
2026-09-22T21:48:05.000Z,2026-09-22T21:51:35.000Z,210,3.33333333333333,4.16666666666667,0,0
2026-09-22T21:55:05.000Z,2026-09-22T21:55:25.000Z,20,3.5,7,0,0
2026-09-22T22:05:15.000Z,2026-09-22T22:08:35.000Z,200,9.83333333333333,10.1666666666667,0,0
2026-09-22T22:11:55.000Z,2026-09-22T22:12:55.000Z,60,3.33333333333333,6.66666666666667,0,0
2026-09-22T22:22:25.000Z,2026-09-22T22:23:55.000Z,90,9.5,10.5,0,0
2026-09-22T22:24:05.000Z,2026-09-22T22:25:35.000Z,90,0.166666666666667,1.66666666666667,0,0
2026-09-22T22:28:55.000Z,2026-09-22T22:30:05.000Z,70,3.33333333333333,4.83333333333333,0,0
2026-09-22T22:30:35.000Z,2026-09-22T22:31:55.000Z,80,0.5,1.66666666666667,0,0
2026-09-22T22:39:45.000Z,2026-09-22T22:40:45.000Z,60,7.83333333333333,9.16666666666667,0,0
2026-09-22T22:41:25.000Z,2026-09-22T22:42:35.000Z,70,0.666666666666667,1.66666666666667,0,0
2026-09-22T22:45:45.000Z,2026-09-22T22:49:05.000Z,200,3.16666666666667,4.33333333333333,0,0
2026-09-22T22:58:45.000Z,2026-09-22T22:59:25.000Z,40,9.66666666666667,13,0,0
2026-09-22T23:02:55.000Z,2026-09-22T23:06:15.000Z,200,3.5,4.16666666666667,0,0
2026-09-22T23:19:55.000Z,2026-09-22T23:23:25.000Z,210,13.6666666666667,17,0,0
2026-09-22T23:26:45.000Z,2026-09-22T23:27:35.000Z,50,3.33333333333333,6.83333333333333,0,0
2026-09-22T23:37:05.000Z,2026-09-22T23:40:25.000Z,200,9.5,10.3333333333333,0,0
2026-09-22T23:43:35.000Z,2026-09-22T23:44:55.000Z,80,3.16666666666667,6.5,0,0
2026-09-22T23:45:35.000Z,2026-09-22T23:46:35.000Z,60,0.666666666666667,2,0,0
2026-09-22T23:54:25.000Z,2026-09-22T23:55:35.000Z,70,7.83333333333333,8.83333333333333,0,0
2026-09-22T23:56:05.000Z,2026-09-22T23:57:25.000Z,80,0.5,1.66666666666667,0,0
2026-09-23T00:00:35.000Z,2026-09-23T00:02:05.000Z,90,3.16666666666667,4.5,0,0
2026-09-23T00:02:15.000Z,2026-09-23T00:03:55.000Z,100,0.166666666666667,1.66666666666667,0,0
2026-09-23T00:13:25.000Z,2026-09-23T00:14:15.000Z,50,9.5,11.1666666666667,0,0
2026-09-23T00:17:35.000Z,2026-09-23T00:21:05.000Z,210,3.33333333333333,4.16666666666667,0,0
2026-09-23T00:30:55.000Z,2026-09-23T00:31:05.000Z,10,9.83333333333333,13.3333333333333,0,0
2026-09-23T00:34:45.000Z,2026-09-23T00:38:05.000Z,200,3.66666666666667,3.83333333333333,0,0
2026-09-23T00:41:35.000Z,2026-09-23T00:42:15.000Z,40,3.5,6.83333333333333,0,0
2026-09-23T00:51:55.000Z,2026-09-23T00:55:15.000Z,200,9.66666666666667,10.3333333333333,0,0
2026-09-23T00:58:25.000Z,2026-09-23T00:59:35.000Z,70,3.16666666666667,6.5,0,0
2026-09-23T01:00:25.000Z,2026-09-23T01:01:05.000Z,40,0.833333333333333,2,0,0
2026-09-23T01:09:05.000Z,2026-09-23T01:10:25.000Z,80,8,8.66666666666667,0,0
2026-09-23T01:10:45.000Z,2026-09-23T01:12:15.000Z,90,0.333333333333333,1.66666666666667,0,0
2026-09-23T01:15:25.000Z,2026-09-23T01:16:55.000Z,90,3.16666666666667,4.66666666666667,0,0
2026-09-23T01:17:05.000Z,2026-09-23T01:18:35.000Z,90,0.166666666666667,1.66666666666667,0,0
2026-09-23T01:28:05.000Z,2026-09-23T01:29:05.000Z,60,9.5,11,0,0
2026-09-23T01:32:25.000Z,2026-09-23T01:35:45.000Z,200,3.33333333333333,4.33333333333333,0,0
2026-09-23T01:45:35.000Z,2026-09-23T01:45:55.000Z,20,9.83333333333333,13.1666666666667,0,0
2026-09-23T01:49:25.000Z,2026-09-23T01:52:55.000Z,210,3.5,3.83333333333333,0,0
2026-09-23T01:56:25.000Z,2026-09-23T01:56:55.000Z,30,3.5,7,0,0
2026-09-23T02:06:35.000Z,2026-09-23T02:09:55.000Z,200,9.66666666666667,10.1666666666667,0,0
2026-09-23T02:13:15.000Z,2026-09-23T02:14:15.000Z,60,3.33333333333333,6.66666666666667,0,0
2026-09-23T02:23:45.000Z,2026-09-23T02:25:15.000Z,90,9.5,10.5,0,0
2026-09-23T02:25:35.000Z,2026-09-23T02:26:55.000Z,80,0.333333333333333,1.83333333333333,0,0
2026-09-23T02:30:15.000Z,2026-09-23T02:31:35.000Z,80,3.33333333333333,4.66666666666667,0,0
2026-09-23T02:31:55.000Z,2026-09-23T02:33:25.000Z,90,0.333333333333333,1.66666666666667,0,0
2026-09-23T02:41:35.000Z,2026-09-23T02:41:45.000Z,10,8.16666666666667,9.66666666666667,0,0
2026-09-23T02:42:55.000Z,2026-09-23T02:43:55.000Z,60,1.16666666666667,1.33333333333333,0,0
2026-09-23T02:47:15.000Z,2026-09-23T02:50:35.000Z,200,3.33333333333333,4.33333333333333,0,0
2026-09-23T03:00:15.000Z,2026-09-23T03:00:45.000Z,30,9.66666666666667,13,0,0
2026-09-23T03:04:15.000Z,2026-09-23T03:07:45.000Z,210,3.5,4,0,0
2026-09-23T03:11:15.000Z,2026-09-23T03:11:35.000Z,20,3.5,7,0,0
2026-09-23T03:21:25.000Z,2026-09-23T03:24:45.000Z,200,9.83333333333333,10.1666666666667,0,0
2026-09-23T03:28:05.000Z,2026-09-23T03:29:05.000Z,60,3.33333333333333,6.66666666666667,0,0
2026-09-23T03:38:35.000Z,2026-09-23T03:40:05.000Z,90,9.5,10.5,0,0
2026-09-23T03:40:15.000Z,2026-09-23T03:41:45.000Z,90,0.166666666666667,1.66666666666667,0,0
2026-09-23T03:45:05.000Z,2026-09-23T03:46:25.000Z,80,3.33333333333333,4.83333333333333,0,0
2026-09-23T03:46:45.000Z,2026-09-23T03:48:05.000Z,80,0.333333333333333,1.66666666666667,0,0
2026-09-23T03:56:05.000Z,2026-09-23T03:56:45.000Z,40,8,9.33333333333333,0,0
2026-09-23T03:57:35.000Z,2026-09-23T03:58:45.000Z,70,0.833333333333333,1.5,0,0
2026-09-23T04:01:55.000Z,2026-09-23T04:05:15.000Z,200,3.16666666666667,4.33333333333333,0,0
2026-09-23T04:14:55.000Z,2026-09-23T04:15:35.000Z,40,9.66666666666667,13,0,0
2026-09-23T04:19:05.000Z,2026-09-23T04:22:25.000Z,200,3.5,4.16666666666667,0,0
2026-09-23T04:26:05.000Z,2026-09-23T04:26:15.000Z,10,3.66666666666667,7,0,0
2026-09-23T04:36:05.000Z,2026-09-23T04:39:35.000Z,210,9.83333333333333,10,0,0
2026-09-23T04:42:55.000Z,2026-09-23T04:43:45.000Z,50,3.33333333333333,6.83333333333333,0,0
2026-09-23T04:53:15.000Z,2026-09-23T04:54:55.000Z,100,9.5,10.3333333333333,0,0
2026-09-23T04:55:05.000Z,2026-09-23T04:56:35.000Z,90,0.166666666666667,1.83333333333333,0,0
2026-09-23T04:59:45.000Z,2026-09-23T05:01:05.000Z,80,3.16666666666667,4.66666666666667,0,0
2026-09-23T05:01:35.000Z,2026-09-23T05:02:45.000Z,70,0.5,1.83333333333333,0,0
2026-09-23T05:10:35.000Z,2026-09-23T05:11:45.000Z,70,7.83333333333333,9,0,0
2026-09-23T05:12:15.000Z,2026-09-23T05:13:35.000Z,80,0.5,1.66666666666667,0,0
2026-09-23T05:16:45.000Z,2026-09-23T05:20:05.000Z,200,3.16666666666667,4.5,0,0
2026-09-23T05:29:35.000Z,2026-09-23T05:30:25.000Z,50,9.5,12.8333333333333,0,0
2026-09-23T05:33:45.000Z,2026-09-23T05:37:15.000Z,210,3.33333333333333,4.16666666666667,0,0
2026-09-23T05:50:55.000Z,2026-09-23T05:54:15.000Z,200,13.6666666666667,17.1666666666667,0,0
2026-09-23T05:57:45.000Z,2026-09-23T05:58:25.000Z,40,3.5,6.83333333333333,0,0
2026-09-23T06:08:05.000Z,2026-09-23T06:11:25.000Z,200,9.66666666666667,10.3333333333333,0,0
2026-09-23T06:14:35.000Z,2026-09-23T06:15:45.000Z,70,3.16666666666667,6.5,0,0
2026-09-23T06:16:25.000Z,2026-09-23T06:17:25.000Z,60,0.666666666666667,1.83333333333333,0,0
2026-09-23T06:25:25.000Z,2026-09-23T06:26:35.000Z,70,8,9,0,0
2026-09-23T06:27:05.000Z,2026-09-23T06:28:15.000Z,70,0.5,1.66666666666667,0,0
2026-09-23T06:31:35.000Z,2026-09-23T06:33:05.000Z,90,3.33333333333333,4.5,0,0
2026-09-23T06:33:15.000Z,2026-09-23T06:34:45.000Z,90,0.166666666666667,1.66666666666667,0,0
2026-09-23T06:44:15.000Z,2026-09-23T06:45:15.000Z,60,9.5,11,0,0
2026-09-23T06:48:35.000Z,2026-09-23T06:52:05.000Z,210,3.33333333333333,4.33333333333333,0,0
2026-09-23T07:01:45.000Z,2026-09-23T07:02:05.000Z,20,9.66666666666667,13.1666666666667,0,0
2026-09-23T07:05:35.000Z,2026-09-23T07:09:05.000Z,210,3.5,3.83333333333333,0,0
2026-09-23T07:12:35.000Z,2026-09-23T07:13:15.000Z,40,3.5,7,0,0
2026-09-23T07:22:45.000Z,2026-09-23T07:26:05.000Z,200,9.5,10.1666666666667,0,0
2026-09-23T07:29:25.000Z,2026-09-23T07:30:35.000Z,70,3.33333333333333,6.66666666666667,0,0
2026-09-23T07:31:25.000Z,2026-09-23T07:32:05.000Z,40,0.833333333333333,2,0,0
2026-09-23T07:40:05.000Z,2026-09-23T07:41:25.000Z,80,8,8.66666666666667,0,0
2026-09-23T07:41:45.000Z,2026-09-23T07:43:05.000Z,80,0.333333333333333,1.66666666666667,0,0
2026-09-23T07:46:25.000Z,2026-09-23T07:47:45.000Z,80,3.33333333333333,4.66666666666667,0,0
2026-09-23T07:48:05.000Z,2026-09-23T07:49:35.000Z,90,0.333333333333333,1.66666666666667,0,0
2026-09-23T07:59:05.000Z,2026-09-23T08:00:05.000Z,60,9.5,11,0,0
2026-09-23T08:03:25.000Z,2026-09-23T08:06:45.000Z,200,3.33333333333333,4.33333333333333,0,0
2026-09-23T08:16:25.000Z,2026-09-23T08:16:55.000Z,30,9.66666666666667,13,0,0
2026-09-23T08:20:25.000Z,2026-09-23T08:23:55.000Z,210,3.5,4,0,0
2026-09-23T08:27:15.000Z,2026-09-23T08:27:55.000Z,40,3.33333333333333,6.83333333333333,0,0
2026-09-23T08:37:35.000Z,2026-09-23T08:40:55.000Z,200,9.66666666666667,10.3333333333333,0,0
2026-09-23T08:44:15.000Z,2026-09-23T08:45:15.000Z,60,3.33333333333333,6.66666666666667,0,0
2026-09-23T08:54:45.000Z,2026-09-23T08:56:15.000Z,90,9.5,10.5,0,0
2026-09-23T08:56:25.000Z,2026-09-23T08:57:55.000Z,90,0.166666666666667,1.66666666666667,0,0
2026-09-23T09:01:05.000Z,2026-09-23T09:02:35.000Z,90,3.16666666666667,4.66666666666667,0,0
2026-09-23T09:02:55.000Z,2026-09-23T09:04:15.000Z,80,0.333333333333333,1.83333333333333,0,0
2026-09-23T09:12:25.000Z,2026-09-23T09:12:45.000Z,20,8.16666666666667,9.5,0,0
2026-09-23T09:13:45.000Z,2026-09-23T09:14:55.000Z,70,1,1.33333333333333,0,0
2026-09-23T09:18:05.000Z,2026-09-23T09:21:35.000Z,210,3.16666666666667,4.33333333333333,0,0
2026-09-23T09:31:05.000Z,2026-09-23T09:31:45.000Z,40,9.5,13,0,0
2026-09-23T09:35:15.000Z,2026-09-23T09:38:35.000Z,200,3.5,4.16666666666667,0,0
2026-09-23T09:42:15.000Z,2026-09-23T09:42:35.000Z,20,3.66666666666667,7,0,0
2026-09-23T09:52:15.000Z,2026-09-23T09:55:45.000Z,210,9.66666666666667,10,0,0
2026-09-23T09:59:05.000Z,2026-09-23T09:59:55.000Z,50,3.33333333333333,6.83333333333333,0,0
2026-09-23T10:09:25.000Z,2026-09-23T10:11:05.000Z,100,9.5,10.3333333333333,0,0
2026-09-23T10:11:15.000Z,2026-09-23T10:12:45.000Z,90,0.166666666666667,1.83333333333333,0,0
2026-09-23T10:15:55.000Z,2026-09-23T10:17:15.000Z,80,3.16666666666667,4.66666666666667,0,0
2026-09-23T10:17:45.000Z,2026-09-23T10:18:55.000Z,70,0.5,1.83333333333333,0,0
2026-09-23T10:26:55.000Z,2026-09-23T10:27:45.000Z,50,8,9.16666666666667,0,0
2026-09-23T10:28:25.000Z,2026-09-23T10:29:35.000Z,70,0.666666666666667,1.5,0,0
2026-09-23T10:32:55.000Z,2026-09-23T10:36:15.000Z,200,3.33333333333333,4.5,0,0
2026-09-23T10:45:45.000Z,2026-09-23T10:46:35.000Z,50,9.5,12.8333333333333,0,0
2026-09-23T10:49:55.000Z,2026-09-23T10:53:25.000Z,210,3.33333333333333,4.16666666666667,0,0
2026-09-23T11:07:05.000Z,2026-09-23T11:10:25.000Z,200,13.6666666666667,17.1666666666667,0,0
2026-09-23T11:13:45.000Z,2026-09-23T11:14:45.000Z,60,3.33333333333333,6.66666666666667,0,0
2026-09-23T11:24:15.000Z,2026-09-23T11:27:25.000Z,190,9.5,10.5,0,0
2026-09-23T11:30:45.000Z,2026-09-23T11:32:05.000Z,80,3.33333333333333,6.5,0,0
2026-09-23T11:32:35.000Z,2026-09-23T11:33:35.000Z,60,0.5,1.83333333333333,0,0
2026-09-23T11:41:35.000Z,2026-09-23T11:42:35.000Z,60,8,9,0,0
2026-09-23T11:43:15.000Z,2026-09-23T11:44:25.000Z,70,0.666666666666667,1.66666666666667,0,0
2026-09-23T11:47:45.000Z,2026-09-23T11:49:15.000Z,90,3.33333333333333,4.5,0,0
2026-09-23T11:49:25.000Z,2026-09-23T11:51:05.000Z,100,0.166666666666667,1.66666666666667,0,0
2026-09-23T12:00:35.000Z,2026-09-23T12:01:25.000Z,50,9.5,11.1666666666667,0,0
2026-09-23T12:04:45.000Z,2026-09-23T12:08:15.000Z,210,3.33333333333333,4.16666666666667,0,0
2026-09-23T12:21:45.000Z,2026-09-23T12:25:15.000Z,210,13.5,17,0,0
2026-09-23T12:28:35.000Z,2026-09-23T12:29:25.000Z,50,3.33333333333333,6.83333333333333,0,0
2026-09-23T12:38:55.000Z,2026-09-23T12:40:35.000Z,100,9.5,10.3333333333333,0,0
2026-09-23T12:40:45.000Z,2026-09-23T12:42:15.000Z,90,0.166666666666667,1.83333333333333,0,0
2026-09-23T12:45:35.000Z,2026-09-23T12:46:45.000Z,70,3.33333333333333,4.83333333333333,0,0
2026-09-23T12:47:25.000Z,2026-09-23T12:48:15.000Z,50,0.666666666666667,1.83333333333333,0,0
2026-09-23T12:56:15.000Z,2026-09-23T12:57:25.000Z,70,8,8.83333333333333,0,0
2026-09-23T12:57:55.000Z,2026-09-23T12:59:15.000Z,80,0.5,1.66666666666667,0,0
2026-09-23T13:02:35.000Z,2026-09-23T13:04:05.000Z,90,3.33333333333333,4.66666666666667,0,0
2026-09-23T13:04:15.000Z,2026-09-23T13:05:45.000Z,90,0.166666666666667,1.66666666666667,0,0
2026-09-23T13:15:15.000Z,2026-09-23T13:16:15.000Z,60,9.5,11,0,0
2026-09-23T13:19:35.000Z,2026-09-23T13:22:55.000Z,200,3.33333333333333,4.33333333333333,0,0
2026-09-23T13:32:45.000Z,2026-09-23T13:33:05.000Z,20,9.83333333333333,13.1666666666667,0,0
2026-09-23T13:36:35.000Z,2026-09-23T13:40:05.000Z,210,3.5,3.83333333333333,0,0
2026-09-23T13:43:25.000Z,2026-09-23T13:44:05.000Z,40,3.33333333333333,6.83333333333333,0,0
2026-09-23T13:53:45.000Z,2026-09-23T13:57:05.000Z,200,9.66666666666667,10.3333333333333,0,0
2026-09-23T14:00:25.000Z,2026-09-23T14:01:25.000Z,60,3.33333333333333,6.66666666666667,0,0
2026-09-23T14:02:25.000Z,2026-09-23T14:02:55.000Z,30,1,2,0,0
2026-09-23T14:10:55.000Z,2026-09-23T14:12:25.000Z,90,8,8.5,0,0
2026-09-23T14:12:35.000Z,2026-09-23T14:14:05.000Z,90,0.166666666666667,1.66666666666667,0,0
2026-09-23T14:17:15.000Z,2026-09-23T14:18:45.000Z,90,3.16666666666667,4.66666666666667,0,0
2026-09-23T14:18:55.000Z,2026-09-23T14:20:25.000Z,90,0.166666666666667,1.66666666666667,0,0
2026-09-23T14:29:55.000Z,2026-09-23T14:31:05.000Z,70,9.5,11,0,0
2026-09-23T14:34:15.000Z,2026-09-23T14:37:45.000Z,210,3.16666666666667,4.33333333333333,0,0
2026-09-23T14:47:25.000Z,2026-09-23T14:47:55.000Z,30,9.66666666666667,13.1666666666667,0,0
2026-09-23T14:51:25.000Z,2026-09-23T14:54:45.000Z,200,3.5,4,0,0
2026-09-23T14:58:15.000Z,2026-09-23T14:58:45.000Z,30,3.5,6.83333333333333,0,0
2026-09-23T15:08:25.000Z,2026-09-23T15:11:55.000Z,210,9.66666666666667,10.1666666666667,0,0
2026-09-23T15:15:05.000Z,2026-09-23T15:16:15.000Z,70,3.16666666666667,6.66666666666667,0,0
2026-09-23T15:25:45.000Z,2026-09-23T15:27:05.000Z,80,9.5,10.6666666666667,0,0
2026-09-23T15:27:25.000Z,2026-09-23T15:28:55.000Z,90,0.333333333333333,1.66666666666667,0,0
2026-09-23T15:32:05.000Z,2026-09-23T15:33:25.000Z,80,3.16666666666667,4.66666666666667,0,0
2026-09-23T15:33:45.000Z,2026-09-23T15:35:15.000Z,90,0.333333333333333,1.66666666666667,0,0
2026-09-23T15:43:15.000Z,2026-09-23T15:43:45.000Z,30,8,9.5,0,0
2026-09-23T15:44:45.000Z,2026-09-23T15:45:45.000Z,60,1,1.5,0,0
2026-09-23T15:49:05.000Z,2026-09-23T15:52:25.000Z,200,3.33333333333333,4.33333333333333,0,0
2026-09-23T16:02:05.000Z,2026-09-23T16:02:45.000Z,40,9.66666666666667,13,0,0
2026-09-23T16:06:05.000Z,2026-09-23T16:09:35.000Z,210,3.33333333333333,4,0,0
2026-09-23T16:13:05.000Z,2026-09-23T16:13:25.000Z,20,3.5,7,0,0
2026-09-23T16:23:15.000Z,2026-09-23T16:26:35.000Z,200,9.83333333333333,10.1666666666667,0,0
2026-09-23T16:29:55.000Z,2026-09-23T16:30:55.000Z,60,3.33333333333333,6.66666666666667,0,0
2026-09-23T16:40:25.000Z,2026-09-23T16:41:55.000Z,90,9.5,10.5,0,0
2026-09-23T16:42:05.000Z,2026-09-23T16:43:35.000Z,90,0.166666666666667,1.66666666666667,0,0
2026-09-23T16:46:55.000Z,2026-09-23T16:48:15.000Z,80,3.33333333333333,4.83333333333333,0,0
2026-09-23T16:48:45.000Z,2026-09-23T16:49:55.000Z,70,0.5,1.83333333333333,0,0
2026-09-23T16:57:45.000Z,2026-09-23T16:58:45.000Z,60,7.83333333333333,9,0,0
2026-09-23T16:59:25.000Z,2026-09-23T17:00:35.000Z,70,0.666666666666667,1.66666666666667,0,0
2026-09-23T17:03:55.000Z,2026-09-23T17:05:25.000Z,90,3.33333333333333,4.5,0,0
2026-09-23T17:05:35.000Z,2026-09-23T17:07:15.000Z,100,0.166666666666667,1.66666666666667,0,0
2026-09-23T17:16:45.000Z,2026-09-23T17:17:35.000Z,50,9.5,11.1666666666667,0,0
2026-09-23T17:20:55.000Z,2026-09-23T17:24:25.000Z,210,3.33333333333333,4.16666666666667,0,0
2026-09-23T17:37:55.000Z,2026-09-23T17:41:25.000Z,210,13.5,17,0,0
2026-09-23T17:44:45.000Z,2026-09-23T17:45:35.000Z,50,3.33333333333333,6.83333333333333,0,0
2026-09-23T17:55:05.000Z,2026-09-23T17:56:45.000Z,100,9.5,10.3333333333333,0,0
2026-09-23T17:56:55.000Z,2026-09-23T17:58:25.000Z,90,0.166666666666667,1.83333333333333,0,0
2026-09-23T18:01:45.000Z,2026-09-23T18:02:55.000Z,70,3.33333333333333,4.83333333333333,0,0
2026-09-23T18:03:35.000Z,2026-09-23T18:04:35.000Z,60,0.666666666666667,1.83333333333333,0,0
2026-09-23T18:12:25.000Z,2026-09-23T18:13:35.000Z,70,7.83333333333333,8.83333333333333,0,0
2026-09-23T18:14:05.000Z,2026-09-23T18:15:25.000Z,80,0.5,1.66666666666667,0,0
2026-09-23T18:18:35.000Z,2026-09-23T18:21:55.000Z,200,3.16666666666667,4.5,0,0
2026-09-23T18:31:25.000Z,2026-09-23T18:32:25.000Z,60,9.5,12.8333333333333,0,0
2026-09-23T18:35:45.000Z,2026-09-23T18:39:05.000Z,200,3.33333333333333,4.33333333333333,0,0
2026-09-23T18:48:55.000Z,2026-09-23T18:49:05.000Z,10,9.83333333333333,13.1666666666667,0,0
2026-09-23T18:52:45.000Z,2026-09-23T18:56:15.000Z,210,3.66666666666667,3.83333333333333,0,0
2026-09-23T18:59:35.000Z,2026-09-23T19:00:15.000Z,40,3.33333333333333,6.83333333333333,0,0
2026-09-23T19:09:55.000Z,2026-09-23T19:13:15.000Z,200,9.66666666666667,10.3333333333333,0,0
2026-09-23T19:16:25.000Z,2026-09-23T19:17:35.000Z,70,3.16666666666667,6.5,0,0
2026-09-23T19:18:25.000Z,2026-09-23T19:19:15.000Z,50,0.833333333333333,2,0,0
2026-09-23T19:27:15.000Z,2026-09-23T19:28:25.000Z,70,8,8.83333333333333,0,0
2026-09-23T19:28:55.000Z,2026-09-23T19:30:15.000Z,80,0.5,1.66666666666667,0,0
2026-09-23T19:33:25.000Z,2026-09-23T19:34:55.000Z,90,3.16666666666667,4.5,0,0
2026-09-23T19:35:05.000Z,2026-09-23T19:36:45.000Z,100,0.166666666666667,1.66666666666667,0,0
2026-09-23T19:46:15.000Z,2026-09-23T19:47:05.000Z,50,9.5,11.1666666666667,0,0
2026-09-23T19:50:25.000Z,2026-09-23T19:53:55.000Z,210,3.33333333333333,4.16666666666667,0,0
2026-09-23T20:03:35.000Z,2026-09-23T20:03:55.000Z,20,9.66666666666667,13.1666666666667,0,0
2026-09-23T20:07:35.000Z,2026-09-23T20:10:55.000Z,200,3.66666666666667,4,0,0
2026-09-23T20:14:25.000Z,2026-09-23T20:15:05.000Z,40,3.5,6.83333333333333,0,0
2026-09-23T20:24:35.000Z,2026-09-23T20:28:05.000Z,210,9.5,10.1666666666667,0,0
2026-09-23T20:31:15.000Z,2026-09-23T20:32:25.000Z,70,3.16666666666667,6.66666666666667,0,0
2026-09-23T20:33:25.000Z,2026-09-23T20:33:45.000Z,20,1,2.16666666666667,0,0
2026-09-23T20:41:55.000Z,2026-09-23T20:43:15.000Z,80,8.16666666666667,8.5,0,0
2026-09-23T20:43:35.000Z,2026-09-23T20:45:05.000Z,90,0.333333333333333,1.66666666666667,0,0
2026-09-23T20:48:15.000Z,2026-09-23T20:49:45.000Z,90,3.16666666666667,4.66666666666667,0,0
2026-09-23T20:49:55.000Z,2026-09-23T20:51:25.000Z,90,0.166666666666667,1.66666666666667,0,0
2026-09-23T21:00:55.000Z,2026-09-23T21:01:55.000Z,60,9.5,11,0,0
2026-09-23T21:05:15.000Z,2026-09-23T21:08:35.000Z,200,3.33333333333333,4.33333333333333,0,0
2026-09-23T21:18:15.000Z,2026-09-23T21:18:45.000Z,30,9.66666666666667,13,0,0
2026-09-23T21:22:15.000Z,2026-09-23T21:25:45.000Z,210,3.5,4,0,0
2026-09-23T21:29:15.000Z,2026-09-23T21:29:45.000Z,30,3.5,7,0,0
2026-09-23T21:39:25.000Z,2026-09-23T21:42:45.000Z,200,9.66666666666667,10.1666666666667,0,0
2026-09-23T21:46:05.000Z,2026-09-23T21:47:05.000Z,60,3.33333333333333,6.66666666666667,0,0
2026-09-23T21:56:35.000Z,2026-09-23T21:58:05.000Z,90,9.5,10.5,0,0
2026-09-23T21:58:15.000Z,2026-09-23T21:59:45.000Z,90,0.166666666666667,1.66666666666667,0,0
2026-09-23T22:03:05.000Z,2026-09-23T22:04:25.000Z,80,3.33333333333333,4.83333333333333,0,0
2026-09-23T22:04:45.000Z,2026-09-23T22:06:05.000Z,80,0.333333333333333,1.66666666666667,0,0
2026-09-23T22:14:05.000Z,2026-09-23T22:14:45.000Z,40,8,9.33333333333333,0,0
2026-09-23T22:15:35.000Z,2026-09-23T22:16:45.000Z,70,0.833333333333333,1.5,0,0
2026-09-23T22:20:05.000Z,2026-09-23T22:21:35.000Z,90,3.33333333333333,4.5,0,0
2026-09-23T22:21:45.000Z,2026-09-23T22:23:25.000Z,100,0.166666666666667,1.66666666666667,0,0
2026-09-23T22:32:55.000Z,2026-09-23T22:33:35.000Z,40,9.5,11.1666666666667,0,0
2026-09-23T22:37:05.000Z,2026-09-23T22:40:35.000Z,210,3.5,4.16666666666667,0,0
2026-09-23T22:44:05.000Z,2026-09-23T22:44:25.000Z,20,3.5,7,0,0
2026-09-23T22:54:05.000Z,2026-09-23T22:57:35.000Z,210,9.66666666666667,10,0,0
2026-09-23T23:00:55.000Z,2026-09-23T23:01:45.000Z,50,3.33333333333333,6.83333333333333,0,0
2026-09-23T23:11:15.000Z,2026-09-23T23:12:55.000Z,100,9.5,10.3333333333333,0,0
2026-09-23T23:13:05.000Z,2026-09-23T23:14:35.000Z,90,0.166666666666667,1.83333333333333,0,0
2026-09-23T23:17:55.000Z,2026-09-23T23:19:05.000Z,70,3.33333333333333,4.83333333333333,0,0
2026-09-23T23:19:35.000Z,2026-09-23T23:20:45.000Z,70,0.5,1.66666666666667,0,0
2026-09-23T23:28:45.000Z,2026-09-23T23:29:45.000Z,60,8,9.16666666666667,0,0
2026-09-23T23:30:15.000Z,2026-09-23T23:31:35.000Z,80,0.5,1.5,0,0
2026-09-23T23:34:45.000Z,2026-09-23T23:38:05.000Z,200,3.16666666666667,4.5,0,0
2026-09-23T23:47:45.000Z,2026-09-23T23:48:25.000Z,40,9.66666666666667,13,0,0
2026-09-23T23:51:55.000Z,2026-09-23T23:55:15.000Z,200,3.5,4.16666666666667,0,0
2026-09-24T00:08:55.000Z,2026-09-24T00:12:25.000Z,210,13.6666666666667,17,0,0
2026-09-24T00:15:45.000Z,2026-09-24T00:16:35.000Z,50,3.33333333333333,6.83333333333333,0,0
2026-09-24T00:26:05.000Z,2026-09-24T00:29:25.000Z,200,9.5,10.3333333333333,0,0
2026-09-24T00:32:35.000Z,2026-09-24T00:33:55.000Z,80,3.16666666666667,6.5,0,0
2026-09-24T00:34:35.000Z,2026-09-24T00:35:25.000Z,50,0.666666666666667,2,0,0
2026-09-24T00:43:25.000Z,2026-09-24T00:44:35.000Z,70,8,8.83333333333333,0,0
2026-09-24T00:45:05.000Z,2026-09-24T00:46:25.000Z,80,0.5,1.66666666666667,0,0
2026-09-24T00:49:35.000Z,2026-09-24T00:51:05.000Z,90,3.16666666666667,4.5,0,0
2026-09-24T00:51:15.000Z,2026-09-24T00:52:55.000Z,100,0.166666666666667,1.66666666666667,0,0
2026-09-24T01:02:25.000Z,2026-09-24T01:03:15.000Z,50,9.5,11.1666666666667,0,0
2026-09-24T01:06:35.000Z,2026-09-24T01:10:05.000Z,210,3.33333333333333,4.16666666666667,0,0
2026-09-24T01:19:55.000Z,2026-09-24T01:20:05.000Z,10,9.83333333333333,13.3333333333333,0,0
2026-09-24T01:23:45.000Z,2026-09-24T01:27:05.000Z,200,3.66666666666667,3.83333333333333,0,0
2026-09-24T01:30:35.000Z,2026-09-24T01:31:15.000Z,40,3.5,6.83333333333333,0,0
2026-09-24T01:40:45.000Z,2026-09-24T01:44:15.000Z,210,9.5,10.1666666666667,0,0
2026-09-24T01:47:25.000Z,2026-09-24T01:48:35.000Z,70,3.16666666666667,6.66666666666667,0,0
2026-09-24T01:49:25.000Z,2026-09-24T01:50:05.000Z,40,0.833333333333333,2,0,0
2026-09-24T01:58:05.000Z,2026-09-24T01:59:25.000Z,80,8,8.66666666666667,0,0
2026-09-24T01:59:45.000Z,2026-09-24T02:01:05.000Z,80,0.333333333333333,1.66666666666667,0,0
2026-09-24T02:04:25.000Z,2026-09-24T02:05:55.000Z,90,3.33333333333333,4.66666666666667,0,0
2026-09-24T02:06:05.000Z,2026-09-24T02:07:35.000Z,90,0.166666666666667,1.66666666666667,0,0
2026-09-24T02:17:05.000Z,2026-09-24T02:18:05.000Z,60,9.5,11,0,0
2026-09-24T02:21:25.000Z,2026-09-24T02:24:45.000Z,200,3.33333333333333,4.33333333333333,0,0
2026-09-24T02:34:25.000Z,2026-09-24T02:34:55.000Z,30,9.66666666666667,13,0,0
2026-09-24T02:38:25.000Z,2026-09-24T02:41:55.000Z,210,3.5,4,0,0
2026-09-24T02:45:25.000Z,2026-09-24T02:45:55.000Z,30,3.5,7,0,0
2026-09-24T02:55:35.000Z,2026-09-24T02:58:55.000Z,200,9.66666666666667,10.1666666666667,0,0
2026-09-24T03:02:15.000Z,2026-09-24T03:03:15.000Z,60,3.33333333333333,6.66666666666667,0,0
2026-09-24T03:12:45.000Z,2026-09-24T03:14:15.000Z,90,9.5,10.5,0,0
2026-09-24T03:14:35.000Z,2026-09-24T03:15:55.000Z,80,0.333333333333333,1.83333333333333,0,0
2026-09-24T03:19:15.000Z,2026-09-24T03:20:35.000Z,80,3.33333333333333,4.66666666666667,0,0
2026-09-24T03:20:55.000Z,2026-09-24T03:22:15.000Z,80,0.333333333333333,1.66666666666667,0,0
2026-09-24T03:30:25.000Z,2026-09-24T03:30:45.000Z,20,8.16666666666667,9.5,0,0
2026-09-24T03:31:45.000Z,2026-09-24T03:32:55.000Z,70,1,1.33333333333333,0,0
2026-09-24T03:36:15.000Z,2026-09-24T03:39:35.000Z,200,3.33333333333333,4.5,0,0
2026-09-24T03:49:15.000Z,2026-09-24T03:49:45.000Z,30,9.66666666666667,13,0,0
2026-09-24T03:53:15.000Z,2026-09-24T03:56:45.000Z,210,3.5,4,0,0
2026-09-24T04:00:15.000Z,2026-09-24T04:00:35.000Z,20,3.5,7,0,0
2026-09-24T04:10:15.000Z,2026-09-24T04:13:45.000Z,210,9.66666666666667,10,0,0
2026-09-24T04:17:05.000Z,2026-09-24T04:18:05.000Z,60,3.33333333333333,6.83333333333333,0,0
2026-09-24T04:27:35.000Z,2026-09-24T04:29:05.000Z,90,9.5,10.5,0,0
2026-09-24T04:29:15.000Z,2026-09-24T04:30:45.000Z,90,0.166666666666667,1.66666666666667,0,0
2026-09-24T04:33:55.000Z,2026-09-24T04:35:15.000Z,80,3.16666666666667,4.66666666666667,0,0
2026-09-24T04:35:45.000Z,2026-09-24T04:37:05.000Z,80,0.5,1.83333333333333,0,0
2026-09-24T04:44:55.000Z,2026-09-24T04:45:45.000Z,50,7.83333333333333,9.16666666666667,0,0
2026-09-24T04:46:35.000Z,2026-09-24T04:47:45.000Z,70,0.833333333333333,1.66666666666667,0,0
2026-09-24T04:50:55.000Z,2026-09-24T04:54:15.000Z,200,3.16666666666667,4.33333333333333,0,0
2026-09-24T05:03:55.000Z,2026-09-24T05:04:35.000Z,40,9.66666666666667,13,0,0
2026-09-24T05:07:55.000Z,2026-09-24T05:11:25.000Z,210,3.33333333333333,4,0,0
2026-09-24T05:15:05.000Z,2026-09-24T05:15:15.000Z,10,3.66666666666667,7.16666666666667,0,0
2026-09-24T05:25:05.000Z,2026-09-24T05:28:35.000Z,210,9.83333333333333,10,0,0
2026-09-24T05:31:55.000Z,2026-09-24T05:32:45.000Z,50,3.33333333333333,6.83333333333333,0,0
2026-09-24T05:42:15.000Z,2026-09-24T05:45:35.000Z,200,9.5,10.3333333333333,0,0
2026-09-24T05:48:45.000Z,2026-09-24T05:50:05.000Z,80,3.16666666666667,6.5,0,0
2026-09-24T05:50:35.000Z,2026-09-24T05:51:45.000Z,70,0.5,1.83333333333333,0,0
2026-09-24T05:59:35.000Z,2026-09-24T06:00:35.000Z,60,7.83333333333333,9,0,0
2026-09-24T06:01:15.000Z,2026-09-24T06:02:35.000Z,80,0.666666666666667,1.66666666666667,0,0
2026-09-24T06:05:45.000Z,2026-09-24T06:07:15.000Z,90,3.16666666666667,4.5,0,0
2026-09-24T06:07:25.000Z,2026-09-24T06:09:05.000Z,100,0.166666666666667,1.66666666666667,0,0
2026-09-24T06:18:35.000Z,2026-09-24T06:19:25.000Z,50,9.5,11.1666666666667,0,0
2026-09-24T06:22:45.000Z,2026-09-24T06:26:15.000Z,210,3.33333333333333,4.16666666666667,0,0
2026-09-24T06:39:55.000Z,2026-09-24T06:43:15.000Z,200,13.6666666666667,17.1666666666667,0,0
2026-09-24T06:46:45.000Z,2026-09-24T06:47:25.000Z,40,3.5,6.83333333333333,0,0
2026-09-24T06:56:55.000Z,2026-09-24T07:00:15.000Z,200,9.5,10.1666666666667,0,0
2026-09-24T07:03:35.000Z,2026-09-24T07:04:45.000Z,70,3.33333333333333,6.66666666666667,0,0
2026-09-24T07:05:25.000Z,2026-09-24T07:06:25.000Z,60,0.666666666666667,1.83333333333333,0,0
2026-09-24T07:14:15.000Z,2026-09-24T07:15:35.000Z,80,7.83333333333333,8.83333333333333,0,0
2026-09-24T07:15:55.000Z,2026-09-24T07:17:15.000Z,80,0.333333333333333,1.66666666666667,0,0
2026-09-24T07:20:35.000Z,2026-09-24T07:22:05.000Z,90,3.33333333333333,4.66666666666667,0,0
2026-09-24T07:22:15.000Z,2026-09-24T07:23:45.000Z,90,0.166666666666667,1.66666666666667,0,0
2026-09-24T07:33:15.000Z,2026-09-24T07:34:15.000Z,60,9.5,11,0,0
2026-09-24T07:37:35.000Z,2026-09-24T07:40:55.000Z,200,3.33333333333333,4.33333333333333,0,0
2026-09-24T07:50:45.000Z,2026-09-24T07:51:05.000Z,20,9.83333333333333,13.1666666666667,0,0
2026-09-24T07:54:35.000Z,2026-09-24T07:58:05.000Z,210,3.5,3.83333333333333,0,0
2026-09-24T08:01:25.000Z,2026-09-24T08:02:05.000Z,40,3.33333333333333,6.83333333333333,0,0
2026-09-24T08:11:45.000Z,2026-09-24T08:15:05.000Z,200,9.66666666666667,10.3333333333333,0,0
2026-09-24T08:18:25.000Z,2026-09-24T08:19:35.000Z,70,3.33333333333333,6.66666666666667,0,0
2026-09-24T08:20:25.000Z,2026-09-24T08:20:55.000Z,30,0.833333333333333,2,0,0
2026-09-24T08:29:05.000Z,2026-09-24T08:30:25.000Z,80,8.16666666666667,8.66666666666667,0,0
2026-09-24T08:30:45.000Z,2026-09-24T08:32:05.000Z,80,0.333333333333333,1.66666666666667,0,0
2026-09-24T08:35:25.000Z,2026-09-24T08:36:45.000Z,80,3.33333333333333,4.66666666666667,0,0
2026-09-24T08:37:05.000Z,2026-09-24T08:38:35.000Z,90,0.333333333333333,1.66666666666667,0,0
2026-09-24T08:48:05.000Z,2026-09-24T08:49:05.000Z,60,9.5,11,0,0
2026-09-24T08:52:25.000Z,2026-09-24T08:55:45.000Z,200,3.33333333333333,4.33333333333333,0,0
2026-09-24T09:05:25.000Z,2026-09-24T09:05:55.000Z,30,9.66666666666667,13,0,0
2026-09-24T09:09:25.000Z,2026-09-24T09:12:55.000Z,210,3.5,4,0,0
2026-09-24T09:16:15.000Z,2026-09-24T09:16:55.000Z,40,3.33333333333333,6.83333333333333,0,0
2026-09-24T09:26:25.000Z,2026-09-24T09:29:55.000Z,210,9.5,10.1666666666667,0,0
2026-09-24T09:33:15.000Z,2026-09-24T09:34:15.000Z,60,3.33333333333333,6.83333333333333,0,0
2026-09-24T09:43:45.000Z,2026-09-24T09:45:15.000Z,90,9.5,10.5,0,0
2026-09-24T09:45:25.000Z,2026-09-24T09:46:55.000Z,90,0.166666666666667,1.66666666666667,0,0
2026-09-24T09:50:05.000Z,2026-09-24T09:51:35.000Z,90,3.16666666666667,4.66666666666667,0,0
2026-09-24T09:51:55.000Z,2026-09-24T09:53:15.000Z,80,0.333333333333333,1.83333333333333,0,0
2026-09-24T10:01:15.000Z,2026-09-24T10:01:45.000Z,30,8,9.33333333333333,0,0
2026-09-24T10:02:45.000Z,2026-09-24T10:03:55.000Z,70,1,1.5,0,0
2026-09-24T10:07:05.000Z,2026-09-24T10:10:25.000Z,200,3.16666666666667,4.33333333333333,0,0
2026-09-24T10:20:05.000Z,2026-09-24T10:20:45.000Z,40,9.66666666666667,13,0,0
2026-09-24T10:24:05.000Z,2026-09-24T10:27:35.000Z,210,3.33333333333333,4,0,0
2026-09-24T10:31:05.000Z,2026-09-24T10:31:35.000Z,30,3.5,7,0,0
2026-09-24T10:41:15.000Z,2026-09-24T10:44:45.000Z,210,9.66666666666667,10.1666666666667,0,0
2026-09-24T10:47:55.000Z,2026-09-24T10:48:55.000Z,60,3.16666666666667,6.66666666666667,0,0
2026-09-24T10:58:25.000Z,2026-09-24T11:00:05.000Z,100,9.5,10.5,0,0
2026-09-24T11:00:15.000Z,2026-09-24T11:01:45.000Z,90,0.166666666666667,1.83333333333333,0,0
2026-09-24T11:04:55.000Z,2026-09-24T11:06:15.000Z,80,3.16666666666667,4.66666666666667,0,0
2026-09-24T11:06:45.000Z,2026-09-24T11:07:55.000Z,70,0.5,1.83333333333333,0,0
2026-09-24T11:15:55.000Z,2026-09-24T11:16:45.000Z,50,8,9.16666666666667,0,0
2026-09-24T11:17:25.000Z,2026-09-24T11:18:35.000Z,70,0.666666666666667,1.5,0,0
2026-09-24T11:21:55.000Z,2026-09-24T11:25:15.000Z,200,3.33333333333333,4.5,0,0
2026-09-24T11:34:45.000Z,2026-09-24T11:35:35.000Z,50,9.5,12.8333333333333,0,0
2026-09-24T11:38:55.000Z,2026-09-24T11:42:25.000Z,210,3.33333333333333,4.16666666666667,0,0
2026-09-24T11:56:05.000Z,2026-09-24T11:59:25.000Z,200,13.6666666666667,17.1666666666667,0,0
2026-09-24T12:02:45.000Z,2026-09-24T12:03:35.000Z,50,3.33333333333333,6.66666666666667,0,0
2026-09-24T12:13:15.000Z,2026-09-24T12:14:45.000Z,90,9.66666666666667,10.5,0,0
2026-09-24T12:14:55.000Z,2026-09-24T12:16:25.000Z,90,0.166666666666667,1.66666666666667,0,0
2026-09-24T12:19:45.000Z,2026-09-24T12:20:55.000Z,70,3.33333333333333,4.83333333333333,0,0
2026-09-24T12:21:35.000Z,2026-09-24T12:22:35.000Z,60,0.666666666666667,1.83333333333333,0,0
2026-09-24T12:30:35.000Z,2026-09-24T12:31:35.000Z,60,8,9,0,0
2026-09-24T12:32:15.000Z,2026-09-24T12:33:25.000Z,70,0.666666666666667,1.66666666666667,0,0
2026-09-24T12:36:45.000Z,2026-09-24T12:38:15.000Z,90,3.33333333333333,4.5,0,0
2026-09-24T12:38:25.000Z,2026-09-24T12:39:55.000Z,90,0.166666666666667,1.66666666666667,0,0
2026-09-24T12:49:35.000Z,2026-09-24T12:50:25.000Z,50,9.66666666666667,11.1666666666667,0,0
2026-09-24T12:53:45.000Z,2026-09-24T12:57:05.000Z,200,3.33333333333333,4.16666666666667,0,0
2026-09-24T13:10:45.000Z,2026-09-24T13:14:15.000Z,210,13.6666666666667,17,0,0
2026-09-24T13:17:35.000Z,2026-09-24T13:18:25.000Z,50,3.33333333333333,6.83333333333333,0,0
2026-09-24T13:27:55.000Z,2026-09-24T13:31:15.000Z,200,9.5,10.3333333333333,0,0
2026-09-24T13:34:35.000Z,2026-09-24T13:35:45.000Z,70,3.33333333333333,6.66666666666667,0,0
2026-09-24T13:36:25.000Z,2026-09-24T13:37:15.000Z,50,0.666666666666667,1.83333333333333,0,0
2026-09-24T13:45:15.000Z,2026-09-24T13:46:25.000Z,70,8,8.83333333333333,0,0
2026-09-24T13:46:55.000Z,2026-09-24T13:48:15.000Z,80,0.5,1.66666666666667,0,0
2026-09-24T13:51:25.000Z,2026-09-24T13:52:55.000Z,90,3.16666666666667,4.5,0,0
2026-09-24T13:53:05.000Z,2026-09-24T13:54:45.000Z,100,0.166666666666667,1.66666666666667,0,0
2026-09-24T14:04:15.000Z,2026-09-24T14:05:15.000Z,60,9.5,11.1666666666667,0,0
2026-09-24T14:08:25.000Z,2026-09-24T14:11:55.000Z,210,3.16666666666667,4.16666666666667,0,0
2026-09-24T14:21:35.000Z,2026-09-24T14:22:05.000Z,30,9.66666666666667,13.1666666666667,0,0
2026-09-24T14:25:35.000Z,2026-09-24T14:29:05.000Z,210,3.5,4,0,0
2026-09-24T14:32:25.000Z,2026-09-24T14:33:05.000Z,40,3.33333333333333,6.83333333333333,0,0
2026-09-24T14:42:45.000Z,2026-09-24T14:46:05.000Z,200,9.66666666666667,10.3333333333333,0,0
2026-09-24T14:49:15.000Z,2026-09-24T14:50:25.000Z,70,3.16666666666667,6.5,0,0
2026-09-24T14:51:25.000Z,2026-09-24T14:51:55.000Z,30,1,2.16666666666667,0,0
2026-09-24T14:59:55.000Z,2026-09-24T15:01:15.000Z,80,8,8.5,0,0
2026-09-24T15:01:35.000Z,2026-09-24T15:03:05.000Z,90,0.333333333333333,1.66666666666667,0,0
2026-09-24T15:06:15.000Z,2026-09-24T15:07:45.000Z,90,3.16666666666667,4.66666666666667,0,0
2026-09-24T15:07:55.000Z,2026-09-24T15:09:25.000Z,90,0.166666666666667,1.66666666666667,0,0
2026-09-24T15:18:55.000Z,2026-09-24T15:19:55.000Z,60,9.5,11,0,0
2026-09-24T15:23:15.000Z,2026-09-24T15:26:45.000Z,210,3.33333333333333,4.33333333333333,0,0
2026-09-24T15:36:15.000Z,2026-09-24T15:36:55.000Z,40,9.5,13,0,0
2026-09-24T15:40:15.000Z,2026-09-24T15:43:45.000Z,210,3.33333333333333,4,0,0
2026-09-24T15:47:15.000Z,2026-09-24T15:47:45.000Z,30,3.5,7,0,0
2026-09-24T15:57:25.000Z,2026-09-24T16:00:55.000Z,210,9.66666666666667,10.1666666666667,0,0
2026-09-24T16:04:05.000Z,2026-09-24T16:05:05.000Z,60,3.16666666666667,6.66666666666667,0,0
2026-09-24T16:14:35.000Z,2026-09-24T16:16:05.000Z,90,9.5,10.5,0,0
2026-09-24T16:16:25.000Z,2026-09-24T16:17:55.000Z,90,0.333333333333333,1.83333333333333,0,0
2026-09-24T16:21:05.000Z,2026-09-24T16:22:25.000Z,80,3.16666666666667,4.66666666666667,0,0
2026-09-24T16:22:45.000Z,2026-09-24T16:24:05.000Z,80,0.333333333333333,1.66666666666667,0,0
2026-09-24T16:32:05.000Z,2026-09-24T16:32:45.000Z,40,8,9.33333333333333,0,0
2026-09-24T16:33:35.000Z,2026-09-24T16:34:45.000Z,70,0.833333333333333,1.5,0,0
2026-09-24T16:38:05.000Z,2026-09-24T16:41:25.000Z,200,3.33333333333333,4.5,0,0
2026-09-24T16:51:05.000Z,2026-09-24T16:51:45.000Z,40,9.66666666666667,13,0,0
2026-09-24T16:55:05.000Z,2026-09-24T16:58:35.000Z,210,3.33333333333333,4,0,0
2026-09-24T17:02:05.000Z,2026-09-24T17:02:25.000Z,20,3.5,7,0,0
2026-09-24T17:12:15.000Z,2026-09-24T17:15:35.000Z,200,9.83333333333333,10.1666666666667,0,0
2026-09-24T17:18:55.000Z,2026-09-24T17:19:55.000Z,60,3.33333333333333,6.66666666666667,0,0
2026-09-24T17:29:25.000Z,2026-09-24T17:30:55.000Z,90,9.5,10.5,0,0
2026-09-24T17:31:05.000Z,2026-09-24T17:32:35.000Z,90,0.166666666666667,1.66666666666667,0,0
2026-09-24T17:35:55.000Z,2026-09-24T17:37:15.000Z,80,3.33333333333333,4.83333333333333,0,0
2026-09-24T17:37:35.000Z,2026-09-24T17:38:55.000Z,80,0.333333333333333,1.66666666666667,0,0
2026-09-24T17:46:45.000Z,2026-09-24T17:47:45.000Z,60,7.83333333333333,9.16666666666667,0,0
2026-09-24T17:48:25.000Z,2026-09-24T17:49:35.000Z,70,0.666666666666667,1.66666666666667,0,0
2026-09-24T17:52:55.000Z,2026-09-24T17:54:25.000Z,90,3.33333333333333,4.5,0,0
2026-09-24T17:54:35.000Z,2026-09-24T17:56:15.000Z,100,0.166666666666667,1.66666666666667,0,0
2026-09-24T18:05:45.000Z,2026-09-24T18:06:35.000Z,50,9.5,11.1666666666667,0,0
2026-09-24T18:09:55.000Z,2026-09-24T18:13:15.000Z,200,3.33333333333333,4.16666666666667,0,0
2026-09-24T18:26:55.000Z,2026-09-24T18:30:25.000Z,210,13.6666666666667,17,0,0
2026-09-24T18:33:45.000Z,2026-09-24T18:34:35.000Z,50,3.33333333333333,6.83333333333333,0,0
2026-09-24T18:44:05.000Z,2026-09-24T18:45:45.000Z,100,9.5,10.3333333333333,0,0
2026-09-24T18:45:55.000Z,2026-09-24T18:47:25.000Z,90,0.166666666666667,1.83333333333333,0,0
2026-09-24T18:50:45.000Z,2026-09-24T18:51:55.000Z,70,3.33333333333333,4.83333333333333,0,0
2026-09-24T18:52:35.000Z,2026-09-24T18:53:35.000Z,60,0.666666666666667,1.83333333333333,0,0
2026-09-24T19:01:25.000Z,2026-09-24T19:02:35.000Z,70,7.83333333333333,8.83333333333333,0,0
2026-09-24T19:03:05.000Z,2026-09-24T19:04:25.000Z,80,0.5,1.66666666666667,0,0
2026-09-24T19:07:35.000Z,2026-09-24T19:10:55.000Z,200,3.16666666666667,4.5,0,0
2026-09-24T19:20:25.000Z,2026-09-24T19:21:15.000Z,50,9.5,12.8333333333333,0,0
2026-09-24T19:24:35.000Z,2026-09-24T19:28:05.000Z,210,3.33333333333333,4.16666666666667,0,0
2026-09-24T19:37:55.000Z,2026-09-24T19:38:05.000Z,10,9.83333333333333,13.3333333333333,0,0
2026-09-24T19:41:45.000Z,2026-09-24T19:45:15.000Z,210,3.66666666666667,3.83333333333333,0,0
2026-09-24T19:48:35.000Z,2026-09-24T19:49:15.000Z,40,3.33333333333333,6.83333333333333,0,0
2026-09-24T19:58:55.000Z,2026-09-24T20:02:15.000Z,200,9.66666666666667,10.3333333333333,0,0
2026-09-24T20:05:25.000Z,2026-09-24T20:06:35.000Z,70,3.16666666666667,6.5,0,0
2026-09-24T20:07:25.000Z,2026-09-24T20:08:15.000Z,50,0.833333333333333,2,0,0
2026-09-24T20:16:05.000Z,2026-09-24T20:17:25.000Z,80,7.83333333333333,8.66666666666667,0,0
2026-09-24T20:17:55.000Z,2026-09-24T20:19:15.000Z,80,0.5,1.83333333333333,0,0
2026-09-24T20:22:25.000Z,2026-09-24T20:23:55.000Z,90,3.16666666666667,4.5,0,0
2026-09-24T20:24:05.000Z,2026-09-24T20:25:35.000Z,90,0.166666666666667,1.66666666666667,0,0
2026-09-24T20:35:05.000Z,2026-09-24T20:36:05.000Z,60,9.5,11,0,0
2026-09-24T20:39:25.000Z,2026-09-24T20:42:55.000Z,210,3.33333333333333,4.33333333333333,0,0
2026-09-24T20:52:35.000Z,2026-09-24T20:52:55.000Z,20,9.66666666666667,13.1666666666667,0,0
2026-09-24T20:56:25.000Z,2026-09-24T20:59:55.000Z,210,3.5,3.83333333333333,0,0
2026-09-24T21:03:25.000Z,2026-09-24T21:03:55.000Z,30,3.5,7,0,0
2026-09-24T21:13:35.000Z,2026-09-24T21:16:55.000Z,200,9.66666666666667,10.1666666666667,0,0
2026-09-24T21:20:15.000Z,2026-09-24T21:21:25.000Z,70,3.33333333333333,6.66666666666667,0,0
2026-09-24T21:22:25.000Z,2026-09-24T21:22:45.000Z,20,1,2.16666666666667,0,0
2026-09-24T21:30:55.000Z,2026-09-24T21:32:15.000Z,80,8.16666666666667,8.5,0,0
2026-09-24T21:32:35.000Z,2026-09-24T21:33:55.000Z,80,0.333333333333333,1.66666666666667,0,0
2026-09-24T21:37:15.000Z,2026-09-24T21:38:35.000Z,80,3.33333333333333,4.66666666666667,0,0
2026-09-24T21:38:55.000Z,2026-09-24T21:40:25.000Z,90,0.333333333333333,1.66666666666667,0,0
2026-09-24T21:49:55.000Z,2026-09-24T21:50:55.000Z,60,9.5,11,0,0
2026-09-24T21:54:15.000Z,2026-09-24T21:57:35.000Z,200,3.33333333333333,4.33333333333333,0,0
2026-09-24T22:07:15.000Z,2026-09-24T22:07:45.000Z,30,9.66666666666667,13,0,0
2026-09-24T22:11:15.000Z,2026-09-24T22:14:45.000Z,210,3.5,4,0,0
2026-09-24T22:18:15.000Z,2026-09-24T22:18:35.000Z,20,3.5,7,0,0
2026-09-24T22:28:25.000Z,2026-09-24T22:31:45.000Z,200,9.83333333333333,10.1666666666667,0,0
2026-09-24T22:35:05.000Z,2026-09-24T22:36:05.000Z,60,3.33333333333333,6.66666666666667,0,0
2026-09-24T22:45:35.000Z,2026-09-24T22:47:05.000Z,90,9.5,10.5,0,0
2026-09-24T22:47:15.000Z,2026-09-24T22:48:45.000Z,90,0.166666666666667,1.66666666666667,0,0
2026-09-24T22:52:05.000Z,2026-09-24T22:53:25.000Z,80,3.33333333333333,4.83333333333333,0,0
2026-09-24T22:53:45.000Z,2026-09-24T22:55:05.000Z,80,0.333333333333333,1.66666666666667,0,0
2026-09-24T23:03:05.000Z,2026-09-24T23:03:45.000Z,40,8,9.33333333333333,0,0
2026-09-24T23:04:35.000Z,2026-09-24T23:05:45.000Z,70,0.833333333333333,1.5,0,0
2026-09-24T23:09:05.000Z,2026-09-24T23:12:25.000Z,200,3.33333333333333,4.5,0,0
2026-09-24T23:21:55.000Z,2026-09-24T23:22:35.000Z,40,9.5,12.8333333333333,0,0
2026-09-24T23:26:05.000Z,2026-09-24T23:29:25.000Z,200,3.5,4.16666666666667,0,0
2026-09-24T23:33:05.000Z,2026-09-24T23:33:15.000Z,10,3.66666666666667,7,0,0
2026-09-24T23:43:05.000Z,2026-09-24T23:46:35.000Z,210,9.83333333333333,10,0,0
2026-09-24T23:49:55.000Z,2026-09-24T23:50:45.000Z,50,3.33333333333333,6.83333333333333,0,0
